#,Customer Name,Branch,Zone,September,October,November
158,,Dayniile,Gubta 1,20,15,13
319,,Dayniile,Gubta 1,11,12,15
740,,Dayniile,Gubta 1,2,2,1
741,,Dayniile,Gubta 1,6,5,6
742,,Dayniile,Gubta 1,3,3,3
743,,Dayniile,Gubta 1,2,3,3
744,,Dayniile,Gubta 1,7,7,8
745,,Dayniile,Gubta 1,19,15,16
746,,Dayniile,Gubta 1,6,7,7
747,,Dayniile,Gubta 1,5,5,4
748,,Dayniile,Gubta 1,7,8,7
749,,Dayniile,Gubta 1,11,11,11
750,,Dayniile,Gubta 1,16,15,13
751,,Dayniile,Gubta 1,3,0,0
752,,Dayniile,Gubta 1,14,13,13
753,,Dayniile,Gubta 1,9,9,9
754,,Dayniile,Gubta 1,9,5,10
755,,Dayniile,Gubta 1,12,10,11
756,,Dayniile,Gubta 1,5,5,5
757,,Dayniile,Gubta 1,3,2,4
758,,Dayniile,Gubta 1,3,4,3
759,,Dayniile,Gubta 1,4,4,4
760,,Dayniile,Gubta 1,3,3,5
761,,Dayniile,Gubta 1,2,6,2
762,,Dayniile,Gubta 1,0,0,0
763,,Dayniile,Gubta 1,8,9,10
764,,Dayniile,Gubta 1,8,8,7
765,,Dayniile,Gubta 1,9,11,4
766,,Dayniile,Gubta 1,12,10,11
767,,Dayniile,Gubta 1,18,4,0
768,,Dayniile,Gubta 1,6,5,6
769,,Dayniile,Gubta 1,2,1,2
770,,Dayniile,Gubta 1,15,13,7
771,,Dayniile,Gubta 1,8,4,2
772,,Dayniile,Gubta 1,6,6,6
773,,Dayniile,Gubta 1,3,3,3
774,,Dayniile,Gubta 1,2,2,2
775,,Dayniile,Gubta 1,18,16,23
776,,Dayniile,Gubta 1,7,6,7
777,,Dayniile,Gubta 1,2,2,3
778,,Dayniile,Gubta 1,2,2,2
779,,Dayniile,Gubta 1,4,3,4
780,,Dayniile,Gubta 1,5,6,5
781,,Dayniile,Gubta 1,4,6,6
782,,Dayniile,Gubta 1,8,7,8
783,,Dayniile,Gubta 1,5,6,5
784,,Dayniile,Gubta 1,18,14,16
785,,Dayniile,Gubta 1,3,2,5
786,,Dayniile,Gubta 1,7,5,7
787,,Dayniile,Gubta 1,20,17,19
788,,Dayniile,Gubta 1,18,17,18
789,,Dayniile,Gubta 1,2,3,3
790,,Dayniile,Gubta 1,3,3,2
791,,Dayniile,Gubta 1,4,2,5
792,,Dayniile,Gubta 1,8,6,6
793,,Dayniile,Gubta 1,12,16,24
794,,Dayniile,Gubta 1,5,5,7
795,,Dayniile,Gubta 1,6,4,6
796,,Dayniile,Gubta 1,1,1,2
797,,Dayniile,Gubta 1,4,3,4
798,,Dayniile,Gubta 1,3,3,3
799,,Dayniile,Gubta 1,3,3,4
800,,Dayniile,Gubta 1,4,5,3
801,,Dayniile,Gubta 1,7,7,8
802,,Dayniile,Gubta 1,3,3,4
803,,Dayniile,Gubta 1,4,7,0
804,,Dayniile,Gubta 1,14,10,13
805,,Dayniile,Gubta 1,13,10,16
806,,Dayniile,Gubta 1,6,5,3
807,,Dayniile,Gubta 1,3,4,6
808,,Dayniile,Gubta 1,5,5,6
809,,Dayniile,Gubta 1,5,9,10
810,,Dayniile,Gubta 1,5,5,5
811,,Dayniile,Gubta 1,26,26,29
812,,Dayniile,Gubta 1,8,9,12
813,,Dayniile,Gubta 1,10,9,12
814,,Dayniile,Gubta 1,2,1,4
815,,Dayniile,Gubta 1,4,2,4
816,,Dayniile,Gubta 1,7,4,6
817,,Dayniile,Gubta 1,4,3,3
818,,Dayniile,Gubta 1,1,2,1
819,,Dayniile,Gubta 1,16,16,12
820,,Dayniile,Gubta 1,15,13,12
821,,Dayniile,Gubta 1,6,5,4
822,,Dayniile,Gubta 1,10,10,13
823,,Dayniile,Gubta 1,7,5,8
824,,Dayniile,Gubta 1,13,13,12
825,,Dayniile,Gubta 1,3,4,4
826,,Dayniile,Gubta 1,4,2,2
827,,Dayniile,Gubta 1,7,7,10
828,,Dayniile,Gubta 1,10,8,7
829,,Dayniile,Gubta 1,4,4,5
830,,Dayniile,Gubta 1,8,5,9
831,,Dayniile,Gubta 1,5,9,6
832,,Dayniile,Gubta 1,3,3,4
833,,Dayniile,Gubta 1,5,5,5
834,,Dayniile,Gubta 1,3,0,2
835,,Dayniile,Gubta 1,8,9,8
836,,Dayniile,Gubta 1,1,1,1
837,,Dayniile,Gubta 1,9,5,7
838,,Dayniile,Gubta 1,1,2,1
839,,Dayniile,Gubta 1,5,6,4
840,,Dayniile,Gubta 1,11,7,8
841,,Dayniile,Gubta 1,2,3,2
842,,Dayniile,Gubta 1,29,28,31
843,,Dayniile,Gubta 1,9,8,9
844,,Dayniile,Gubta 1,4,4,3
845,,Dayniile,Gubta 1,2,2,3
846,,Dayniile,Gubta 1,2,2,4
847,,Dayniile,Gubta 1,2,4,2
848,,Dayniile,Gubta 1,1,3,2
849,,Dayniile,Gubta 1,5,4,5
850,,Dayniile,Gubta 1,10,10,11
851,,Dayniile,Gubta 1,5,6,5
852,,Dayniile,Gubta 1,8,7,9
853,,Dayniile,Gubta 1,5,6,7
854,,Dayniile,Gubta 1,3,4,3
855,,Dayniile,Gubta 1,20,21,23
856,,Dayniile,Gubta 1,9,9,10
857,,Dayniile,Gubta 1,7,8,5
858,,Dayniile,Gubta 1,12,9,2
859,,Dayniile,Gubta 1,6,5,6
860,,Dayniile,Gubta 1,4,4,7
861,,Dayniile,Gubta 1,13,3,4
862,,Dayniile,Gubta 1,1,2,2
863,,Dayniile,Gubta 1,8,9,9
864,,Dayniile,Gubta 1,1,2,1
865,,Dayniile,Gubta 1,1,4,6
866,,Dayniile,Gubta 1,3,5,4
867,,Dayniile,Gubta 1,2,1,2
868,,Dayniile,Gubta 1,6,7,9
869,,Dayniile,Gubta 1,4,3,4
870,,Dayniile,Gubta 1,4,2,1
871,,Dayniile,Gubta 1,2,3,4
872,,Dayniile,Gubta 1,5,4,4
873,,Dayniile,Gubta 1,1,4,5
874,,Dayniile,Gubta 1,9,8,7
875,,Dayniile,Gubta 1,3,5,3
876,,Dayniile,Gubta 1,4,4,2
877,,Dayniile,Gubta 1,26,22,32
878,,Dayniile,Gubta 1,8,8,7
879,,Dayniile,Gubta 1,5,4,5
880,,Dayniile,Gubta 1,23,22,25
881,,Dayniile,Gubta 1,7,6,6
882,,Dayniile,Gubta 1,2,1,3
883,,Dayniile,Gubta 1,5,6,4
884,,Dayniile,Gubta 1,3,2,3
885,,Dayniile,Gubta 1,1,5,5
886,,Dayniile,Gubta 1,7,12,1
887,,Dayniile,Gubta 1,6,7,5
888,,Dayniile,Gubta 1,4,7,7
889,,Dayniile,Gubta 1,8,7,6
890,,Dayniile,Gubta 1,5,5,5
891,,Dayniile,Gubta 1,13,12,14
892,,Dayniile,Gubta 1,4,5,5
893,,Dayniile,Gubta 1,5,3,5
894,,Dayniile,Gubta 1,8,7,10
895,,Dayniile,Gubta 1,5,3,4
896,,Dayniile,Gubta 1,22,25,21
897,,Dayniile,Gubta 1,3,2,2
898,,Dayniile,Gubta 1,3,1,1
899,,Dayniile,Gubta 1,1,1,1
900,,Dayniile,Gubta 1,3,3,4
901,,Dayniile,Gubta 1,3,2,1
902,,Dayniile,Gubta 1,2,3,2
903,,Dayniile,Gubta 1,2,5,6
904,,Dayniile,Gubta 1,6,11,10
905,,Dayniile,Gubta 1,6,1,3
906,,Dayniile,Gubta 1,6,6,6
907,,Dayniile,Gubta 1,4,3,4
908,,Dayniile,Gubta 1,2,3,3
909,,Dayniile,Gubta 1,3,2,3
910,,Dayniile,Gubta 1,3,5,4
911,,Dayniile,Gubta 1,6,8,4
912,,Dayniile,Gubta 1,1,3,3
913,,Dayniile,Gubta 1,2,3,2
914,,Dayniile,Gubta 1,1,1,1
915,,Dayniile,Gubta 1,3,4,3
916,,Dayniile,Gubta 1,6,5,6
917,,Dayniile,Gubta 1,9,9,7
918,,Dayniile,Gubta 1,8,7,8
919,,Dayniile,Gubta 1,2,2,4
920,,Dayniile,Gubta 1,7,12,14
921,,Dayniile,Gubta 1,22,19,18
922,,Dayniile,Gubta 1,12,11,12
923,,Dayniile,Gubta 1,10,8,9
924,,Dayniile,Gubta 1,5,3,5
925,,Dayniile,Gubta 1,5,6,6
926,,Dayniile,Gubta 1,10,8,9
927,,Dayniile,Gubta 1,3,3,5
928,,Dayniile,Gubta 1,4,4,6
929,,Dayniile,Gubta 1,6,6,5
930,,Dayniile,Gubta 1,4,7,5
931,,Dayniile,Gubta 1,9,6,6
932,,Dayniile,Gubta 1,7,6,5
933,,Dayniile,Gubta 1,3,5,5
934,,Dayniile,Gubta 1,5,5,2
935,,Dayniile,Gubta 1,3,4,4
936,,Dayniile,Gubta 1,3,2,3
937,,Dayniile,Gubta 1,1,1,2
938,,Dayniile,Gubta 1,1,1,1
939,,Dayniile,Gubta 1,4,4,4
940,,Dayniile,Gubta 1,7,5,3
941,,Dayniile,Gubta 1,6,6,6
942,,Dayniile,Gubta 1,5,4,3
943,,Dayniile,Gubta 1,7,6,6
944,,Dayniile,Gubta 1,10,11,12
945,,Dayniile,Gubta 1,14,14,15
946,,Dayniile,Gubta 1,13,14,13
947,,Dayniile,Gubta 1,4,7,8
948,,Dayniile,Gubta 1,2,6,4
949,,Dayniile,Gubta 1,5,4,5
950,,Dayniile,Gubta 1,3,3,3
951,,Dayniile,Gubta 1,5,4,4
952,,Dayniile,Gubta 1,3,4,4
953,,Dayniile,Gubta 1,5,5,7
954,,Dayniile,Gubta 1,13,13,11
955,,Dayniile,Gubta 1,5,5,5
956,,Dayniile,Gubta 1,4,5,4
957,,Dayniile,Gubta 1,10,10,9
958,,Dayniile,Gubta 1,11,11,14
959,,Dayniile,Gubta 1,4,6,6
960,,Dayniile,Gubta 1,9,10,11
961,,Dayniile,Gubta 1,4,3,3
962,,Dayniile,Gubta 1,8,9,6
963,,Dayniile,Gubta 1,19,20,23
964,,Dayniile,Gubta 1,2,4,4
965,,Dayniile,Gubta 1,1,1,1
966,,Dayniile,Gubta 1,8,13,17
967,,Dayniile,Gubta 1,15,20,18
968,,Dayniile,Gubta 1,4,5,6
969,,Dayniile,Gubta 1,2,10,7
970,,Dayniile,Gubta 1,17,27,19
971,,Dayniile,Gubta 1,6,7,6
972,,Dayniile,Gubta 1,8,7,8
973,,Dayniile,Gubta 1,10,8,7
974,,Dayniile,Gubta 1,9,10,9
975,,Dayniile,Gubta 1,11,11,11
976,,Dayniile,Gubta 1,4,6,6
977,,Dayniile,Gubta 1,26,24,27
978,,Dayniile,Gubta 1,9,7,7
979,,Dayniile,Gubta 1,9,10,11
980,,Dayniile,Gubta 1,5,6,6
981,,Dayniile,Gubta 1,7,5,4
982,,Dayniile,Gubta 1,6,10,12
983,,Dayniile,Gubta 1,8,8,9
984,,Dayniile,Gubta 1,4,5,5
985,,Dayniile,Gubta 1,3,4,3
986,,Dayniile,Gubta 1,11,9,8
987,,Dayniile,Gubta 1,14,15,17
988,,Dayniile,Gubta 1,16,13,14
989,,Dayniile,Gubta 1,10,7,8
990,,Dayniile,Gubta 1,3,3,4
991,,Dayniile,Gubta 1,10,2,9
992,,Dayniile,Gubta 1,2,0,0
993,,Dayniile,Gubta 1,6,7,6
994,,Dayniile,Gubta 1,32,33,34
995,,Dayniile,Gubta 1,14,16,17
996,,Dayniile,Gubta 1,3,5,5
997,,Dayniile,Gubta 1,11,10,11
998,,Dayniile,Gubta 1,4,5,3
999,,Dayniile,Gubta 1,13,11,7
1000,,Dayniile,Gubta 1,9,7,8
1001,,Dayniile,Gubta 1,11,14,9
1002,,Dayniile,Gubta 1,5,6,7
1003,,Dayniile,Gubta 1,4,3,4
1004,,Dayniile,Gubta 1,6,3,3
1005,,Dayniile,Gubta 1,4,3,3
1006,,Dayniile,Gubta 1,7,9,5
1007,,Dayniile,Gubta 1,5,6,7
1008,,Dayniile,Gubta 1,15,15,11
1009,,Dayniile,Gubta 1,22,22,27
1010,,Dayniile,Gubta 1,2,2,1
1011,,Dayniile,Gubta 1,7,5,6
1012,,Dayniile,Gubta 1,1,4,6
1013,,Dayniile,Gubta 1,16,18,18
1014,,Dayniile,Gubta 1,12,13,13
1015,,Dayniile,Gubta 1,15,15,18
1016,,Dayniile,Gubta 1,8,9,7
1017,,Dayniile,Gubta 1,1,3,4
1018,,Dayniile,Gubta 1,4,6,5
1019,,Dayniile,Gubta 1,2,2,2
1020,,Dayniile,Gubta 1,4,4,6
1021,,Dayniile,Gubta 1,5,5,5
1022,,Dayniile,Gubta 1,8,7,7
1023,,Dayniile,Gubta 1,2,1,1
1024,,Dayniile,Gubta 1,8,5,6
1025,,Dayniile,Gubta 1,3,7,2
1026,,Dayniile,Gubta 1,8,8,7
1027,,Dayniile,Gubta 1,9,5,7
1028,,Dayniile,Gubta 1,3,5,3
1029,,Dayniile,Gubta 1,4,3,1
1030,,Dayniile,Gubta 1,2,3,1
1031,,Dayniile,Gubta 1,3,5,3
1032,,Dayniile,Gubta 1,2,2,3
1033,,Dayniile,Gubta 1,15,18,17
1034,,Dayniile,Gubta 1,8,9,4
1035,,Dayniile,Gubta 1,3,2,3
1036,,Dayniile,Gubta 1,7,8,7
1037,,Dayniile,Gubta 1,3,4,4
1038,,Dayniile,Gubta 1,4,4,3
1039,,Dayniile,Gubta 1,16,43,25
1040,,Dayniile,Gubta 1,7,7,9
1041,,Dayniile,Gubta 1,15,12,13
1042,,Dayniile,Gubta 1,3,3,1
1043,,Dayniile,Gubta 1,17,16,16
1044,,Dayniile,Gubta 1,4,3,3
1045,,Dayniile,Gubta 1,4,4,3
1046,,Dayniile,Gubta 1,4,2,3
1047,,Dayniile,Gubta 1,8,12,14
1048,,Dayniile,Gubta 1,6,7,17
1049,,Dayniile,Gubta 1,3,5,5
1050,,Dayniile,Gubta 1,15,12,13
1051,,Dayniile,Gubta 1,5,9,4
1052,,Dayniile,Gubta 1,2,2,2
1053,,Dayniile,Gubta 1,4,5,4
1054,,Dayniile,Gubta 1,3,3,4
6368,,Dayniile,Gubta 1,8,8,9
6369,,Dayniile,Gubta 1,7,6,7
6370,,Dayniile,Gubta 1,9,2,7
6371,,Dayniile,Gubta 1,6,6,8
6372,,Dayniile,Gubta 1,6,6,6
6373,,Dayniile,Gubta 1,1,2,2
6374,,Dayniile,Gubta 1,4,3,3
6375,,Dayniile,Gubta 1,2,1,1
6376,,Dayniile,Gubta 1,17,13,18
6377,,Dayniile,Gubta 1,11,18,16
6378,,Dayniile,Gubta 1,2,2,2
6379,,Dayniile,Gubta 1,6,8,6
6380,,Dayniile,Gubta 1,10,11,11
6381,,Dayniile,Gubta 1,3,2,9
6382,,Dayniile,Gubta 1,5,3,3
6383,,Dayniile,Gubta 1,5,5,4
6384,,Dayniile,Gubta 1,9,9,9
6385,,Dayniile,Gubta 1,1,2,2
6386,,Dayniile,Gubta 1,8,9,7
6387,,Dayniile,Gubta 1,4,6,6
6388,,Dayniile,Gubta 1,6,6,8
6389,,Dayniile,Gubta 1,5,6,5
6390,,Dayniile,Gubta 1,8,7,6
6391,,Dayniile,Gubta 1,5,2,3
6392,,Dayniile,Gubta 1,5,7,7
6393,,Dayniile,Gubta 1,2,2,1
6394,,Dayniile,Gubta 1,10,9,7
6395,,Dayniile,Gubta 1,3,2,3
6396,,Dayniile,Gubta 1,11,15,17
6397,,Dayniile,Gubta 1,5,6,6
6398,,Dayniile,Gubta 1,14,10,11
6399,,Dayniile,Gubta 1,6,5,5
6400,,Dayniile,Gubta 1,9,7,4
6401,,Dayniile,Gubta 1,13,12,13
6402,,Dayniile,Gubta 1,2,2,3
6403,,Dayniile,Gubta 1,10,10,11
6404,,Dayniile,Gubta 1,10,11,12
6405,,Dayniile,Gubta 1,2,2,2
6406,,Dayniile,Gubta 1,7,9,7
6407,,Dayniile,Gubta 1,2,5,3
6945,,Dayniile,Gubta 1,7,7,6
6946,,Dayniile,Gubta 1,4,6,5
6947,,Dayniile,Gubta 1,6,7,10
6948,,Dayniile,Gubta 1,2,3,2
6949,,Dayniile,Gubta 1,5,5,6
6950,,Dayniile,Gubta 1,9,9,6
6951,,Dayniile,Gubta 1,1,1,1
6952,,Dayniile,Gubta 1,5,6,6
6953,,Dayniile,Gubta 1,8,12,10
6954,,Dayniile,Gubta 1,2,3,3
6955,,Dayniile,Gubta 1,4,4,4
6956,,Dayniile,Gubta 1,9,8,7
6957,,Dayniile,Gubta 1,2,2,1
6958,,Dayniile,Gubta 1,4,3,2
6959,,Dayniile,Gubta 1,10,8,9
6960,,Dayniile,Gubta 1,7,7,6
6961,,Dayniile,Gubta 1,6,6,7
6962,,Dayniile,Gubta 1,2,3,1
6963,,Dayniile,Gubta 1,2,1,1
6964,,Dayniile,Gubta 1,8,7,8
6965,,Dayniile,Gubta 1,6,7,12
6966,,Dayniile,Gubta 1,4,4,3
6967,,Dayniile,Gubta 1,13,12,16
6968,,Dayniile,Gubta 1,8,8,10
6969,,Dayniile,Gubta 1,6,6,8
6970,,Dayniile,Gubta 1,4,3,4
6971,,Dayniile,Gubta 1,10,18,9
6972,,Dayniile,Gubta 1,4,3,2
6973,,Dayniile,Gubta 1,3,4,5
6974,,Dayniile,Gubta 1,4,4,5
6975,,Dayniile,Gubta 1,16,15,14
6976,,Dayniile,Gubta 1,9,7,9
6977,,Dayniile,Gubta 1,3,3,5
6978,,Dayniile,Gubta 1,3,5,5
6979,,Dayniile,Gubta 1,12,11,11
6980,,Dayniile,Gubta 1,2,1,10
6981,,Dayniile,Gubta 1,2,1,2
6982,,Dayniile,Gubta 1,33,28,24
6983,,Dayniile,Gubta 1,6,5,6
6984,,Dayniile,Gubta 1,5,7,6
6985,,Dayniile,Gubta 1,2,1,2
6986,,Dayniile,Gubta 1,12,14,13
6987,,Dayniile,Gubta 1,8,9,9
6988,,Dayniile,Gubta 1,7,6,10
6989,,Dayniile,Gubta 1,8,7,9
6990,,Dayniile,Gubta 1,12,10,4
6991,,Dayniile,Gubta 1,5,4,5
6992,,Dayniile,Gubta 1,12,10,9
6993,,Dayniile,Gubta 1,5,5,6
6994,,Dayniile,Gubta 1,5,4,6
6995,,Dayniile,Gubta 1,9,8,8
6996,,Dayniile,Gubta 1,11,4,4
6997,,Dayniile,Gubta 1,12,12,12
6998,,Dayniile,Gubta 1,7,7,6
6999,,Dayniile,Gubta 1,6,6,7
7710,,Dayniile,Gubta 1,3,2,3
7711,,Dayniile,Gubta 1,4,5,6
7712,,Dayniile,Gubta 1,5,6,8
7713,,Dayniile,Gubta 1,4,4,4
7714,,Dayniile,Gubta 1,3,3,2
7715,,Dayniile,Gubta 1,5,4,5
7716,,Dayniile,Gubta 1,10,8,11
7717,,Dayniile,Gubta 1,15,12,13
7718,,Dayniile,Gubta 1,1,2,1
7719,,Dayniile,Gubta 1,5,7,5
7720,,Dayniile,Gubta 1,5,4,4
7721,,Dayniile,Gubta 1,2,5,3
7722,,Dayniile,Gubta 1,5,5,3
7723,,Dayniile,Gubta 1,18,19,19
7724,,Dayniile,Gubta 1,9,6,7
7725,,Dayniile,Gubta 1,4,2,4
7726,,Dayniile,Gubta 1,4,3,4
7727,,Dayniile,Gubta 1,4,4,4
7728,,Dayniile,Gubta 1,16,14,15
7729,,Dayniile,Gubta 1,14,12,10
7730,,Dayniile,Gubta 1,3,3,3
7731,,Dayniile,Gubta 1,6,6,8
7732,,Dayniile,Gubta 1,3,2,3
7733,,Dayniile,Gubta 1,4,4,6
7734,,Dayniile,Gubta 1,7,8,3
8071,,Dayniile,Gubta 1,7,6,6
8072,,Dayniile,Gubta 1,7,6,7
8073,,Dayniile,Gubta 1,11,11,11
8074,,Dayniile,Gubta 1,4,6,4
8075,,Dayniile,Gubta 1,2,4,0
8076,,Dayniile,Gubta 1,9,7,9
8077,,Dayniile,Gubta 1,10,7,7
8078,,Dayniile,Gubta 1,6,3,4
8079,,Dayniile,Gubta 1,11,11,9
8080,,Dayniile,Gubta 1,29,22,24
8081,,Dayniile,Gubta 1,6,7,7
8082,,Dayniile,Gubta 1,3,2,2
8083,,Dayniile,Gubta 1,2,1,2
8084,,Dayniile,Gubta 1,13,12,15
8085,,Dayniile,Gubta 1,5,5,6
8086,,Dayniile,Gubta 1,4,2,3
8087,,Dayniile,Gubta 1,2,2,3
8088,,Dayniile,Gubta 1,4,3,4
8089,,Dayniile,Gubta 1,11,10,13
8090,,Dayniile,Gubta 1,7,7,8
8091,,Dayniile,Gubta 1,15,19,17
8092,,Dayniile,Gubta 1,10,12,13
8093,,Dayniile,Gubta 1,9,10,8
8094,,Dayniile,Gubta 1,5,5,6
8095,,Dayniile,Gubta 1,14,14,15
8096,,Dayniile,Gubta 1,4,3,3
8097,,Dayniile,Gubta 1,8,9,6
8098,,Dayniile,Gubta 1,2,1,2
8575,,Dayniile,Gubta 1,2,2,1
8576,,Dayniile,Gubta 1,10,8,8
8577,,Dayniile,Gubta 1,6,6,7
8578,,Dayniile,Gubta 1,10,10,10
8579,,Dayniile,Gubta 1,2,3,4
8580,,Dayniile,Gubta 1,11,13,12
8581,,Dayniile,Gubta 1,5,4,6
8582,,Dayniile,Gubta 1,5,6,6
8704,,Dayniile,Gubta 1,3,3,4
8710,,Dayniile,Gubta 1,13,14,13
8711,,Dayniile,Gubta 1,1,1,1
8712,,Dayniile,Gubta 1,0,0,0
8713,,Dayniile,Gubta 1,5,4,5
8714,,Dayniile,Gubta 1,8,6,7
8715,,Dayniile,Gubta 1,4,4,4
8716,,Dayniile,Gubta 1,4,4,4
8717,,Dayniile,Gubta 1,9,19,81
8718,,Dayniile,Gubta 1,7,6,6
8719,,Dayniile,Gubta 1,1,1,1
8720,,Dayniile,Gubta 1,6,4,5
8721,,Dayniile,Gubta 1,6,6,3
8722,,Dayniile,Gubta 1,4,4,3
8723,,Dayniile,Gubta 1,10,9,9
8724,,Dayniile,Gubta 1,5,5,5
8725,,Dayniile,Gubta 1,12,7,5
8726,,Dayniile,Gubta 1,8,10,10
8727,,Dayniile,Gubta 1,12,8,11
8728,,Dayniile,Gubta 1,10,12,16
8729,,Dayniile,Gubta 1,12,11,11
8730,,Dayniile,Gubta 1,15,16,14
8731,,Dayniile,Gubta 1,5,5,3
8732,,Dayniile,Gubta 1,8,11,9
9031,,Dayniile,Gubta 1,4,4,4
9032,,Dayniile,Gubta 1,4,7,7
9033,,Dayniile,Gubta 1,9,7,8
9034,,Dayniile,Gubta 1,6,3,2
9035,,Dayniile,Gubta 1,4,6,0
9036,,Dayniile,Gubta 1,3,4,0
9037,,Dayniile,Gubta 1,18,20,13
9038,,Dayniile,Gubta 1,4,2,4
9039,,Dayniile,Gubta 1,9,10,10
9040,,Dayniile,Gubta 1,6,6,6
9174,,Dayniile,Gubta 1,0,0,0
9175,,Dayniile,Gubta 1,9,9,9
9176,,Dayniile,Gubta 1,3,5,4
9177,,Dayniile,Gubta 1,2,3,3
9178,,Dayniile,Gubta 1,8,5,7
9179,,Dayniile,Gubta 1,7,9,12
9180,,Dayniile,Gubta 1,3,3,3
9181,,Dayniile,Gubta 1,9,8,7
9182,,Dayniile,Gubta 1,12,12,14
9183,,Dayniile,Gubta 1,3,3,4
9184,,Dayniile,Gubta 1,4,5,6
9185,,Dayniile,Gubta 1,2,3,3
9186,,Dayniile,Gubta 1,2,5,2
9187,,Dayniile,Gubta 1,3,4,2
9188,,Dayniile,Gubta 1,6,6,6
9189,,Dayniile,Gubta 1,6,5,6
9190,,Dayniile,Gubta 1,9,11,11
9191,,Dayniile,Gubta 1,6,6,6
9192,,Dayniile,Gubta 1,1,1,1
9193,,Dayniile,Gubta 1,8,10,9
9194,,Dayniile,Gubta 1,7,7,7
9195,,Dayniile,Gubta 1,5,9,5
9196,,Dayniile,Gubta 1,0,9,6
9197,,Dayniile,Gubta 1,8,6,7
9198,,Dayniile,Gubta 1,2,2,3
9199,,Dayniile,Gubta 1,4,6,5
9200,,Dayniile,Gubta 1,19,3,4
9201,,Dayniile,Gubta 1,4,3,5
9202,,Dayniile,Gubta 1,4,4,4
9203,,Dayniile,Gubta 1,14,11,14
9204,,Dayniile,Gubta 1,8,7,8
9205,,Dayniile,Gubta 1,13,15,13
9206,,Dayniile,Gubta 1,8,9,9
9500,,Dayniile,Gubta 1,9,7,8
9501,,Dayniile,Gubta 1,8,6,6
9502,,Dayniile,Gubta 1,10,10,9
9503,,Dayniile,Gubta 1,3,4,3
9504,,Dayniile,Gubta 1,11,12,12
9505,,Dayniile,Gubta 1,5,3,5
9506,,Dayniile,Gubta 1,5,4,4
9507,,Dayniile,Gubta 1,8,7,7
9577,,Dayniile,Gubta 1,12,10,11
9578,,Dayniile,Gubta 1,13,7,10
9579,,Dayniile,Gubta 1,10,11,11
9580,,Dayniile,Gubta 1,5,5,6
9581,,Dayniile,Gubta 1,9,9,8
9582,,Dayniile,Gubta 1,11,10,8
9662,,Dayniile,Gubta 1,4,5,4
9663,,Dayniile,Gubta 1,4,3,4
9693,,Dayniile,Gubta 1,14,12,13
9694,,Dayniile,Gubta 1,6,7,7
9695,,Dayniile,Gubta 1,10,10,8
9696,,Dayniile,Gubta 1,3,6,4
9697,,Dayniile,Gubta 1,4,6,5
9698,,Dayniile,Gubta 1,7,6,6
9756,,Dayniile,Gubta 1,5,6,5
9757,,Dayniile,Gubta 1,3,3,3
9758,,Dayniile,Gubta 1,6,10,14
9789,,Dayniile,Gubta 1,5,4,5
9794,,Dayniile,Gubta 1,3,1,1
9795,,Dayniile,Gubta 1,7,6,6
9796,,Dayniile,Gubta 1,10,10,7
9797,,Dayniile,Gubta 1,12,7,3
9798,,Dayniile,Gubta 1,6,6,6
9845,,Dayniile,Gubta 1,4,4,4
9877,,Dayniile,Gubta 1,8,6,7
9878,,Dayniile,Gubta 1,4,4,6
9879,,Dayniile,Gubta 1,3,3,5
9880,,Dayniile,Gubta 1,5,4,3
9974,,Dayniile,Gubta 1,5,5,3
9975,,Dayniile,Gubta 1,8,9,10
10003,,Dayniile,Gubta 1,6,8,7
10004,,Dayniile,Gubta 1,5,7,6
10005,,Dayniile,Gubta 1,6,6,7
10006,,Dayniile,Gubta 1,7,6,7
10049,,Dayniile,Gubta 1,15,8,11
10050,,Dayniile,Gubta 1,6,6,6
10051,,Dayniile,Gubta 1,3,3,4
10070,,Dayniile,Gubta 1,14,16,6
10106,,Dayniile,Gubta 1,16,13,14
10122,,Dayniile,Gubta 1,4,4,5
10123,,Dayniile,Gubta 1,14,16,18
10154,,Dayniile,Gubta 1,1,2,2
10164,,Dayniile,Gubta 1,15,15,14
10165,,Dayniile,Gubta 1,26,24,21
10166,,Dayniile,Gubta 1,15,11,15
10197,,Dayniile,Gubta 1,10,7,13
10198,,Dayniile,Gubta 1,1,0,0
10204,,Dayniile,Gubta 1,5,7,2
10205,,Dayniile,Gubta 1,7,7,7
10223,,Dayniile,Gubta 1,7,6,7
10233,,Dayniile,Gubta 1,4,4,4
10234,,Dayniile,Gubta 1,8,10,11
10235,,Dayniile,Gubta 1,4,11,8
10236,,Dayniile,Gubta 1,4,4,5
10273,,Dayniile,Gubta 1,11,9,12
10313,,Dayniile,Gubta 1,2,3,2
10314,,Dayniile,Gubta 1,7,5,6
10420,,Dayniile,Gubta 1,5,4,4
10449,,Dayniile,Gubta 1,8,7,8
10475,,Dayniile,Gubta 1,3,4,4
10542,,Dayniile,Gubta 1,6,6,7
10555,,Dayniile,Gubta 1,14,7,15
10567,,Dayniile,Gubta 1,1,1,0
10568,,Dayniile,Gubta 1,3,3,4
10569,,Dayniile,Gubta 1,4,4,4
10570,,Dayniile,Gubta 1,3,1,5
10571,,Dayniile,Gubta 1,3,7,6
10658,,Dayniile,Gubta 1,3,4,6
10684,,Dayniile,Gubta 1,20,23,18
10685,,Dayniile,Gubta 1,20,19,18
10736,,Dayniile,Gubta 1,5,7,6
10766,,Dayniile,Gubta 1,3,3,3
10767,,Dayniile,Gubta 1,4,5,5
10768,,Dayniile,Gubta 1,4,3,4
10769,,Dayniile,Gubta 1,2,3,2
10888,,Dayniile,Gubta 1,5,4,3
10896,,Dayniile,Gubta 1,10,7,8
10901,,Dayniile,Gubta 1,8,7,7
10943,,Dayniile,Gubta 1,6,5,4
10967,,Dayniile,Gubta 1,6,5,6
10975,,Dayniile,Gubta 1,14,13,15
11032,,Dayniile,Gubta 1,6,6,7
11091,,Dayniile,Gubta 1,6,6,7
11092,,Dayniile,Gubta 1,10,10,6
11093,,Dayniile,Gubta 1,7,5,5
11151,,Dayniile,Gubta 1,6,5,6
11153,,Dayniile,Gubta 1,8,7,7
11168,,Dayniile,Gubta 1,7,7,8
11220,,Dayniile,Gubta 1,0,3,4
11241,,Dayniile,Gubta 1,9,9,8
11282,,Dayniile,Gubta 1,9,9,9
11352,,Dayniile,Gubta 1,12,5,11
11362,,Dayniile,Gubta 1,18,14,17
11398,,Dayniile,Gubta 1,8,8,7
11454,,Dayniile,Gubta 1,19,18,21
11468,,Dayniile,Gubta 1,7,5,7
11477,,Dayniile,Gubta 1,13,20,10
11509,,Dayniile,Gubta 1,9,9,9
11510,,Dayniile,Gubta 1,6,3,4
11539,,Dayniile,Gubta 1,5,6,6
11540,,Dayniile,Gubta 1,4,4,3
11565,,Dayniile,Gubta 1,2,2,3
11575,,Dayniile,Gubta 1,9,15,15
11614,,Dayniile,Gubta 1,5,4,4
11656,,Dayniile,Gubta 1,20,7,7
11657,,Dayniile,Gubta 1,6,5,4
12537,,Dayniile,Gubta 1,0,1,1
171,,Dayniile,Gubta 2,10,9,9
173,,Dayniile,Gubta 2,3,4,5
174,,Dayniile,Gubta 2,2,3,1
175,,Dayniile,Gubta 2,14,13,13
188,,Dayniile,Gubta 2,5,5,5
216,,Dayniile,Gubta 2,3,2,2
220,,Dayniile,Gubta 2,13,11,16
236,,Dayniile,Gubta 2,38,40,38
237,,Dayniile,Gubta 2,9,6,9
256,,Dayniile,Gubta 2,6,13,5
257,,Dayniile,Gubta 2,12,11,11
281,,Dayniile,Gubta 2,7,7,9
282,,Dayniile,Gubta 2,21,22,18
283,,Dayniile,Gubta 2,3,2,3
284,,Dayniile,Gubta 2,6,5,4
285,,Dayniile,Gubta 2,16,14,18
286,,Dayniile,Gubta 2,2,4,5
287,,Dayniile,Gubta 2,4,4,3
317,,Dayniile,Gubta 2,14,14,15
320,,Dayniile,Gubta 2,8,9,10
321,,Dayniile,Gubta 2,2,3,1
322,,Dayniile,Gubta 2,17,17,17
323,,Dayniile,Gubta 2,5,4,5
324,,Dayniile,Gubta 2,8,8,9
423,,Dayniile,Gubta 2,13,12,10
428,,Dayniile,Gubta 2,3,4,6
429,,Dayniile,Gubta 2,11,7,14
430,,Dayniile,Gubta 2,6,7,7
431,,Dayniile,Gubta 2,5,4,4
432,,Dayniile,Gubta 2,16,13,16
433,,Dayniile,Gubta 2,8,7,6
434,,Dayniile,Gubta 2,15,16,17
435,,Dayniile,Gubta 2,8,15,18
436,,Dayniile,Gubta 2,3,2,2
437,,Dayniile,Gubta 2,9,22,16
438,,Dayniile,Gubta 2,7,9,7
439,,Dayniile,Gubta 2,1,3,5
440,,Dayniile,Gubta 2,3,4,5
685,,Dayniile,Gubta 2,10,10,10
686,,Dayniile,Gubta 2,10,11,11
707,,Dayniile,Gubta 2,8,7,11
1055,,Dayniile,Gubta 2,4,4,3
1056,,Dayniile,Gubta 2,8,8,8
1057,,Dayniile,Gubta 2,6,9,4
1058,,Dayniile,Gubta 2,6,12,8
1059,,Dayniile,Gubta 2,6,6,8
1060,,Dayniile,Gubta 2,5,5,6
1061,,Dayniile,Gubta 2,15,18,19
1062,,Dayniile,Gubta 2,25,20,23
1063,,Dayniile,Gubta 2,7,6,6
1064,,Dayniile,Gubta 2,3,4,6
1065,,Dayniile,Gubta 2,8,12,12
1066,,Dayniile,Gubta 2,5,6,7
1067,,Dayniile,Gubta 2,10,12,13
1068,,Dayniile,Gubta 2,20,17,19
1069,,Dayniile,Gubta 2,15,16,17
1070,,Dayniile,Gubta 2,7,7,7
1071,,Dayniile,Gubta 2,5,7,7
1072,,Dayniile,Gubta 2,11,12,13
1073,,Dayniile,Gubta 2,8,10,8
1074,,Dayniile,Gubta 2,5,5,6
1075,,Dayniile,Gubta 2,10,6,9
1076,,Dayniile,Gubta 2,6,5,6
1077,,Dayniile,Gubta 2,3,1,4
1078,,Dayniile,Gubta 2,15,13,13
1079,,Dayniile,Gubta 2,5,5,3
1080,,Dayniile,Gubta 2,9,6,7
1081,,Dayniile,Gubta 2,3,3,4
1082,,Dayniile,Gubta 2,4,4,5
1083,,Dayniile,Gubta 2,3,2,2
1084,,Dayniile,Gubta 2,4,5,4
1085,,Dayniile,Gubta 2,15,17,15
1086,,Dayniile,Gubta 2,5,3,2
1087,,Dayniile,Gubta 2,8,11,12
1088,,Dayniile,Gubta 2,15,15,16
1089,,Dayniile,Gubta 2,4,4,3
1090,,Dayniile,Gubta 2,5,5,6
1091,,Dayniile,Gubta 2,2,3,4
1092,,Dayniile,Gubta 2,3,2,3
1093,,Dayniile,Gubta 2,11,12,12
1094,,Dayniile,Gubta 2,4,5,6
1095,,Dayniile,Gubta 2,11,10,15
1096,,Dayniile,Gubta 2,13,11,14
1097,,Dayniile,Gubta 2,10,12,14
1098,,Dayniile,Gubta 2,0,0,0
1099,,Dayniile,Gubta 2,8,7,10
1100,,Dayniile,Gubta 2,5,5,5
1101,,Dayniile,Gubta 2,13,12,13
1102,,Dayniile,Gubta 2,8,7,9
1103,,Dayniile,Gubta 2,9,8,9
1104,,Dayniile,Gubta 2,1,2,1
1105,,Dayniile,Gubta 2,2,3,4
1106,,Dayniile,Gubta 2,7,7,7
1107,,Dayniile,Gubta 2,6,3,3
1108,,Dayniile,Gubta 2,5,11,4
1109,,Dayniile,Gubta 2,0,0,1
1110,,Dayniile,Gubta 2,3,6,7
1111,,Dayniile,Gubta 2,4,7,4
1112,,Dayniile,Gubta 2,5,5,6
1113,,Dayniile,Gubta 2,3,2,4
1114,,Dayniile,Gubta 2,7,7,1
1115,,Dayniile,Gubta 2,17,12,15
1116,,Dayniile,Gubta 2,4,17,1
1117,,Dayniile,Gubta 2,10,3,4
1118,,Dayniile,Gubta 2,2,2,2
1119,,Dayniile,Gubta 2,7,9,8
1120,,Dayniile,Gubta 2,1,1,1
1121,,Dayniile,Gubta 2,12,10,11
1122,,Dayniile,Gubta 2,9,9,10
1123,,Dayniile,Gubta 2,28,24,25
1124,,Dayniile,Gubta 2,1,1,1
1125,,Dayniile,Gubta 2,8,9,12
1126,,Dayniile,Gubta 2,15,13,13
1127,,Dayniile,Gubta 2,4,3,7
1128,,Dayniile,Gubta 2,21,19,20
1129,,Dayniile,Gubta 2,19,20,17
1130,,Dayniile,Gubta 2,13,11,14
1131,,Dayniile,Gubta 2,1,3,2
1132,,Dayniile,Gubta 2,3,4,7
1133,,Dayniile,Gubta 2,10,11,20
1134,,Dayniile,Gubta 2,3,2,3
1135,,Dayniile,Gubta 2,15,15,15
1136,,Dayniile,Gubta 2,8,11,11
1137,,Dayniile,Gubta 2,11,10,11
1138,,Dayniile,Gubta 2,7,5,4
1139,,Dayniile,Gubta 2,11,12,14
1140,,Dayniile,Gubta 2,1,2,0
1141,,Dayniile,Gubta 2,13,13,17
1142,,Dayniile,Gubta 2,29,27,15
1143,,Dayniile,Gubta 2,25,7,19
1144,,Dayniile,Gubta 2,8,3,9
1145,,Dayniile,Gubta 2,6,6,5
1146,,Dayniile,Gubta 2,2,3,3
1147,,Dayniile,Gubta 2,2,2,3
1148,,Dayniile,Gubta 2,9,8,7
1149,,Dayniile,Gubta 2,10,8,8
1150,,Dayniile,Gubta 2,16,21,18
1151,,Dayniile,Gubta 2,1,1,1
1152,,Dayniile,Gubta 2,14,11,11
1153,,Dayniile,Gubta 2,6,5,6
1154,,Dayniile,Gubta 2,4,5,4
1155,,Dayniile,Gubta 2,1,1,4
1156,,Dayniile,Gubta 2,6,6,7
1157,,Dayniile,Gubta 2,6,7,6
1158,,Dayniile,Gubta 2,6,2,2
1159,,Dayniile,Gubta 2,7,6,8
1160,,Dayniile,Gubta 2,3,3,5
1161,,Dayniile,Gubta 2,5,4,5
1162,,Dayniile,Gubta 2,22,23,25
1163,,Dayniile,Gubta 2,14,15,15
1164,,Dayniile,Gubta 2,2,2,2
1165,,Dayniile,Gubta 2,11,10,11
1166,,Dayniile,Gubta 2,8,8,7
1167,,Dayniile,Gubta 2,18,15,17
1168,,Dayniile,Gubta 2,16,14,15
1169,,Dayniile,Gubta 2,1,7,0
1170,,Dayniile,Gubta 2,3,4,4
1171,,Dayniile,Gubta 2,16,16,15
1172,,Dayniile,Gubta 2,5,6,6
1173,,Dayniile,Gubta 2,1,1,1
1174,,Dayniile,Gubta 2,4,5,6
1175,,Dayniile,Gubta 2,5,4,5
1176,,Dayniile,Gubta 2,3,1,2
1177,,Dayniile,Gubta 2,6,7,10
1178,,Dayniile,Gubta 2,9,9,9
1179,,Dayniile,Gubta 2,1,1,2
1180,,Dayniile,Gubta 2,16,10,10
1181,,Dayniile,Gubta 2,7,7,11
1182,,Dayniile,Gubta 2,1,1,1
1183,,Dayniile,Gubta 2,5,5,6
1184,,Dayniile,Gubta 2,8,9,9
1185,,Dayniile,Gubta 2,22,10,12
1186,,Dayniile,Gubta 2,2,4,1
1187,,Dayniile,Gubta 2,7,17,22
1188,,Dayniile,Gubta 2,13,11,10
1189,,Dayniile,Gubta 2,11,15,19
1190,,Dayniile,Gubta 2,18,3,1
1191,,Dayniile,Gubta 2,5,4,5
1192,,Dayniile,Gubta 2,8,5,5
1193,,Dayniile,Gubta 2,5,6,5
1194,,Dayniile,Gubta 2,9,6,7
1195,,Dayniile,Gubta 2,7,6,3
1196,,Dayniile,Gubta 2,6,4,8
1197,,Dayniile,Gubta 2,5,5,5
1198,,Dayniile,Gubta 2,5,6,4
1199,,Dayniile,Gubta 2,5,9,7
1200,,Dayniile,Gubta 2,9,10,9
1201,,Dayniile,Gubta 2,2,1,2
1202,,Dayniile,Gubta 2,2,1,4
1203,,Dayniile,Gubta 2,6,6,6
1204,,Dayniile,Gubta 2,4,5,5
1205,,Dayniile,Gubta 2,1,1,2
1206,,Dayniile,Gubta 2,8,11,16
1207,,Dayniile,Gubta 2,8,3,12
1208,,Dayniile,Gubta 2,7,5,5
1209,,Dayniile,Gubta 2,7,8,8
1210,,Dayniile,Gubta 2,4,4,3
1211,,Dayniile,Gubta 2,16,10,14
1212,,Dayniile,Gubta 2,8,10,9
1213,,Dayniile,Gubta 2,2,2,1
1214,,Dayniile,Gubta 2,10,11,4
1215,,Dayniile,Gubta 2,6,17,18
1216,,Dayniile,Gubta 2,5,8,14
1217,,Dayniile,Gubta 2,3,5,7
1218,,Dayniile,Gubta 2,11,11,12
1219,,Dayniile,Gubta 2,20,22,3
1220,,Dayniile,Gubta 2,13,12,15
1221,,Dayniile,Gubta 2,11,11,15
1222,,Dayniile,Gubta 2,0,0,0
1223,,Dayniile,Gubta 2,13,10,11
1224,,Dayniile,Gubta 2,0,9,15
1225,,Dayniile,Gubta 2,18,17,18
1226,,Dayniile,Gubta 2,10,9,9
1227,,Dayniile,Gubta 2,21,17,23
1228,,Dayniile,Gubta 2,6,5,6
1229,,Dayniile,Gubta 2,2,1,3
1230,,Dayniile,Gubta 2,18,17,22
1231,,Dayniile,Gubta 2,1,1,1
1232,,Dayniile,Gubta 2,20,31,20
1233,,Dayniile,Gubta 2,0,3,11
1234,,Dayniile,Gubta 2,12,10,13
1235,,Dayniile,Gubta 2,6,7,8
1236,,Dayniile,Gubta 2,2,1,4
1237,,Dayniile,Gubta 2,30,30,27
1238,,Dayniile,Gubta 2,11,11,10
1239,,Dayniile,Gubta 2,17,18,13
1240,,Dayniile,Gubta 2,12,11,11
1241,,Dayniile,Gubta 2,4,4,4
1242,,Dayniile,Gubta 2,4,4,2
1243,,Dayniile,Gubta 2,3,4,5
1244,,Dayniile,Gubta 2,10,10,11
1245,,Dayniile,Gubta 2,1,1,3
1246,,Dayniile,Gubta 2,5,5,5
1247,,Dayniile,Gubta 2,2,4,4
1248,,Dayniile,Gubta 2,2,3,4
1249,,Dayniile,Gubta 2,1,1,1
1250,,Dayniile,Gubta 2,7,6,7
1251,,Dayniile,Gubta 2,6,4,7
1252,,Dayniile,Gubta 2,6,7,14
1253,,Dayniile,Gubta 2,14,26,18
1254,,Dayniile,Gubta 2,15,14,12
1255,,Dayniile,Gubta 2,13,12,13
1256,,Dayniile,Gubta 2,5,5,4
1257,,Dayniile,Gubta 2,2,1,3
1258,,Dayniile,Gubta 2,8,4,6
1259,,Dayniile,Gubta 2,16,18,19
1260,,Dayniile,Gubta 2,4,7,9
1261,,Dayniile,Gubta 2,14,13,13
1262,,Dayniile,Gubta 2,5,6,5
1263,,Dayniile,Gubta 2,6,5,5
1264,,Dayniile,Gubta 2,2,4,7
1265,,Dayniile,Gubta 2,5,7,6
1266,,Dayniile,Gubta 2,4,3,3
1267,,Dayniile,Gubta 2,3,2,2
1268,,Dayniile,Gubta 2,9,11,13
1269,,Dayniile,Gubta 2,1,1,1
1270,,Dayniile,Gubta 2,9,8,7
1271,,Dayniile,Gubta 2,15,13,16
1272,,Dayniile,Gubta 2,4,4,4
1273,,Dayniile,Gubta 2,4,4,5
1274,,Dayniile,Gubta 2,1,1,2
1275,,Dayniile,Gubta 2,13,15,12
1276,,Dayniile,Gubta 2,1,1,1
1277,,Dayniile,Gubta 2,19,21,24
1278,,Dayniile,Gubta 2,5,4,6
1279,,Dayniile,Gubta 2,11,15,13
1280,,Dayniile,Gubta 2,11,9,6
1281,,Dayniile,Gubta 2,4,6,6
1282,,Dayniile,Gubta 2,6,4,6
1283,,Dayniile,Gubta 2,8,2,16
1284,,Dayniile,Gubta 2,12,7,8
1285,,Dayniile,Gubta 2,3,5,3
1286,,Dayniile,Gubta 2,11,10,8
1287,,Dayniile,Gubta 2,3,2,1
1288,,Dayniile,Gubta 2,1,1,1
1289,,Dayniile,Gubta 2,2,8,11
1290,,Dayniile,Gubta 2,4,8,9
1291,,Dayniile,Gubta 2,3,1,1
1292,,Dayniile,Gubta 2,30,22,20
1293,,Dayniile,Gubta 2,8,7,5
1294,,Dayniile,Gubta 2,1,1,1
1295,,Dayniile,Gubta 2,10,11,8
1296,,Dayniile,Gubta 2,15,15,18
1297,,Dayniile,Gubta 2,6,6,6
1298,,Dayniile,Gubta 2,12,11,10
1299,,Dayniile,Gubta 2,9,8,9
1300,,Dayniile,Gubta 2,9,8,10
1301,,Dayniile,Gubta 2,2,2,2
1302,,Dayniile,Gubta 2,4,6,4
1303,,Dayniile,Gubta 2,7,7,8
1304,,Dayniile,Gubta 2,6,4,2
1305,,Dayniile,Gubta 2,4,5,7
1306,,Dayniile,Gubta 2,15,13,4
1307,,Dayniile,Gubta 2,0,0,1
1308,,Dayniile,Gubta 2,1,2,2
1309,,Dayniile,Gubta 2,5,4,3
1310,,Dayniile,Gubta 2,8,8,12
1311,,Dayniile,Gubta 2,8,5,6
1312,,Dayniile,Gubta 2,5,6,6
1314,,Dayniile,Gubta 2,25,23,24
6314,,Dayniile,Gubta 2,25,24,26
6323,,Dayniile,Gubta 2,21,18,17
6362,,Dayniile,Gubta 2,2,2,3
6408,,Dayniile,Gubta 2,14,9,5
6409,,Dayniile,Gubta 2,7,4,6
6410,,Dayniile,Gubta 2,2,4,2
6411,,Dayniile,Gubta 2,10,9,11
6412,,Dayniile,Gubta 2,2,1,3
6413,,Dayniile,Gubta 2,3,4,4
6415,,Dayniile,Gubta 2,2,1,2
6416,,Dayniile,Gubta 2,2,4,2
6417,,Dayniile,Gubta 2,3,3,5
6418,,Dayniile,Gubta 2,10,9,8
6419,,Dayniile,Gubta 2,3,4,3
6420,,Dayniile,Gubta 2,6,6,6
6421,,Dayniile,Gubta 2,7,6,7
6422,,Dayniile,Gubta 2,14,10,10
6423,,Dayniile,Gubta 2,1,2,2
6424,,Dayniile,Gubta 2,9,9,8
6425,,Dayniile,Gubta 2,9,10,12
6426,,Dayniile,Gubta 2,19,17,16
6427,,Dayniile,Gubta 2,9,9,12
6428,,Dayniile,Gubta 2,9,7,9
6429,,Dayniile,Gubta 2,14,11,10
6430,,Dayniile,Gubta 2,8,8,8
6431,,Dayniile,Gubta 2,5,4,5
6432,,Dayniile,Gubta 2,3,2,1
6433,,Dayniile,Gubta 2,9,8,10
6434,,Dayniile,Gubta 2,14,13,16
6435,,Dayniile,Gubta 2,3,11,13
6436,,Dayniile,Gubta 2,4,1,3
6437,,Dayniile,Gubta 2,6,5,6
6438,,Dayniile,Gubta 2,16,16,23
6921,,Dayniile,Gubta 2,7,6,10
6937,,Dayniile,Gubta 2,5,3,4
7000,,Dayniile,Gubta 2,0,5,10
7001,,Dayniile,Gubta 2,17,15,18
7002,,Dayniile,Gubta 2,3,4,3
7003,,Dayniile,Gubta 2,6,3,5
7004,,Dayniile,Gubta 2,10,5,5
7005,,Dayniile,Gubta 2,5,5,6
7006,,Dayniile,Gubta 2,5,7,7
7007,,Dayniile,Gubta 2,8,3,7
7008,,Dayniile,Gubta 2,3,3,3
7009,,Dayniile,Gubta 2,13,8,3
7010,,Dayniile,Gubta 2,8,6,4
7011,,Dayniile,Gubta 2,12,10,9
7012,,Dayniile,Gubta 2,11,14,4
7013,,Dayniile,Gubta 2,9,8,10
7014,,Dayniile,Gubta 2,5,8,7
7015,,Dayniile,Gubta 2,11,13,14
7016,,Dayniile,Gubta 2,6,4,1
7017,,Dayniile,Gubta 2,6,4,5
7018,,Dayniile,Gubta 2,11,9,9
7019,,Dayniile,Gubta 2,14,12,12
7020,,Dayniile,Gubta 2,15,15,14
7021,,Dayniile,Gubta 2,23,19,18
7022,,Dayniile,Gubta 2,8,7,9
7023,,Dayniile,Gubta 2,8,4,5
7024,,Dayniile,Gubta 2,13,10,10
7025,,Dayniile,Gubta 2,3,3,4
7026,,Dayniile,Gubta 2,4,4,6
7027,,Dayniile,Gubta 2,9,10,11
7028,,Dayniile,Gubta 2,47,25,34
7029,,Dayniile,Gubta 2,6,6,7
7030,,Dayniile,Gubta 2,7,6,6
7031,,Dayniile,Gubta 2,10,9,10
7032,,Dayniile,Gubta 2,3,5,1
7033,,Dayniile,Gubta 2,5,5,7
7034,,Dayniile,Gubta 2,11,11,9
7035,,Dayniile,Gubta 2,18,0,15
7036,,Dayniile,Gubta 2,7,5,4
7037,,Dayniile,Gubta 2,14,13,8
7038,,Dayniile,Gubta 2,20,19,20
7175,,Dayniile,Gubta 2,2,6,4
7694,,Dayniile,Gubta 2,7,8,9
7709,,Dayniile,Gubta 2,8,8,6
7735,,Dayniile,Gubta 2,11,11,11
7736,,Dayniile,Gubta 2,5,6,5
7737,,Dayniile,Gubta 2,16,17,18
7738,,Dayniile,Gubta 2,10,10,11
7739,,Dayniile,Gubta 2,12,11,16
7740,,Dayniile,Gubta 2,10,7,10
7741,,Dayniile,Gubta 2,10,9,10
7742,,Dayniile,Gubta 2,3,3,3
7743,,Dayniile,Gubta 2,20,17,19
7744,,Dayniile,Gubta 2,6,7,7
7745,,Dayniile,Gubta 2,9,7,8
7746,,Dayniile,Gubta 2,5,3,3
7747,,Dayniile,Gubta 2,5,4,5
8066,,Dayniile,Gubta 2,10,10,8
8099,,Dayniile,Gubta 2,8,7,10
8100,,Dayniile,Gubta 2,8,12,10
8101,,Dayniile,Gubta 2,10,10,10
8102,,Dayniile,Gubta 2,31,27,30
8103,,Dayniile,Gubta 2,3,4,4
8104,,Dayniile,Gubta 2,5,6,4
8105,,Dayniile,Gubta 2,7,8,9
8106,,Dayniile,Gubta 2,8,4,8
8107,,Dayniile,Gubta 2,22,12,11
8108,,Dayniile,Gubta 2,8,10,8
8109,,Dayniile,Gubta 2,5,3,5
8110,,Dayniile,Gubta 2,11,9,7
8111,,Dayniile,Gubta 2,9,8,8
8112,,Dayniile,Gubta 2,18,19,22
8113,,Dayniile,Gubta 2,6,7,5
8114,,Dayniile,Gubta 2,9,8,12
8115,,Dayniile,Gubta 2,5,6,8
8116,,Dayniile,Gubta 2,22,17,21
8117,,Dayniile,Gubta 2,5,5,4
8118,,Dayniile,Gubta 2,11,13,14
8119,,Dayniile,Gubta 2,10,9,13
8120,,Dayniile,Gubta 2,5,3,5
8583,,Dayniile,Gubta 2,14,8,8
8584,,Dayniile,Gubta 2,5,5,4
8585,,Dayniile,Gubta 2,13,9,14
8586,,Dayniile,Gubta 2,5,8,8
8587,,Dayniile,Gubta 2,2,2,2
8588,,Dayniile,Gubta 2,3,10,10
8589,,Dayniile,Gubta 2,3,2,3
8590,,Dayniile,Gubta 2,9,10,11
8708,,Dayniile,Gubta 2,3,4,4
8733,,Dayniile,Gubta 2,15,18,16
8734,,Dayniile,Gubta 2,15,14,14
8735,,Dayniile,Gubta 2,11,8,12
8736,,Dayniile,Gubta 2,8,7,8
8737,,Dayniile,Gubta 2,5,3,2
8738,,Dayniile,Gubta 2,12,12,12
8739,,Dayniile,Gubta 2,11,9,12
8740,,Dayniile,Gubta 2,10,5,5
8741,,Dayniile,Gubta 2,14,17,16
8742,,Dayniile,Gubta 2,4,4,4
8743,,Dayniile,Gubta 2,2,1,1
8744,,Dayniile,Gubta 2,19,22,12
8745,,Dayniile,Gubta 2,3,4,3
8746,,Dayniile,Gubta 2,11,5,7
8747,,Dayniile,Gubta 2,10,13,15
8748,,Dayniile,Gubta 2,10,12,12
8749,,Dayniile,Gubta 2,7,7,6
8750,,Dayniile,Gubta 2,2,1,1
8751,,Dayniile,Gubta 2,3,3,4
9041,,Dayniile,Gubta 2,5,5,5
9042,,Dayniile,Gubta 2,14,12,13
9043,,Dayniile,Gubta 2,15,13,15
9044,,Dayniile,Gubta 2,12,11,20
9045,,Dayniile,Gubta 2,12,10,12
9046,,Dayniile,Gubta 2,7,8,7
9047,,Dayniile,Gubta 2,16,18,18
9048,,Dayniile,Gubta 2,12,12,12
9049,,Dayniile,Gubta 2,3,4,3
9050,,Dayniile,Gubta 2,12,11,14
9163,,Dayniile,Gubta 2,12,9,11
9207,,Dayniile,Gubta 2,5,3,5
9208,,Dayniile,Gubta 2,12,18,25
9209,,Dayniile,Gubta 2,5,6,6
9210,,Dayniile,Gubta 2,13,11,15
9211,,Dayniile,Gubta 2,12,12,13
9212,,Dayniile,Gubta 2,16,16,18
9213,,Dayniile,Gubta 2,8,9,6
9214,,Dayniile,Gubta 2,7,7,8
9215,,Dayniile,Gubta 2,13,7,6
9216,,Dayniile,Gubta 2,14,15,12
9217,,Dayniile,Gubta 2,19,23,20
9218,,Dayniile,Gubta 2,7,7,8
9219,,Dayniile,Gubta 2,10,10,13
9220,,Dayniile,Gubta 2,7,6,7
9221,,Dayniile,Gubta 2,14,10,12
9222,,Dayniile,Gubta 2,0,12,7
9223,,Dayniile,Gubta 2,3,4,3
9224,,Dayniile,Gubta 2,25,26,20
9225,,Dayniile,Gubta 2,6,5,5
9226,,Dayniile,Gubta 2,7,4,1
9227,,Dayniile,Gubta 2,1,9,5
9228,,Dayniile,Gubta 2,16,14,20
9229,,Dayniile,Gubta 2,6,8,9
9230,,Dayniile,Gubta 2,4,4,4
9231,,Dayniile,Gubta 2,0,22,2
9232,,Dayniile,Gubta 2,18,19,19
9233,,Dayniile,Gubta 2,13,12,12
9234,,Dayniile,Gubta 2,5,6,5
9235,,Dayniile,Gubta 2,8,7,12
9236,,Dayniile,Gubta 2,12,11,13
9237,,Dayniile,Gubta 2,6,4,2
9238,,Dayniile,Gubta 2,4,3,3
9499,,Dayniile,Gubta 2,17,34,29
9508,,Dayniile,Gubta 2,8,6,6
9509,,Dayniile,Gubta 2,11,9,12
9510,,Dayniile,Gubta 2,5,5,5
9511,,Dayniile,Gubta 2,8,8,7
9512,,Dayniile,Gubta 2,1,6,6
9513,,Dayniile,Gubta 2,16,8,7
9514,,Dayniile,Gubta 2,8,6,6
9515,,Dayniile,Gubta 2,3,2,2
9516,,Dayniile,Gubta 2,2,3,4
9517,,Dayniile,Gubta 2,10,10,12
9573,,Dayniile,Gubta 2,14,13,15
9583,,Dayniile,Gubta 2,8,8,8
9584,,Dayniile,Gubta 2,13,12,14
9585,,Dayniile,Gubta 2,12,8,8
9586,,Dayniile,Gubta 2,13,9,37
9664,,Dayniile,Gubta 2,8,5,10
9665,,Dayniile,Gubta 2,6,7,9
9666,,Dayniile,Gubta 2,20,22,22
9699,,Dayniile,Gubta 2,8,7,11
9700,,Dayniile,Gubta 2,26,29,31
9701,,Dayniile,Gubta 2,42,60,7
9702,,Dayniile,Gubta 2,4,6,7
9759,,Dayniile,Gubta 2,7,10,6
9799,,Dayniile,Gubta 2,5,6,6
9800,,Dayniile,Gubta 2,16,15,14
9801,,Dayniile,Gubta 2,4,4,5
9844,,Dayniile,Gubta 2,1,1,6
9846,,Dayniile,Gubta 2,6,10,11
9847,,Dayniile,Gubta 2,8,6,3
9881,,Dayniile,Gubta 2,5,2,4
9882,,Dayniile,Gubta 2,5,8,7
9883,,Dayniile,Gubta 2,10,18,15
9884,,Dayniile,Gubta 2,12,12,17
9976,,Dayniile,Gubta 2,8,8,10
9977,,Dayniile,Gubta 2,3,4,3
9978,,Dayniile,Gubta 2,1,2,2
9979,,Dayniile,Gubta 2,2,11,4
10007,,Dayniile,Gubta 2,5,6,6
10008,,Dayniile,Gubta 2,23,15,15
10009,,Dayniile,Gubta 2,14,17,20
10010,,Dayniile,Gubta 2,24,22,31
10011,,Dayniile,Gubta 2,27,25,28
10052,,Dayniile,Gubta 2,8,7,2
10071,,Dayniile,Gubta 2,6,7,7
10072,,Dayniile,Gubta 2,9,4,1
10073,,Dayniile,Gubta 2,4,5,5
10104,,Dayniile,Gubta 2,21,22,23
10120,,Dayniile,Gubta 2,4,5,5
10124,,Dayniile,Gubta 2,12,10,12
10125,,Dayniile,Gubta 2,6,8,8
10126,,Dayniile,Gubta 2,21,19,19
10127,,Dayniile,Gubta 2,11,9,9
10155,,Dayniile,Gubta 2,1,0,0
10167,,Dayniile,Gubta 2,11,0,0
10168,,Dayniile,Gubta 2,5,3,5
10169,,Dayniile,Gubta 2,17,13,12
10170,,Dayniile,Gubta 2,12,14,14
10171,,Dayniile,Gubta 2,6,7,5
10206,,Dayniile,Gubta 2,14,13,15
10224,,Dayniile,Gubta 2,8,8,7
10237,,Dayniile,Gubta 2,6,4,5
10274,,Dayniile,Gubta 2,13,7,8
10315,,Dayniile,Gubta 2,4,5,8
10316,,Dayniile,Gubta 2,12,10,10
10317,,Dayniile,Gubta 2,2,2,3
10392,,Dayniile,Gubta 2,7,7,7
10393,,Dayniile,Gubta 2,3,2,0
10421,,Dayniile,Gubta 2,8,7,9
10450,,Dayniile,Gubta 2,0,7,0
10476,,Dayniile,Gubta 2,2,3,3
10487,,Dayniile,Gubta 2,2,2,5
10517,,Dayniile,Gubta 2,7,6,5
10556,,Dayniile,Gubta 2,3,2,2
10572,,Dayniile,Gubta 2,16,16,19
10573,,Dayniile,Gubta 2,4,6,15
10681,,Dayniile,Gubta 2,7,6,6
10686,,Dayniile,Gubta 2,14,11,12
10701,,Dayniile,Gubta 2,1,1,1
10704,,Dayniile,Gubta 2,2,2,1
10755,,Dayniile,Gubta 2,34,29,36
10770,,Dayniile,Gubta 2,8,4,4
10771,,Dayniile,Gubta 2,1,1,1
10772,,Dayniile,Gubta 2,6,5,3
10814,,Dayniile,Gubta 2,5,4,4
10837,,Dayniile,Gubta 2,15,15,17
10886,,Dayniile,Gubta 2,16,8,8
10887,,Dayniile,Gubta 2,36,31,38
10902,,Dayniile,Gubta 2,6,4,6
10903,,Dayniile,Gubta 2,6,8,8
10944,,Dayniile,Gubta 2,5,5,6
10992,,Dayniile,Gubta 2,21,18,14
10993,,Dayniile,Gubta 2,11,7,10
11005,,Dayniile,Gubta 2,8,4,5
11033,,Dayniile,Gubta 2,0,0,0.75
11043,,Dayniile,Gubta 2,12,7,8
11044,,Dayniile,Gubta 2,6,5,7
11054,,Dayniile,Gubta 2,7,6,5
11146,,Dayniile,Gubta 2,5,5,5
11202,,Dayniile,Gubta 2,3,3,3
11221,,Dayniile,Gubta 2,7,6,6
11244,,Dayniile,Gubta 2,6,8,6
11247,,Dayniile,Gubta 2,25,20,20
11250,,Dayniile,Gubta 2,7,5,7
11254,,Dayniile,Gubta 2,28,23,26
11260,,Dayniile,Gubta 2,4,8,9
11307,,Dayniile,Gubta 2,11,13,15
11311,,Dayniile,Gubta 2,12,10,14
11395,,Dayniile,Gubta 2,20,26,32
11442,,Dayniile,Gubta 2,10,9,15
11520,,Dayniile,Gubta 2,12,11,13
11639,,Dayniile,Gubta 2,4,4,4
11647,,Dayniile,Gubta 2,1,2,1
11648,,Dayniile,Gubta 2,10,18,20
11649,,Dayniile,Gubta 2,9,10,10
11650,,Dayniile,Gubta 2,3,6,4
184,,Dayniile,Wardheere,19,16,16
185,,Dayniile,Wardheere,0,0,0
427,,Dayniile,Wardheere,0,0,0
710,,Dayniile,Wardheere,0,0,0
711,,Dayniile,Wardheere,0,0,0
712,,Dayniile,Wardheere,0,0,0
713,,Dayniile,Wardheere,0,0,0
714,,Dayniile,Wardheere,0,0,0
715,,Dayniile,Wardheere,0,0,0
716,,Dayniile,Wardheere,0,0,0
717,,Dayniile,Wardheere,0,0,0
718,,Dayniile,Wardheere,0,0,0
719,,Dayniile,Wardheere,0,0,0
720,,Dayniile,Wardheere,0,0,0
721,,Dayniile,Wardheere,0,0,0
722,,Dayniile,Wardheere,0,0,0
723,,Dayniile,Wardheere,0,0,0
724,,Dayniile,Wardheere,0,0,0
725,,Dayniile,Wardheere,0,0,0
726,,Dayniile,Wardheere,0,0,0
727,,Dayniile,Wardheere,0,0,0
728,,Dayniile,Wardheere,0,0,0
729,,Dayniile,Wardheere,0,0,0
730,,Dayniile,Wardheere,0,0,0
731,,Dayniile,Wardheere,0,0,0
732,,Dayniile,Wardheere,0,0,0
733,,Dayniile,Wardheere,0,0,0
734,,Dayniile,Wardheere,0,0,0
735,,Dayniile,Wardheere,0,0,0
736,,Dayniile,Wardheere,0,0,0
737,,Dayniile,Wardheere,0,0,0
738,,Dayniile,Wardheere,0,0,0
739,,Dayniile,Wardheere,0,0,0
1315,,Dayniile,Wardheere,6,6,6
1316,,Dayniile,Wardheere,2,2,2
1317,,Dayniile,Wardheere,5,6,6
1318,,Dayniile,Wardheere,4,4,4
1319,,Dayniile,Wardheere,0,0,0
1320,,Dayniile,Wardheere,9,10,10
1321,,Dayniile,Wardheere,0,4,4
1322,,Dayniile,Wardheere,3,3,3
1323,,Dayniile,Wardheere,8,9,8
1324,,Dayniile,Wardheere,8,10,10
1325,,Dayniile,Wardheere,0,0,0
1326,,Dayniile,Wardheere,9,8,11
1327,,Dayniile,Wardheere,0,0,0
1328,,Dayniile,Wardheere,8,14,13
1329,,Dayniile,Wardheere,2,3,3
1330,,Dayniile,Wardheere,7,7,7
1331,,Dayniile,Wardheere,7,8,11
1332,,Dayniile,Wardheere,6,4,6
1333,,Dayniile,Wardheere,15,14,16
1334,,Dayniile,Wardheere,0,0,0
1335,,Dayniile,Wardheere,0,0,0
1336,,Dayniile,Wardheere,4,3,4
1337,,Dayniile,Wardheere,10,11,11
1338,,Dayniile,Wardheere,0,0,0
1339,,Dayniile,Wardheere,8,8,8
1340,,Dayniile,Wardheere,7,6,4
1341,,Dayniile,Wardheere,0,0,0
1342,,Dayniile,Wardheere,6,6,5
1343,,Dayniile,Wardheere,2,1,2
1344,,Dayniile,Wardheere,12,12,12
1345,,Dayniile,Wardheere,8,9,8
1346,,Dayniile,Wardheere,0,0,0
1347,,Dayniile,Wardheere,0,0,0
1348,,Dayniile,Wardheere,0,0,0
1349,,Dayniile,Wardheere,0,0,0
1350,,Dayniile,Wardheere,5,4,5
1351,,Dayniile,Wardheere,4,2,4
1352,,Dayniile,Wardheere,0,0,0
1353,,Dayniile,Wardheere,0,0,0
1354,,Dayniile,Wardheere,11,14,14
1355,,Dayniile,Wardheere,4,2,4
1356,,Dayniile,Wardheere,0,0,0
1357,,Dayniile,Wardheere,0,0,0
1358,,Dayniile,Wardheere,8,7,9
1359,,Dayniile,Wardheere,6,5,6
1360,,Dayniile,Wardheere,13,14,13
1361,,Dayniile,Wardheere,6,7,8
1362,,Dayniile,Wardheere,0,0,0
1363,,Dayniile,Wardheere,0,0,0
1364,,Dayniile,Wardheere,14,13,14
1365,,Dayniile,Wardheere,10,5,4
1366,,Dayniile,Wardheere,6,6,8
1367,,Dayniile,Wardheere,14,10,11
1368,,Dayniile,Wardheere,18,16,12
1369,,Dayniile,Wardheere,7,7,9
1370,,Dayniile,Wardheere,12,10,7
1371,,Dayniile,Wardheere,4,7,7
1372,,Dayniile,Wardheere,5,6,6
1373,,Dayniile,Wardheere,2,3,3
1374,,Dayniile,Wardheere,1,0,0
1375,,Dayniile,Wardheere,4,6,7
1376,,Dayniile,Wardheere,4,3,3
1377,,Dayniile,Wardheere,0,0,0
1378,,Dayniile,Wardheere,8,8,7
1379,,Dayniile,Wardheere,4,4,4
1380,,Dayniile,Wardheere,7,8,9
1381,,Dayniile,Wardheere,0,0,0
1382,,Dayniile,Wardheere,0,0,0
1383,,Dayniile,Wardheere,0,0,0
1384,,Dayniile,Wardheere,9,10,11
1385,,Dayniile,Wardheere,0,0,0
1386,,Dayniile,Wardheere,5,5,4
1387,,Dayniile,Wardheere,25,15,11
1388,,Dayniile,Wardheere,8,8,9
1389,,Dayniile,Wardheere,0,0,0
1390,,Dayniile,Wardheere,3,3,3
1391,,Dayniile,Wardheere,0,0,0
1392,,Dayniile,Wardheere,9,7,5
1393,,Dayniile,Wardheere,14,13,15
1394,,Dayniile,Wardheere,3,6,3
1395,,Dayniile,Wardheere,8,8,9
1396,,Dayniile,Wardheere,10,8,10
1397,,Dayniile,Wardheere,5,6,5
1398,,Dayniile,Wardheere,4,5,4
1399,,Dayniile,Wardheere,0,0,0
1400,,Dayniile,Wardheere,0,0,0
1401,,Dayniile,Wardheere,1,18,7
1402,,Dayniile,Wardheere,6,5,6
1403,,Dayniile,Wardheere,11,13,7
1404,,Dayniile,Wardheere,4,5,4
1405,,Dayniile,Wardheere,5,10,5
1406,,Dayniile,Wardheere,7,8,8
1407,,Dayniile,Wardheere,4,2,3
1408,,Dayniile,Wardheere,21,24,29
1409,,Dayniile,Wardheere,6,8,8
1410,,Dayniile,Wardheere,6,5,8
1411,,Dayniile,Wardheere,6,9,9
1412,,Dayniile,Wardheere,0,0,0
1413,,Dayniile,Wardheere,6,4,6
1414,,Dayniile,Wardheere,7,10,8
1415,,Dayniile,Wardheere,11,13,19
1416,,Dayniile,Wardheere,5,6,8
1417,,Dayniile,Wardheere,8,6,6
1418,,Dayniile,Wardheere,0,0,0
1419,,Dayniile,Wardheere,8,8,7
1420,,Dayniile,Wardheere,5,5,4
1421,,Dayniile,Wardheere,0,0,0
1422,,Dayniile,Wardheere,15,16,14
1423,,Dayniile,Wardheere,8,7,8
1424,,Dayniile,Wardheere,3,5,5
1425,,Dayniile,Wardheere,0,0,0
1426,,Dayniile,Wardheere,0,0,0
1427,,Dayniile,Wardheere,8,12,13
1428,,Dayniile,Wardheere,13,15,12
1429,,Dayniile,Wardheere,18,3,16
1430,,Dayniile,Wardheere,6,7,7
1431,,Dayniile,Wardheere,0,0,0
1432,,Dayniile,Wardheere,3,5,6
1433,,Dayniile,Wardheere,1,8,7
1434,,Dayniile,Wardheere,0,0,0
1435,,Dayniile,Wardheere,4,5,5
1436,,Dayniile,Wardheere,4,3,3
1437,,Dayniile,Wardheere,9,9,11
1438,,Dayniile,Wardheere,1,1,1
1439,,Dayniile,Wardheere,5,6,6
1440,,Dayniile,Wardheere,9,9,9
1441,,Dayniile,Wardheere,3,4,3
1442,,Dayniile,Wardheere,0,0,0
1443,,Dayniile,Wardheere,7,8,9
1444,,Dayniile,Wardheere,0,0,0
1445,,Dayniile,Wardheere,0,0,0
1446,,Dayniile,Wardheere,6,6,5
1447,,Dayniile,Wardheere,0,0,0
1448,,Dayniile,Wardheere,8,7,7
1449,,Dayniile,Wardheere,2,2,2
1450,,Dayniile,Wardheere,0,0,0
1451,,Dayniile,Wardheere,9,10,10
1452,,Dayniile,Wardheere,9,8,6
1453,,Dayniile,Wardheere,0,0,0
1454,,Dayniile,Wardheere,17,21,24
1455,,Dayniile,Wardheere,0,0,0
1456,,Dayniile,Wardheere,3,4,4
1457,,Dayniile,Wardheere,10,6,8
1458,,Dayniile,Wardheere,0,0,0
1459,,Dayniile,Wardheere,2,3,2
1460,,Dayniile,Wardheere,0,0,0
1461,,Dayniile,Wardheere,6,7,9
1462,,Dayniile,Wardheere,0,0,0
1463,,Dayniile,Wardheere,4,4,4
1464,,Dayniile,Wardheere,0,0,0
1465,,Dayniile,Wardheere,0,0,0
1466,,Dayniile,Wardheere,8,9,9
1467,,Dayniile,Wardheere,5,4,5
1468,,Dayniile,Wardheere,0,0,0
1469,,Dayniile,Wardheere,0,0,0
1470,,Dayniile,Wardheere,1,1,1
1471,,Dayniile,Wardheere,0,0,0
1472,,Dayniile,Wardheere,0,0,0
1473,,Dayniile,Wardheere,11,9,8
1474,,Dayniile,Wardheere,0,0,0
1475,,Dayniile,Wardheere,0,0,0
1476,,Dayniile,Wardheere,0,0,0
1477,,Dayniile,Wardheere,0,0,0
1478,,Dayniile,Wardheere,0,0,0
1479,,Dayniile,Wardheere,6,7,9
1480,,Dayniile,Wardheere,4,4,1
1481,,Dayniile,Wardheere,0,0,0
1482,,Dayniile,Wardheere,13,16,8
1483,,Dayniile,Wardheere,0,0,0
1484,,Dayniile,Wardheere,17,17,20
1485,,Dayniile,Wardheere,4,6,7
1486,,Dayniile,Wardheere,0,0,0
1487,,Dayniile,Wardheere,0,0,0
1488,,Dayniile,Wardheere,2,3,2
1489,,Dayniile,Wardheere,7,7,4
1490,,Dayniile,Wardheere,6,6,7
1491,,Dayniile,Wardheere,4,4,6
1492,,Dayniile,Wardheere,8,8,7
1493,,Dayniile,Wardheere,0,0,0
1494,,Dayniile,Wardheere,0,0,0
1495,,Dayniile,Wardheere,5,5,4
1496,,Dayniile,Wardheere,0,0,0
1497,,Dayniile,Wardheere,5,4,4
1498,,Dayniile,Wardheere,0,0,0
1499,,Dayniile,Wardheere,8,9,10
1500,,Dayniile,Wardheere,7,6,7
1501,,Dayniile,Wardheere,3,4,3
1502,,Dayniile,Wardheere,4,4,4
1503,,Dayniile,Wardheere,4,2,3
1504,,Dayniile,Wardheere,3,4,3
1505,,Dayniile,Wardheere,0,0,0
1506,,Dayniile,Wardheere,5,4,4
1507,,Dayniile,Wardheere,2,2,3
1508,,Dayniile,Wardheere,4,4,6
1509,,Dayniile,Wardheere,5,4,6
1510,,Dayniile,Wardheere,3,4,2
1511,,Dayniile,Wardheere,2,3,2
1512,,Dayniile,Wardheere,0,0,0
1513,,Dayniile,Wardheere,3,2,4
1514,,Dayniile,Wardheere,0,0,0
1515,,Dayniile,Wardheere,8,7,8
1516,,Dayniile,Wardheere,0,0,0
1517,,Dayniile,Wardheere,5,4,3
1518,,Dayniile,Wardheere,5,5,4
1519,,Dayniile,Wardheere,0,0,0
1520,,Dayniile,Wardheere,8,6,6
1521,,Dayniile,Wardheere,7,7,7
1522,,Dayniile,Wardheere,7,6,6
1523,,Dayniile,Wardheere,6,7,9
1524,,Dayniile,Wardheere,7,5,3
1525,,Dayniile,Wardheere,8,10,10
1526,,Dayniile,Wardheere,0,0,0
1527,,Dayniile,Wardheere,0,0,0
1528,,Dayniile,Wardheere,7,5,3
1529,,Dayniile,Wardheere,2,4,4
1530,,Dayniile,Wardheere,0,0,0
1531,,Dayniile,Wardheere,0,0,0
1532,,Dayniile,Wardheere,0,0,0
1533,,Dayniile,Wardheere,5,6,6
1534,,Dayniile,Wardheere,8,7,13
1535,,Dayniile,Wardheere,6,7,3
1536,,Dayniile,Wardheere,0,0,0
1537,,Dayniile,Wardheere,0,0,0
1538,,Dayniile,Wardheere,4140,3856,3806
1539,,Dayniile,Wardheere,0,0,199
1540,,Dayniile,Wardheere,0,0,0
1541,,Dayniile,Wardheere,0,0,0
1542,,Dayniile,Wardheere,0,0,0
1543,,Dayniile,Wardheere,0,0,0
1544,,Dayniile,Wardheere,0,0,0
1545,,Dayniile,Wardheere,0,0,0
1546,,Dayniile,Wardheere,0,0,0
1547,,Dayniile,Wardheere,0,0,0
1548,,Dayniile,Wardheere,0,0,0
1549,,Dayniile,Wardheere,0,0,0
1550,,Dayniile,Wardheere,0,0,0
1551,,Dayniile,Wardheere,0,0,0
1552,,Dayniile,Wardheere,0,0,0
1553,,Dayniile,Wardheere,0,0,0
1554,,Dayniile,Wardheere,0,0,0
1555,,Dayniile,Wardheere,0,0,0
1556,,Dayniile,Wardheere,51,45,59
1557,,Dayniile,Wardheere,8,7,7
1558,,Dayniile,Wardheere,3,3,2
1559,,Dayniile,Wardheere,20,20,10
1560,,Dayniile,Wardheere,3,7,8
1561,,Dayniile,Wardheere,6,6,6
1562,,Dayniile,Wardheere,7,6,10
1563,,Dayniile,Wardheere,21,20,19
1564,,Dayniile,Wardheere,6,4,4
1565,,Dayniile,Wardheere,11,11,10
1566,,Dayniile,Wardheere,8,8,10
1567,,Dayniile,Wardheere,10,8,10
1568,,Dayniile,Wardheere,0,0,0
1569,,Dayniile,Wardheere,15,10,15
1570,,Dayniile,Wardheere,5,5,5
1571,,Dayniile,Wardheere,8,6,4
1572,,Dayniile,Wardheere,1,3,3
1573,,Dayniile,Wardheere,14,21,15
1574,,Dayniile,Wardheere,11,1,1
1575,,Dayniile,Wardheere,0,0,0
1576,,Dayniile,Wardheere,14,12,16
1577,,Dayniile,Wardheere,10,10,11
1578,,Dayniile,Wardheere,6,4,2
1579,,Dayniile,Wardheere,6,6,7
1580,,Dayniile,Wardheere,4,3,5
1581,,Dayniile,Wardheere,8,9,10
1582,,Dayniile,Wardheere,7,7,9
1583,,Dayniile,Wardheere,2,2,2
1584,,Dayniile,Wardheere,8,5,6
1585,,Dayniile,Wardheere,11,11,12
1586,,Dayniile,Wardheere,9,11,10
1587,,Dayniile,Wardheere,0,0,0
1588,,Dayniile,Wardheere,6,6,6
1589,,Dayniile,Wardheere,0,0,0
1590,,Dayniile,Wardheere,1,1,0
1591,,Dayniile,Wardheere,0,0,0
1592,,Dayniile,Wardheere,0,0,0
1593,,Dayniile,Wardheere,6,8,7
1594,,Dayniile,Wardheere,0,0,0
1595,,Dayniile,Wardheere,5,5,6
1596,,Dayniile,Wardheere,6,7,7
1597,,Dayniile,Wardheere,0,0,0
1598,,Dayniile,Wardheere,0,0,0
1599,,Dayniile,Wardheere,7,8,8
1600,,Dayniile,Wardheere,0,0,0
1601,,Dayniile,Wardheere,6,8,5
1602,,Dayniile,Wardheere,1,1,3
1603,,Dayniile,Wardheere,0,0,0
1604,,Dayniile,Wardheere,0,0,0
1605,,Dayniile,Wardheere,0,0,0
1606,,Dayniile,Wardheere,2,2,3
1607,,Dayniile,Wardheere,0,0,0
1608,,Dayniile,Wardheere,3,4,3
1609,,Dayniile,Wardheere,2,3,2
1610,,Dayniile,Wardheere,6,9,7
1611,,Dayniile,Wardheere,0,0,0
1612,,Dayniile,Wardheere,0,0,0
1613,,Dayniile,Wardheere,5,0,0
1614,,Dayniile,Wardheere,40,60,32
1615,,Dayniile,Wardheere,0,0,0
5855,,Dayniile,Wardheere,5,9,5
5859,,Dayniile,Wardheere,11,14,22
5865,,Dayniile,Wardheere,30,26,35
5866,,Dayniile,Wardheere,8,13,9
5867,,Dayniile,Wardheere,7,8,7
5868,,Dayniile,Wardheere,18,16,20
5871,,Dayniile,Wardheere,12,12,13
5875,,Dayniile,Wardheere,3,4,3
5876,,Dayniile,Wardheere,4,5,6
5877,,Dayniile,Wardheere,15,11,13
5879,,Dayniile,Wardheere,4,4,5
5882,,Dayniile,Wardheere,5,7,5
5884,,Dayniile,Wardheere,3,5,12
5885,,Dayniile,Wardheere,7,6,6
5888,,Dayniile,Wardheere,4,4,5
5889,,Dayniile,Wardheere,1,1,1
5890,,Dayniile,Wardheere,19,18,24
5891,,Dayniile,Wardheere,5,4,6
5892,,Dayniile,Wardheere,9,6,12
5893,,Dayniile,Wardheere,5,4,7
5894,,Dayniile,Wardheere,6,5,5
5902,,Dayniile,Wardheere,4,3,5
5903,,Dayniile,Wardheere,6,5,7
5906,,Dayniile,Wardheere,3,2,4
5907,,Dayniile,Wardheere,7,8,10
5909,,Dayniile,Wardheere,2,3,2
5910,,Dayniile,Wardheere,3,2,4
5912,,Dayniile,Wardheere,12,12,15
5914,,Dayniile,Wardheere,19,18,24
5915,,Dayniile,Wardheere,11,11,15
5916,,Dayniile,Wardheere,2,3,3
5917,,Dayniile,Wardheere,7,7,9
5918,,Dayniile,Wardheere,5,8,11
5919,,Dayniile,Wardheere,4,5,4
5920,,Dayniile,Wardheere,4,3,3
5921,,Dayniile,Wardheere,6,7,7
5922,,Dayniile,Wardheere,13,12,12
5923,,Dayniile,Wardheere,7,6,7
5924,,Dayniile,Wardheere,20,21,41
5925,,Dayniile,Wardheere,7,7,9
5926,,Dayniile,Wardheere,5,4,4
5928,,Dayniile,Wardheere,15,16,14
5929,,Dayniile,Wardheere,10,9,13
5930,,Dayniile,Wardheere,10,7,11
5931,,Dayniile,Wardheere,5,5,7
5932,,Dayniile,Wardheere,6,5,7
5933,,Dayniile,Wardheere,7,5,6
5934,,Dayniile,Wardheere,4,5,5
5939,,Dayniile,Wardheere,3,3,4
5943,,Dayniile,Wardheere,8,8,10
5945,,Dayniile,Wardheere,6,4,3
5946,,Dayniile,Wardheere,12,10,17
5951,,Dayniile,Wardheere,2,4,1
5953,,Dayniile,Wardheere,1,2,1
5954,,Dayniile,Wardheere,1,5,1
5956,,Dayniile,Wardheere,8,7,6
5957,,Dayniile,Wardheere,5,4,6
5958,,Dayniile,Wardheere,1,2,1
6317,,Dayniile,Wardheere,5,4,3
6357,,Dayniile,Wardheere,4,5,8
6363,,Dayniile,Wardheere,10,8,5
6365,,Dayniile,Wardheere,0,0,0
6366,,Dayniile,Wardheere,0,0,0
6367,,Dayniile,Wardheere,0,0,0
6439,,Dayniile,Wardheere,7,6,8
6440,,Dayniile,Wardheere,7,8,12
6441,,Dayniile,Wardheere,1,1,1
6442,,Dayniile,Wardheere,11,9,10
6443,,Dayniile,Wardheere,7,6,8
6444,,Dayniile,Wardheere,0,0,0
6445,,Dayniile,Wardheere,10,9,8
6446,,Dayniile,Wardheere,28,27,33
6447,,Dayniile,Wardheere,1,2,2
6448,,Dayniile,Wardheere,0,0,0
6449,,Dayniile,Wardheere,10,6,7
6450,,Dayniile,Wardheere,9,6,7
6451,,Dayniile,Wardheere,10,10,11
6452,,Dayniile,Wardheere,5,7,7
6453,,Dayniile,Wardheere,4,4,3
6454,,Dayniile,Wardheere,5,6,7
6455,,Dayniile,Wardheere,2,3,3
6456,,Dayniile,Wardheere,0,0,0
6457,,Dayniile,Wardheere,5,6,9
6458,,Dayniile,Wardheere,8,5,7
6459,,Dayniile,Wardheere,1,9,9
6460,,Dayniile,Wardheere,9,9,10
6461,,Dayniile,Wardheere,2,2,1
6462,,Dayniile,Wardheere,0,0,0
6463,,Dayniile,Wardheere,4,7,5
6464,,Dayniile,Wardheere,5,7,4
6465,,Dayniile,Wardheere,28,31,34
6466,,Dayniile,Wardheere,6,6,5
6467,,Dayniile,Wardheere,0,0,0
6468,,Dayniile,Wardheere,0,0,0
6469,,Dayniile,Wardheere,0,0,0
6470,,Dayniile,Wardheere,0,0,0
6471,,Dayniile,Wardheere,4,3,4
6472,,Dayniile,Wardheere,10,11,11
6473,,Dayniile,Wardheere,0,0,0
6892,,Dayniile,Wardheere,13,10,13
6895,,Dayniile,Wardheere,5,6,7
6896,,Dayniile,Wardheere,3,3,7
6897,,Dayniile,Wardheere,4,5,5
6898,,Dayniile,Wardheere,8,7,7
6900,,Dayniile,Wardheere,10,8,10
6903,,Dayniile,Wardheere,3,3,5
6904,,Dayniile,Wardheere,1,2,5
6938,,Dayniile,Wardheere,0,0,0
6939,,Dayniile,Wardheere,0,0,0
6940,,Dayniile,Wardheere,0,0,0
6941,,Dayniile,Wardheere,0,0,0
6942,,Dayniile,Wardheere,0,0,0
6943,,Dayniile,Wardheere,0,0,0
6944,,Dayniile,Wardheere,0,0,0
7039,,Dayniile,Wardheere,2,2,2
7040,,Dayniile,Wardheere,6,6,7
7041,,Dayniile,Wardheere,12,10,11
7042,,Dayniile,Wardheere,7,7,8
7043,,Dayniile,Wardheere,5,7,8
7044,,Dayniile,Wardheere,13,14,15
7045,,Dayniile,Wardheere,2,2,2
7046,,Dayniile,Wardheere,14,14,13
7047,,Dayniile,Wardheere,0,0,0
7048,,Dayniile,Wardheere,11,12,13
7049,,Dayniile,Wardheere,0,0,0
7050,,Dayniile,Wardheere,19,25,18
7051,,Dayniile,Wardheere,11,13,13
7052,,Dayniile,Wardheere,16,12,12
7053,,Dayniile,Wardheere,6,6,3
7054,,Dayniile,Wardheere,11,11,11
7055,,Dayniile,Wardheere,7,7,6
7056,,Dayniile,Wardheere,5,7,7
7057,,Dayniile,Wardheere,5,4,4
7058,,Dayniile,Wardheere,0,0,0
7059,,Dayniile,Wardheere,0,0,0
7060,,Dayniile,Wardheere,7,6,6
7061,,Dayniile,Wardheere,6,6,6
7062,,Dayniile,Wardheere,8,10,7
7063,,Dayniile,Wardheere,0,0,0
7064,,Dayniile,Wardheere,16,16,21
7065,,Dayniile,Wardheere,5,6,7
7066,,Dayniile,Wardheere,0,0,0
7067,,Dayniile,Wardheere,0,0,0
7068,,Dayniile,Wardheere,0,0,0
7069,,Dayniile,Wardheere,4,5,4
7070,,Dayniile,Wardheere,10,5,7
7071,,Dayniile,Wardheere,8,13,13
7072,,Dayniile,Wardheere,0,0,0
7073,,Dayniile,Wardheere,7,5,5
7074,,Dayniile,Wardheere,1,2,2
7075,,Dayniile,Wardheere,7,7,4
7076,,Dayniile,Wardheere,6,5,5
7077,,Dayniile,Wardheere,6,5,2
7078,,Dayniile,Wardheere,0,0,0
7079,,Dayniile,Wardheere,0,0,0
7080,,Dayniile,Wardheere,11,8,14
7081,,Dayniile,Wardheere,0,0,0
7082,,Dayniile,Wardheere,15,16,17
7083,,Dayniile,Wardheere,8,8,11
7084,,Dayniile,Wardheere,6,6,7
7085,,Dayniile,Wardheere,7,8,9
7659,,Dayniile,Wardheere,18,17,29
7662,,Dayniile,Wardheere,5,4,3
7663,,Dayniile,Wardheere,8,7,5
7664,,Dayniile,Wardheere,14,14,18
7665,,Dayniile,Wardheere,6,8,9
7667,,Dayniile,Wardheere,1,1,3
7668,,Dayniile,Wardheere,2,10,18
7669,,Dayniile,Wardheere,5,5,5
7670,,Dayniile,Wardheere,6,7,10
7671,,Dayniile,Wardheere,5,6,6
7675,,Dayniile,Wardheere,11,10,10
7696,,Dayniile,Wardheere,0,0,0
7748,,Dayniile,Wardheere,7,7,9
7749,,Dayniile,Wardheere,28,33,44
7750,,Dayniile,Wardheere,0,0,0
7751,,Dayniile,Wardheere,7,6,4
7752,,Dayniile,Wardheere,3,2,2
7753,,Dayniile,Wardheere,0,0,0
7754,,Dayniile,Wardheere,0,0,0
7755,,Dayniile,Wardheere,2,2,3
7756,,Dayniile,Wardheere,5,7,6
7757,,Dayniile,Wardheere,5,5,5
7758,,Dayniile,Wardheere,0,0,0
7759,,Dayniile,Wardheere,0,0,0
7760,,Dayniile,Wardheere,8,7,9
7761,,Dayniile,Wardheere,6,6,9
7762,,Dayniile,Wardheere,0,0,0
8044,,Dayniile,Wardheere,2,2,5
8047,,Dayniile,Wardheere,8,8,10
8048,,Dayniile,Wardheere,4,5,7
8068,,Dayniile,Wardheere,0,0,0
8069,,Dayniile,Wardheere,0,0,0
8070,,Dayniile,Wardheere,0,0,0
8121,,Dayniile,Wardheere,5,6,17
8122,,Dayniile,Wardheere,8,7,10
8123,,Dayniile,Wardheere,0,0,0
8124,,Dayniile,Wardheere,0,0,0
8125,,Dayniile,Wardheere,0,0,0
8126,,Dayniile,Wardheere,8,8,6
8127,,Dayniile,Wardheere,0,0,0
8128,,Dayniile,Wardheere,0,0,0
8129,,Dayniile,Wardheere,0,0,0
8130,,Dayniile,Wardheere,20,21,20
8131,,Dayniile,Wardheere,19,14,18
8132,,Dayniile,Wardheere,9,10,10
8133,,Dayniile,Wardheere,0,0,0
8134,,Dayniile,Wardheere,0,0,0
8135,,Dayniile,Wardheere,2,2,4
8136,,Dayniile,Wardheere,4,4,4
8137,,Dayniile,Wardheere,10,11,15
8138,,Dayniile,Wardheere,4,5,5
8139,,Dayniile,Wardheere,9,12,12
8140,,Dayniile,Wardheere,0,0,0
8141,,Dayniile,Wardheere,3,3,3
8142,,Dayniile,Wardheere,0,0,0
8143,,Dayniile,Wardheere,0,0,0
8144,,Dayniile,Wardheere,0,0,0
8145,,Dayniile,Wardheere,0,0,0
8146,,Dayniile,Wardheere,9,7,11
8147,,Dayniile,Wardheere,0,0,0
8148,,Dayniile,Wardheere,2,1,1
8149,,Dayniile,Wardheere,0,0,3
8150,,Dayniile,Wardheere,4,7,5
8151,,Dayniile,Wardheere,13,11,10
8552,,Dayniile,Wardheere,3,1,2
8553,,Dayniile,Wardheere,13,10,11
8555,,Dayniile,Wardheere,1,1,3
8566,,Dayniile,Wardheere,11,6,6
8591,,Dayniile,Wardheere,0,0,0
8592,,Dayniile,Wardheere,0,0,0
8709,,Dayniile,Wardheere,0,0,0
8752,,Dayniile,Wardheere,0,0,0
8753,,Dayniile,Wardheere,3,7,4
8754,,Dayniile,Wardheere,6,7,10
8755,,Dayniile,Wardheere,10,11,9
8756,,Dayniile,Wardheere,5,8,6
8757,,Dayniile,Wardheere,4,6,8
8758,,Dayniile,Wardheere,19,17,11
8759,,Dayniile,Wardheere,8,7,12
8760,,Dayniile,Wardheere,4,6,4
8761,,Dayniile,Wardheere,9,12,9
8762,,Dayniile,Wardheere,0,0,0
8763,,Dayniile,Wardheere,12,11,9
9017,,Dayniile,Wardheere,9,26,17
9018,,Dayniile,Wardheere,3,2,6
9030,,Dayniile,Wardheere,0,0,0
9051,,Dayniile,Wardheere,8,10,10
9052,,Dayniile,Wardheere,0,0,0
9053,,Dayniile,Wardheere,9,11,9
9054,,Dayniile,Wardheere,4,4,3
9055,,Dayniile,Wardheere,4,5,3
9056,,Dayniile,Wardheere,6,9,10
9156,,Dayniile,Wardheere,7,9,15
9157,,Dayniile,Wardheere,5,7,8
9170,,Dayniile,Wardheere,0,0,0
9171,,Dayniile,Wardheere,0,0,0
9172,,Dayniile,Wardheere,0,0,0
9173,,Dayniile,Wardheere,0,0,0
9239,,Dayniile,Wardheere,18,22,23
9240,,Dayniile,Wardheere,3,2,3
9241,,Dayniile,Wardheere,0,0,0
9242,,Dayniile,Wardheere,9,12,13
9243,,Dayniile,Wardheere,7,7,8
9244,,Dayniile,Wardheere,3,10,10
9245,,Dayniile,Wardheere,10,9,9
9246,,Dayniile,Wardheere,0,0,0
9247,,Dayniile,Wardheere,7,7,8
9248,,Dayniile,Wardheere,8,9,8
9249,,Dayniile,Wardheere,0,0,0
9250,,Dayniile,Wardheere,0,0,0
9251,,Dayniile,Wardheere,7,8,8
9252,,Dayniile,Wardheere,11,12,13
9253,,Dayniile,Wardheere,10,11,13
9254,,Dayniile,Wardheere,6,6,9
9488,,Dayniile,Wardheere,12,15,9
9489,,Dayniile,Wardheere,8,7,9
9490,,Dayniile,Wardheere,3,3,5
9491,,Dayniile,Wardheere,5,4,11
9518,,Dayniile,Wardheere,15,18,18
9576,,Dayniile,Wardheere,0,0,0
9587,,Dayniile,Wardheere,0,0,0
9588,,Dayniile,Wardheere,0,0,0
9589,,Dayniile,Wardheere,7,15,16
9590,,Dayniile,Wardheere,5,5,5
9591,,Dayniile,Wardheere,0,0,0
9592,,Dayniile,Wardheere,5,6,6
9656,,Dayniile,Wardheere,27,11,17
9667,,Dayniile,Wardheere,0,0,0
9689,,Dayniile,Wardheere,9,10,11
9703,,Dayniile,Wardheere,9,9,8
9704,,Dayniile,Wardheere,5,9,9
9705,,Dayniile,Wardheere,10,10,9
9802,,Dayniile,Wardheere,0,0,0
9803,,Dayniile,Wardheere,8,8,7
9804,,Dayniile,Wardheere,0,0,0
9848,,Dayniile,Wardheere,5,4,5
9876,,Dayniile,Wardheere,0,0,0
9885,,Dayniile,Wardheere,1,1,2
9886,,Dayniile,Wardheere,0,0,0
9887,,Dayniile,Wardheere,4,5,6
9960,,Dayniile,Wardheere,21,16,18
9980,,Dayniile,Wardheere,3,4,7
10012,,Dayniile,Wardheere,0,0,0
10013,,Dayniile,Wardheere,0,0,0
10014,,Dayniile,Wardheere,0,0,0
10053,,Dayniile,Wardheere,5,6,6
10074,,Dayniile,Wardheere,15,22,25
10075,,Dayniile,Wardheere,0,0,0
10076,,Dayniile,Wardheere,12,14,18
10077,,Dayniile,Wardheere,10,10,10
10107,,Dayniile,Wardheere,6,4,4
10119,,Dayniile,Wardheere,8,4,10
10128,,Dayniile,Wardheere,21,21,25
10152,,Dayniile,Wardheere,10,8,12
10163,,Dayniile,Wardheere,5,7,7
10172,,Dayniile,Wardheere,7,7,9
10173,,Dayniile,Wardheere,6,5,7
10203,,Dayniile,Wardheere,3,3,5
10238,,Dayniile,Wardheere,0,0,0
10263,,Dayniile,Wardheere,0,0,0
10275,,Dayniile,Wardheere,0,0,0
10276,,Dayniile,Wardheere,14,16,16
10318,,Dayniile,Wardheere,2,1,5
10319,,Dayniile,Wardheere,1,2,1
10320,,Dayniile,Wardheere,0,0,0
10321,,Dayniile,Wardheere,1,5,5
10383,,Dayniile,Wardheere,0,0,0
10426,,Dayniile,Wardheere,0,0,0
10456,,Dayniile,Wardheere,0,0,0
10457,,Dayniile,Wardheere,0,0,0
10488,,Dayniile,Wardheere,22,27,20
10495,,Dayniile,Wardheere,11,11,11
10498,,Dayniile,Wardheere,14,10,15
10510,,Dayniile,Wardheere,0,0,0
10511,,Dayniile,Wardheere,7,6,8
10535,,Dayniile,Wardheere,15,17,15
10536,,Dayniile,Wardheere,7,7,10
10541,,Dayniile,Wardheere,1,3,6
10543,,Dayniile,Wardheere,20,35,29
10557,,Dayniile,Wardheere,5,6,3
10574,,Dayniile,Wardheere,0,0,0
10575,,Dayniile,Wardheere,9,12,11
10576,,Dayniile,Wardheere,0,0,0
10577,,Dayniile,Wardheere,4,3,2
10578,,Dayniile,Wardheere,5,3,5
10579,,Dayniile,Wardheere,4,2,1
10580,,Dayniile,Wardheere,4,7,5
10581,,Dayniile,Wardheere,12,8,8
10638,,Dayniile,Wardheere,1,4,4
10651,,Dayniile,Wardheere,8,8,8
10668,,Dayniile,Wardheere,21,22,26
10687,,Dayniile,Wardheere,15,16,22
10718,,Dayniile,Wardheere,0,0,0
10756,,Dayniile,Wardheere,0,0,0
10773,,Dayniile,Wardheere,0,0,0
10774,,Dayniile,Wardheere,0,0,0
10797,,Dayniile,Wardheere,5,4,3
10838,,Dayniile,Wardheere,0,0,0
10839,,Dayniile,Wardheere,4,4,5
10855,,Dayniile,Wardheere,0,0,0
10875,,Dayniile,Wardheere,6,4,6
10893,,Dayniile,Wardheere,0,0,0
10899,,Dayniile,Wardheere,5,6,8
10904,,Dayniile,Wardheere,1,1,1
10949,,Dayniile,Wardheere,6,2,3
10968,,Dayniile,Wardheere,0,0,0
10987,,Dayniile,Wardheere,7,7,8
10994,,Dayniile,Wardheere,0,0,0
10998,,Dayniile,Wardheere,7,9,11
11006,,Dayniile,Wardheere,9,10,10
11007,,Dayniile,Wardheere,3,3,2
11037,,Dayniile,Wardheere,9,10,10
11072,,Dayniile,Wardheere,6,5,6
11074,,Dayniile,Wardheere,15,15,16
11082,,Dayniile,Wardheere,6,0,6
11083,,Dayniile,Wardheere,0,0,0
11132,,Dayniile,Wardheere,0,0,0
11147,,Dayniile,Wardheere,0,0,0
11159,,Dayniile,Wardheere,0,0,0
11169,,Dayniile,Wardheere,0,0,0
11183,,Dayniile,Wardheere,5,6,6
11196,,Dayniile,Wardheere,6,5,4
11197,,Dayniile,Wardheere,10,10,12
11207,,Dayniile,Wardheere,0,0,0
11213,,Dayniile,Wardheere,27,28,28
11219,,Dayniile,Wardheere,5,5,3
11248,,Dayniile,Wardheere,12,10,11
11249,,Dayniile,Wardheere,0,0,0
11251,,Dayniile,Wardheere,7,4,7
11267,,Dayniile,Wardheere,9,9,10
11270,,Dayniile,Wardheere,21,16,17
11283,,Dayniile,Wardheere,9,8,9
11285,,Dayniile,Wardheere,0,0,0
11315,,Dayniile,Wardheere,6,11,11
11332,,Dayniile,Wardheere,17,24,32
11334,,Dayniile,Wardheere,6,7,6
11340,,Dayniile,Wardheere,6,5,0
11341,,Dayniile,Wardheere,13,10,11
11347,,Dayniile,Wardheere,0,0,0
11353,,Dayniile,Wardheere,0,0,0
11355,,Dayniile,Wardheere,8,8,9
11365,,Dayniile,Wardheere,18,14,14
11378,,Dayniile,Wardheere,11,12,13
11379,,Dayniile,Wardheere,5,6,6
11385,,Dayniile,Wardheere,9,9,7
11386,,Dayniile,Wardheere,10,6,6
11405,,Dayniile,Wardheere,19,19,19
11422,,Dayniile,Wardheere,9,8,9
11425,,Dayniile,Wardheere,10,9,7
11431,,Dayniile,Wardheere,10,9,12
11439,,Dayniile,Wardheere,4,9,12
11451,,Dayniile,Wardheere,9,10,10
11461,,Dayniile,Wardheere,8,7,9
11467,,Dayniile,Wardheere,15,19,19
11470,,Dayniile,Wardheere,12,10,8
11521,,Dayniile,Wardheere,4,2,3
11522,,Dayniile,Wardheere,65,54,59
11523,,Dayniile,Wardheere,17,15,20
11576,,Dayniile,Wardheere,3,1,2
11577,,Dayniile,Wardheere,6,7,5
12974,,Dayniile,Wardheere,0,0,1
12975,,Dayniile,Wardheere,0,0,1
12976,,Dayniile,Wardheere,0,0,15
12977,,Dayniile,Wardheere,0,0,7
12979,,Dayniile,Wardheere,0,0,5
12980,,Dayniile,Wardheere,0,0,3
189,,Dayniile,Raadeel,2,2,2
223,,Dayniile,Raadeel,11,12,11
288,,Dayniile,Raadeel,3,4,3
289,,Dayniile,Raadeel,8,10,9
325,,Dayniile,Raadeel,6,7,6
326,,Dayniile,Raadeel,7,9,7
327,,Dayniile,Raadeel,6,8,6
328,,Dayniile,Raadeel,9,10,9
329,,Dayniile,Raadeel,8,9,9
441,,Dayniile,Raadeel,7,4,6
442,,Dayniile,Raadeel,4,6,5
443,,Dayniile,Raadeel,21,28,19
444,,Dayniile,Raadeel,10,9,8
445,,Dayniile,Raadeel,5,4,4
446,,Dayniile,Raadeel,3,3,2
447,,Dayniile,Raadeel,7,5,7
448,,Dayniile,Raadeel,6,6,6
449,,Dayniile,Raadeel,1,1,1
450,,Dayniile,Raadeel,9,8,8
451,,Dayniile,Raadeel,3,5,3
452,,Dayniile,Raadeel,7,7,6
453,,Dayniile,Raadeel,4,0,1
454,,Dayniile,Raadeel,2,3,2
455,,Dayniile,Raadeel,21,27,24
456,,Dayniile,Raadeel,4,2,2
457,,Dayniile,Raadeel,5,6,7
458,,Dayniile,Raadeel,6,5,7
459,,Dayniile,Raadeel,6,7,4
460,,Dayniile,Raadeel,4,3,4
461,,Dayniile,Raadeel,3,2,3
462,,Dayniile,Raadeel,4,4,4
463,,Dayniile,Raadeel,5,6,6
464,,Dayniile,Raadeel,8,7,6
465,,Dayniile,Raadeel,6,4,5
466,,Dayniile,Raadeel,2,3,3
1616,,Dayniile,Raadeel,7,10,4
1617,,Dayniile,Raadeel,6,6,6
1618,,Dayniile,Raadeel,7,9,8
1619,,Dayniile,Raadeel,5,5,4
1620,,Dayniile,Raadeel,13,14,11
1621,,Dayniile,Raadeel,6,6,7
1622,,Dayniile,Raadeel,8,8,8
1623,,Dayniile,Raadeel,8,9,7
1624,,Dayniile,Raadeel,5,6,6
1625,,Dayniile,Raadeel,3,4,3
1626,,Dayniile,Raadeel,3,3,4
1627,,Dayniile,Raadeel,3,2,3
1628,,Dayniile,Raadeel,129,107,127
1629,,Dayniile,Raadeel,18,16,17
1630,,Dayniile,Raadeel,3,3,3
1631,,Dayniile,Raadeel,4,1,2
1632,,Dayniile,Raadeel,6,6,4
1633,,Dayniile,Raadeel,7,9,2
1634,,Dayniile,Raadeel,5,5,4
1635,,Dayniile,Raadeel,2,3,2
1636,,Dayniile,Raadeel,4,4,4
1637,,Dayniile,Raadeel,7,8,8
1638,,Dayniile,Raadeel,5,5,5
1639,,Dayniile,Raadeel,7,2,2
1640,,Dayniile,Raadeel,5,5,4
1641,,Dayniile,Raadeel,1,4,3
1642,,Dayniile,Raadeel,4,4,4
1643,,Dayniile,Raadeel,5,5,4
1644,,Dayniile,Raadeel,2,1,1
1645,,Dayniile,Raadeel,4,5,6
1646,,Dayniile,Raadeel,7,6,5
1647,,Dayniile,Raadeel,4,5,4
1648,,Dayniile,Raadeel,7,7,9
1649,,Dayniile,Raadeel,7,4,5
1650,,Dayniile,Raadeel,16,15,16
1651,,Dayniile,Raadeel,7,5,5
1652,,Dayniile,Raadeel,26,37,32
1653,,Dayniile,Raadeel,11,11,9
1654,,Dayniile,Raadeel,12,11,10
1655,,Dayniile,Raadeel,4,3,3
1656,,Dayniile,Raadeel,1,1,2
1657,,Dayniile,Raadeel,5,4,6
1658,,Dayniile,Raadeel,5,7,6
1659,,Dayniile,Raadeel,13,16,16
1660,,Dayniile,Raadeel,5,6,6
1661,,Dayniile,Raadeel,3,1,2
1662,,Dayniile,Raadeel,10,6,7
1663,,Dayniile,Raadeel,6,8,7
1664,,Dayniile,Raadeel,3,4,3
1665,,Dayniile,Raadeel,5,4,8
1666,,Dayniile,Raadeel,7,7,8
1667,,Dayniile,Raadeel,5,6,7
1668,,Dayniile,Raadeel,3,1,2
1669,,Dayniile,Raadeel,5,4,7
1670,,Dayniile,Raadeel,11,9,11
1671,,Dayniile,Raadeel,5,5,4
1672,,Dayniile,Raadeel,5,4,6
1673,,Dayniile,Raadeel,4,4,5
1674,,Dayniile,Raadeel,6,7,6
1675,,Dayniile,Raadeel,5,6,5
1676,,Dayniile,Raadeel,8,9,10
1677,,Dayniile,Raadeel,4,4,3
1678,,Dayniile,Raadeel,7,6,7
1679,,Dayniile,Raadeel,7,7,8
1680,,Dayniile,Raadeel,3,2,2
1681,,Dayniile,Raadeel,8,9,13
1682,,Dayniile,Raadeel,10,9,11
1683,,Dayniile,Raadeel,10,8,14
1684,,Dayniile,Raadeel,2,2,1
1685,,Dayniile,Raadeel,11,12,7
1686,,Dayniile,Raadeel,8,9,8
1687,,Dayniile,Raadeel,2,1,2
1688,,Dayniile,Raadeel,6,7,6
1689,,Dayniile,Raadeel,7,7,8
1690,,Dayniile,Raadeel,8,5,7
1691,,Dayniile,Raadeel,5,4,5
1692,,Dayniile,Raadeel,2,1,2
1693,,Dayniile,Raadeel,5,5,6
1694,,Dayniile,Raadeel,7,6,6
1695,,Dayniile,Raadeel,9,9,10
1696,,Dayniile,Raadeel,7,8,10
1697,,Dayniile,Raadeel,22,29,32
1698,,Dayniile,Raadeel,9,9,10
1699,,Dayniile,Raadeel,5,6,6
1700,,Dayniile,Raadeel,24,13,12
1701,,Dayniile,Raadeel,9,8,7
1702,,Dayniile,Raadeel,5,5,4
1703,,Dayniile,Raadeel,5,5,7
1704,,Dayniile,Raadeel,9,8,9
1705,,Dayniile,Raadeel,2,4,3
1706,,Dayniile,Raadeel,3,3,2
1707,,Dayniile,Raadeel,8,10,9
1708,,Dayniile,Raadeel,8,10,9
1709,,Dayniile,Raadeel,8,7,7
1710,,Dayniile,Raadeel,4,1,1
1711,,Dayniile,Raadeel,3,4,3
1712,,Dayniile,Raadeel,13,16,13
1713,,Dayniile,Raadeel,7,8,6
1714,,Dayniile,Raadeel,5,3,4
1715,,Dayniile,Raadeel,6,6,6
1716,,Dayniile,Raadeel,3,3,3
1717,,Dayniile,Raadeel,8,8,8
1718,,Dayniile,Raadeel,8,9,8
1719,,Dayniile,Raadeel,4,3,3
1720,,Dayniile,Raadeel,1,1,1
1721,,Dayniile,Raadeel,2,0,4
1722,,Dayniile,Raadeel,1,2,3
1723,,Dayniile,Raadeel,9,9,10
1724,,Dayniile,Raadeel,5,4,4
1725,,Dayniile,Raadeel,8,10,9
1726,,Dayniile,Raadeel,4,4,3
1727,,Dayniile,Raadeel,3,5,3
1728,,Dayniile,Raadeel,10,9,9
1729,,Dayniile,Raadeel,3,2,2
1730,,Dayniile,Raadeel,4,4,5
1731,,Dayniile,Raadeel,3,2,4
1732,,Dayniile,Raadeel,6,8,7
1733,,Dayniile,Raadeel,4,3,5
1734,,Dayniile,Raadeel,4,3,3
1735,,Dayniile,Raadeel,4,4,4
1736,,Dayniile,Raadeel,1,1,1
1737,,Dayniile,Raadeel,6,6,5
1738,,Dayniile,Raadeel,4,3,3
1739,,Dayniile,Raadeel,3,3,2
1740,,Dayniile,Raadeel,4,4,5
1741,,Dayniile,Raadeel,5,4,4
1742,,Dayniile,Raadeel,5,5,6
1743,,Dayniile,Raadeel,2,1,2
1744,,Dayniile,Raadeel,5,5,5
1745,,Dayniile,Raadeel,10,10,10
1746,,Dayniile,Raadeel,7,7,8
1747,,Dayniile,Raadeel,10,11,13
1748,,Dayniile,Raadeel,13,8,7
1749,,Dayniile,Raadeel,7,6,8
1750,,Dayniile,Raadeel,3,3,3
1751,,Dayniile,Raadeel,4,6,3
1752,,Dayniile,Raadeel,5,6,7
1753,,Dayniile,Raadeel,5,5,3
1754,,Dayniile,Raadeel,19,18,25
1755,,Dayniile,Raadeel,2,2,2
1756,,Dayniile,Raadeel,8,5,5
1757,,Dayniile,Raadeel,3,3,3
1758,,Dayniile,Raadeel,2,4,3
1759,,Dayniile,Raadeel,3,3,3
1760,,Dayniile,Raadeel,2,2,2
1761,,Dayniile,Raadeel,6,5,7
1762,,Dayniile,Raadeel,4,4,4
1763,,Dayniile,Raadeel,3,2,5
1764,,Dayniile,Raadeel,0,0,1
1765,,Dayniile,Raadeel,2,2,4
1766,,Dayniile,Raadeel,7,7,7
1767,,Dayniile,Raadeel,4,7,4
1768,,Dayniile,Raadeel,1,1,1
1769,,Dayniile,Raadeel,8,8,8
1770,,Dayniile,Raadeel,3,4,3
1771,,Dayniile,Raadeel,2,3,2
1772,,Dayniile,Raadeel,7,7,8
1773,,Dayniile,Raadeel,3,3,4
1774,,Dayniile,Raadeel,0,0,13
1775,,Dayniile,Raadeel,2,3,2
1776,,Dayniile,Raadeel,2,3,2
1777,,Dayniile,Raadeel,1,1,1
1778,,Dayniile,Raadeel,3,2,2
1779,,Dayniile,Raadeel,7,6,6
1780,,Dayniile,Raadeel,6,4,5
1781,,Dayniile,Raadeel,7,13,12
1782,,Dayniile,Raadeel,2,3,2
1783,,Dayniile,Raadeel,3,3,3
1784,,Dayniile,Raadeel,10,2,2
1785,,Dayniile,Raadeel,2,2,3
1786,,Dayniile,Raadeel,4,4,3
1787,,Dayniile,Raadeel,7,7,4
1788,,Dayniile,Raadeel,4,3,4
1789,,Dayniile,Raadeel,0,0,3
1790,,Dayniile,Raadeel,3,4,4
1791,,Dayniile,Raadeel,6,2,3
1792,,Dayniile,Raadeel,3,3,4
1793,,Dayniile,Raadeel,1,1,2
1794,,Dayniile,Raadeel,15,17,13
1795,,Dayniile,Raadeel,3,3,3
1796,,Dayniile,Raadeel,2,2,3
1797,,Dayniile,Raadeel,10,12,13
1798,,Dayniile,Raadeel,4,1,2
1799,,Dayniile,Raadeel,9,5,15
1800,,Dayniile,Raadeel,3,2,5
1801,,Dayniile,Raadeel,7,8,7
1802,,Dayniile,Raadeel,0,0,0
1803,,Dayniile,Raadeel,2,3,2
1804,,Dayniile,Raadeel,1,1,1
1805,,Dayniile,Raadeel,4,4,4
1806,,Dayniile,Raadeel,4,3,3
1807,,Dayniile,Raadeel,1,2,1
1808,,Dayniile,Raadeel,5,3,4
1809,,Dayniile,Raadeel,7,6,7
1810,,Dayniile,Raadeel,3,3,2
1811,,Dayniile,Raadeel,11,11,11
1812,,Dayniile,Raadeel,12,18,19
1813,,Dayniile,Raadeel,1,1,1
1814,,Dayniile,Raadeel,18,18,14
1815,,Dayniile,Raadeel,4,5,5
1816,,Dayniile,Raadeel,4,3,6
1817,,Dayniile,Raadeel,9,9,6
1818,,Dayniile,Raadeel,7,8,7
1819,,Dayniile,Raadeel,9,9,7
1820,,Dayniile,Raadeel,4,3,3
1821,,Dayniile,Raadeel,22,22,21
1822,,Dayniile,Raadeel,1,3,2
1823,,Dayniile,Raadeel,10,7,5
1824,,Dayniile,Raadeel,2,4,1
1825,,Dayniile,Raadeel,2,2,5
1826,,Dayniile,Raadeel,4,4,5
1827,,Dayniile,Raadeel,3,5,6
1828,,Dayniile,Raadeel,3,2,2
1829,,Dayniile,Raadeel,3,4,4
1830,,Dayniile,Raadeel,3,5,4
1831,,Dayniile,Raadeel,5,5,5
1832,,Dayniile,Raadeel,4,3,5
1833,,Dayniile,Raadeel,70,69,68
1834,,Dayniile,Raadeel,20,15,19
1835,,Dayniile,Raadeel,27,29,39
1836,,Dayniile,Raadeel,1,0,0
1837,,Dayniile,Raadeel,5,5,5
1838,,Dayniile,Raadeel,1,1,1
1839,,Dayniile,Raadeel,33,24,19
1840,,Dayniile,Raadeel,4,3,5
1841,,Dayniile,Raadeel,2,4,3
1842,,Dayniile,Raadeel,3,2,1
1843,,Dayniile,Raadeel,19,18,16
1844,,Dayniile,Raadeel,7,18,15
1845,,Dayniile,Raadeel,1,1,1
1846,,Dayniile,Raadeel,2,2,4
1847,,Dayniile,Raadeel,5,6,5
6315,,Dayniile,Raadeel,2,2,1
6316,,Dayniile,Raadeel,6,6,4
6324,,Dayniile,Raadeel,13,13,14
6326,,Dayniile,Raadeel,2,2,1
6327,,Dayniile,Raadeel,4,13,21
6474,,Dayniile,Raadeel,4,5,4
6475,,Dayniile,Raadeel,4,8,8
6476,,Dayniile,Raadeel,0,0,0
6477,,Dayniile,Raadeel,2,3,4
6478,,Dayniile,Raadeel,5,5,6
6479,,Dayniile,Raadeel,3,3,2
6480,,Dayniile,Raadeel,4,5,5
6481,,Dayniile,Raadeel,6,8,8
6482,,Dayniile,Raadeel,7,8,7
6483,,Dayniile,Raadeel,8,6,3
6484,,Dayniile,Raadeel,8,8,7
6485,,Dayniile,Raadeel,5,5,5
6486,,Dayniile,Raadeel,0,2,5
6487,,Dayniile,Raadeel,2,2,3
6488,,Dayniile,Raadeel,4,4,3
6489,,Dayniile,Raadeel,3,8,4
6490,,Dayniile,Raadeel,4,5,5
6491,,Dayniile,Raadeel,6,6,7
6492,,Dayniile,Raadeel,11,9,11
6493,,Dayniile,Raadeel,3,3,2
6494,,Dayniile,Raadeel,5,7,6
6495,,Dayniile,Raadeel,4,2,3
6496,,Dayniile,Raadeel,1,1,1
6497,,Dayniile,Raadeel,9,6,5
6498,,Dayniile,Raadeel,5,4,4
6499,,Dayniile,Raadeel,5,5,5
6500,,Dayniile,Raadeel,5,4,6
6501,,Dayniile,Raadeel,7,6,6
6502,,Dayniile,Raadeel,4,4,4
6503,,Dayniile,Raadeel,14,14,12
6504,,Dayniile,Raadeel,1,2,1
6505,,Dayniile,Raadeel,12,2,5
6506,,Dayniile,Raadeel,6,7,7
6507,,Dayniile,Raadeel,4,4,4
6508,,Dayniile,Raadeel,4,2,3
6509,,Dayniile,Raadeel,1,0,1
7086,,Dayniile,Raadeel,7,7,7
7087,,Dayniile,Raadeel,4,5,4
7088,,Dayniile,Raadeel,1,1,2
7089,,Dayniile,Raadeel,6,3,4
7090,,Dayniile,Raadeel,5,7,5
7091,,Dayniile,Raadeel,10,14,10
7092,,Dayniile,Raadeel,11,10,8
7093,,Dayniile,Raadeel,5,4,5
7094,,Dayniile,Raadeel,5,4,5
7095,,Dayniile,Raadeel,7,7,6
7096,,Dayniile,Raadeel,7,7,4
7097,,Dayniile,Raadeel,10,7,9
7098,,Dayniile,Raadeel,12,13,17
7099,,Dayniile,Raadeel,6,5,6
7100,,Dayniile,Raadeel,6,6,8
7101,,Dayniile,Raadeel,16,13,14
7102,,Dayniile,Raadeel,6,7,8
7103,,Dayniile,Raadeel,5,5,6
7104,,Dayniile,Raadeel,7,7,7
7105,,Dayniile,Raadeel,4,5,3
7106,,Dayniile,Raadeel,6,7,6
7107,,Dayniile,Raadeel,2,4,2
7108,,Dayniile,Raadeel,5,5,6
7109,,Dayniile,Raadeel,5,6,4
7110,,Dayniile,Raadeel,5,4,5
7111,,Dayniile,Raadeel,3,4,4
7112,,Dayniile,Raadeel,16,16,15
7113,,Dayniile,Raadeel,8,8,2
7114,,Dayniile,Raadeel,5,6,6
7115,,Dayniile,Raadeel,8,8,8
7116,,Dayniile,Raadeel,3,8,10
7117,,Dayniile,Raadeel,11,9,9
7118,,Dayniile,Raadeel,6,7,8
7119,,Dayniile,Raadeel,0,0,2
7120,,Dayniile,Raadeel,1,2,1
7121,,Dayniile,Raadeel,13,13,14
7122,,Dayniile,Raadeel,4,4,5
7123,,Dayniile,Raadeel,4,4,4
7124,,Dayniile,Raadeel,6,7,7
7125,,Dayniile,Raadeel,9,9,7
7126,,Dayniile,Raadeel,9,8,8
7127,,Dayniile,Raadeel,5,4,4
7128,,Dayniile,Raadeel,5,6,5
7129,,Dayniile,Raadeel,2,3,2
7130,,Dayniile,Raadeel,9,8,8
7131,,Dayniile,Raadeel,0,0,0
7132,,Dayniile,Raadeel,10,11,15
7133,,Dayniile,Raadeel,3,2,3
7134,,Dayniile,Raadeel,13,12,10
7135,,Dayniile,Raadeel,24,22,26
7136,,Dayniile,Raadeel,5,4,5
7137,,Dayniile,Raadeel,2,2,2
7138,,Dayniile,Raadeel,3,1,1
7139,,Dayniile,Raadeel,1,1,1
7140,,Dayniile,Raadeel,12,6,7
7692,,Dayniile,Raadeel,16,15,14
7763,,Dayniile,Raadeel,9,12,11
7764,,Dayniile,Raadeel,31,21,0
7765,,Dayniile,Raadeel,3,3,4
7766,,Dayniile,Raadeel,3,2,2
7767,,Dayniile,Raadeel,4,3,4
7768,,Dayniile,Raadeel,6,5,5
7769,,Dayniile,Raadeel,9,9,9
7770,,Dayniile,Raadeel,4,3,4
7771,,Dayniile,Raadeel,6,3,5
7772,,Dayniile,Raadeel,6,7,7
7773,,Dayniile,Raadeel,2,2,2
7774,,Dayniile,Raadeel,6,7,6
7775,,Dayniile,Raadeel,0,0,3
7776,,Dayniile,Raadeel,2,2,2
7777,,Dayniile,Raadeel,16,16,13
7778,,Dayniile,Raadeel,17,15,11
7779,,Dayniile,Raadeel,0,2,5
7780,,Dayniile,Raadeel,10,9,10
7781,,Dayniile,Raadeel,5,2,1
7782,,Dayniile,Raadeel,3,3,4
7783,,Dayniile,Raadeel,1,4,1
7784,,Dayniile,Raadeel,1,2,2
7785,,Dayniile,Raadeel,7,8,7
7786,,Dayniile,Raadeel,2,3,3
7787,,Dayniile,Raadeel,14,13,15
7788,,Dayniile,Raadeel,8,10,7
7789,,Dayniile,Raadeel,1,1,1
7790,,Dayniile,Raadeel,8,7,5
7791,,Dayniile,Raadeel,8,6,6
7792,,Dayniile,Raadeel,3,4,3
7793,,Dayniile,Raadeel,4,4,5
8152,,Dayniile,Raadeel,18,16,16
8153,,Dayniile,Raadeel,6,5,4
8154,,Dayniile,Raadeel,15,11,12
8155,,Dayniile,Raadeel,7,5,6
8156,,Dayniile,Raadeel,9,8,7
8157,,Dayniile,Raadeel,2,4,3
8158,,Dayniile,Raadeel,6,7,4
8159,,Dayniile,Raadeel,7,7,9
8160,,Dayniile,Raadeel,4,4,7
8161,,Dayniile,Raadeel,9,17,18
8162,,Dayniile,Raadeel,4,1,4
8163,,Dayniile,Raadeel,17,17,18
8164,,Dayniile,Raadeel,6,6,3
8165,,Dayniile,Raadeel,4,3,4
8166,,Dayniile,Raadeel,5,4,4
8167,,Dayniile,Raadeel,15,14,13
8168,,Dayniile,Raadeel,6,5,6
8169,,Dayniile,Raadeel,3,2,2
8170,,Dayniile,Raadeel,9,8,9
8171,,Dayniile,Raadeel,2,3,4
8172,,Dayniile,Raadeel,6,6,8
8173,,Dayniile,Raadeel,13,13,11
8174,,Dayniile,Raadeel,5,6,4
8175,,Dayniile,Raadeel,0,0,0
8176,,Dayniile,Raadeel,26,27,25
8177,,Dayniile,Raadeel,8,8,8
8178,,Dayniile,Raadeel,6,6,4
8179,,Dayniile,Raadeel,1,1,2
8593,,Dayniile,Raadeel,2,5,93
8594,,Dayniile,Raadeel,7,8,8
8595,,Dayniile,Raadeel,7,8,8
8596,,Dayniile,Raadeel,20,9,12
8597,,Dayniile,Raadeel,6,6,7
8598,,Dayniile,Raadeel,3,2,2
8599,,Dayniile,Raadeel,1,2,2
8764,,Dayniile,Raadeel,16,20,22
8765,,Dayniile,Raadeel,3,2,2
8766,,Dayniile,Raadeel,3,3,2
8767,,Dayniile,Raadeel,5,6,6
8768,,Dayniile,Raadeel,8,7,7
8769,,Dayniile,Raadeel,9,10,10
8770,,Dayniile,Raadeel,12,10,8
8771,,Dayniile,Raadeel,5,7,6
8772,,Dayniile,Raadeel,8,7,6
8773,,Dayniile,Raadeel,0,0,4
8774,,Dayniile,Raadeel,5,4,1
8775,,Dayniile,Raadeel,6,5,6
8776,,Dayniile,Raadeel,8,9,9
8777,,Dayniile,Raadeel,9,8,9
8778,,Dayniile,Raadeel,7,7,6
8779,,Dayniile,Raadeel,2,2,3
8780,,Dayniile,Raadeel,14,8,10
8781,,Dayniile,Raadeel,4,9,6
8782,,Dayniile,Raadeel,4,4,3
8783,,Dayniile,Raadeel,5,7,7
8784,,Dayniile,Raadeel,5,5,3
8785,,Dayniile,Raadeel,16,19,17
8786,,Dayniile,Raadeel,4,4,5
9057,,Dayniile,Raadeel,4,5,3
9058,,Dayniile,Raadeel,7,9,13
9059,,Dayniile,Raadeel,9,8,10
9060,,Dayniile,Raadeel,12,10,16
9061,,Dayniile,Raadeel,2,1,1
9062,,Dayniile,Raadeel,12,10,11
9063,,Dayniile,Raadeel,8,8,8
9064,,Dayniile,Raadeel,6,6,5
9065,,Dayniile,Raadeel,9,11,10
9066,,Dayniile,Raadeel,4,3,3
9255,,Dayniile,Raadeel,4,5,4
9256,,Dayniile,Raadeel,11,8,8
9257,,Dayniile,Raadeel,9,10,10
9258,,Dayniile,Raadeel,10,8,11
9259,,Dayniile,Raadeel,8,7,11
9260,,Dayniile,Raadeel,8,6,9
9261,,Dayniile,Raadeel,2,2,2
9262,,Dayniile,Raadeel,9,10,9
9263,,Dayniile,Raadeel,3,3,4
9264,,Dayniile,Raadeel,4,4,4
9265,,Dayniile,Raadeel,1,1,1
9266,,Dayniile,Raadeel,6,7,5
9267,,Dayniile,Raadeel,8,7,6
9268,,Dayniile,Raadeel,4,4,4
9269,,Dayniile,Raadeel,3,7,5
9270,,Dayniile,Raadeel,9,6,8
9271,,Dayniile,Raadeel,8,4,4
9272,,Dayniile,Raadeel,19,20,23
9495,,Dayniile,Raadeel,7,7,11
9519,,Dayniile,Raadeel,10,10,10
9520,,Dayniile,Raadeel,4,4,3
9521,,Dayniile,Raadeel,9,7,6
9593,,Dayniile,Raadeel,6,5,4
9594,,Dayniile,Raadeel,7,6,6
9595,,Dayniile,Raadeel,5,6,8
9668,,Dayniile,Raadeel,8,9,7
9692,,Dayniile,Raadeel,4,8,8
9706,,Dayniile,Raadeel,5,7,16
9707,,Dayniile,Raadeel,6,7,6
9708,,Dayniile,Raadeel,6,7,6
9709,,Dayniile,Raadeel,20,23,16
9710,,Dayniile,Raadeel,8,9,6
9711,,Dayniile,Raadeel,9,9,9
9712,,Dayniile,Raadeel,2,2,2
9713,,Dayniile,Raadeel,7,7,7
9714,,Dayniile,Raadeel,5,3,5
9715,,Dayniile,Raadeel,10,10,8
9760,,Dayniile,Raadeel,7,6,5
9761,,Dayniile,Raadeel,0,0,0
9790,,Dayniile,Raadeel,2,3,3
9805,,Dayniile,Raadeel,2,3,2
9806,,Dayniile,Raadeel,2,3,2
9849,,Dayniile,Raadeel,12,12,10
9850,,Dayniile,Raadeel,5,7,6
9851,,Dayniile,Raadeel,3,4,8
9852,,Dayniile,Raadeel,5,6,6
9888,,Dayniile,Raadeel,1,1,1
9889,,Dayniile,Raadeel,11,9,10
9890,,Dayniile,Raadeel,11,14,12
9891,,Dayniile,Raadeel,1,1,1
9892,,Dayniile,Raadeel,5,4,2
9893,,Dayniile,Raadeel,5,5,4
9981,,Dayniile,Raadeel,11,8,12
9982,,Dayniile,Raadeel,2,4,3
9983,,Dayniile,Raadeel,4,3,4
10015,,Dayniile,Raadeel,6,4,4
10016,,Dayniile,Raadeel,12,12,12
10017,,Dayniile,Raadeel,5,7,7
10018,,Dayniile,Raadeel,5,3,5
10054,,Dayniile,Raadeel,1,1,1
10055,,Dayniile,Raadeel,0,1,0
10078,,Dayniile,Raadeel,0,0,0
10079,,Dayniile,Raadeel,6,11,15
10129,,Dayniile,Raadeel,13,13,12
10130,,Dayniile,Raadeel,8,6,8
10174,,Dayniile,Raadeel,6,8,6
10199,,Dayniile,Raadeel,6,6,6
10225,,Dayniile,Raadeel,6,5,11
10226,,Dayniile,Raadeel,3,3,3
10264,,Dayniile,Raadeel,14,15,15
10277,,Dayniile,Raadeel,5,5,4
10394,,Dayniile,Raadeel,10,13,13
10395,,Dayniile,Raadeel,6,8,7
10427,,Dayniile,Raadeel,11,9,9
10477,,Dayniile,Raadeel,1,1,2
10499,,Dayniile,Raadeel,9,9,10
10518,,Dayniile,Raadeel,5,9,6
10519,,Dayniile,Raadeel,5,5,6
10544,,Dayniile,Raadeel,7,7,4
10558,,Dayniile,Raadeel,8,5,6
10582,,Dayniile,Raadeel,4,4,6
10639,,Dayniile,Raadeel,13,16,17
10743,,Dayniile,Raadeel,13,11,13
10775,,Dayniile,Raadeel,5,4,5
10827,,Dayniile,Raadeel,7,5,6
10828,,Dayniile,Raadeel,10,10,11
10856,,Dayniile,Raadeel,11,10,11
10879,,Dayniile,Raadeel,9,10,9
10897,,Dayniile,Raadeel,3,4,4
10957,,Dayniile,Raadeel,22,0,0
11008,,Dayniile,Raadeel,4,4,5
11009,,Dayniile,Raadeel,4,4,4
11057,,Dayniile,Raadeel,27,28,29
11094,,Dayniile,Raadeel,4,2,0
11124,,Dayniile,Raadeel,7,6,9
11145,,Dayniile,Raadeel,14,19,18
11222,,Dayniile,Raadeel,13,17,14
11388,,Dayniile,Raadeel,12,11,14
11413,,Dayniile,Raadeel,4,3,1
11508,,Dayniile,Raadeel,3,4,5
11537,,Dayniile,Raadeel,3,6,5
11538,,Dayniile,Raadeel,2,2,2
11591,,Dayniile,Raadeel,3,7,5
11592,,Dayniile,Raadeel,7,7,7
11593,,Dayniile,Raadeel,1,5,4
11594,,Dayniile,Raadeel,2,3,4
11610,,Dayniile,Raadeel,1,1,1
11611,,Dayniile,Raadeel,6,6,7
11612,,Dayniile,Raadeel,6,7,4
11616,,Dayniile,Raadeel,3,3,3
11617,,Dayniile,Raadeel,2,3,3
11638,,Dayniile,Raadeel,15,6,3
11644,,Dayniile,Raadeel,24,9,10
11645,,Dayniile,Raadeel,4,6,5
11646,,Dayniile,Raadeel,3,3,4
11651,,Dayniile,Raadeel,15,3,1
11652,,Dayniile,Raadeel,4,3,1
11653,,Dayniile,Raadeel,6,1,7
11654,,Dayniile,Raadeel,5,12,5
11655,,Dayniile,Raadeel,6,7,5
12505,,Dayniile,Raadeel,0,14,6
12524,,Dayniile,Raadeel,0,58,10
12950,,Dayniile,Raadeel,0,0,8
165,,Dayniile,Oodweyne,8,9,7
208,,Dayniile,Oodweyne,0,0,0.8125
258,,Dayniile,Oodweyne,5,7,5
290,,Dayniile,Oodweyne,3,4,3
291,,Dayniile,Oodweyne,4,5,4
330,,Dayniile,Oodweyne,13,16,15
467,,Dayniile,Oodweyne,3,3,3
468,,Dayniile,Oodweyne,9,40,17
469,,Dayniile,Oodweyne,5,6,6
470,,Dayniile,Oodweyne,9,11,11
471,,Dayniile,Oodweyne,6,5,6
472,,Dayniile,Oodweyne,4,5,4
473,,Dayniile,Oodweyne,3,4,3
474,,Dayniile,Oodweyne,9,10,6
475,,Dayniile,Oodweyne,6,6,6
476,,Dayniile,Oodweyne,11,10,12
477,,Dayniile,Oodweyne,7,8,10
478,,Dayniile,Oodweyne,6,13,10
479,,Dayniile,Oodweyne,2,4,3
480,,Dayniile,Oodweyne,5,5,4
481,,Dayniile,Oodweyne,3,2,3
704,,Dayniile,Oodweyne,14,18,16
708,,Dayniile,Oodweyne,9,5,9
1848,,Dayniile,Oodweyne,13,11,12
1849,,Dayniile,Oodweyne,5,4,3
1850,,Dayniile,Oodweyne,10,12,11
1851,,Dayniile,Oodweyne,11,12,14
1852,,Dayniile,Oodweyne,7,9,7
1853,,Dayniile,Oodweyne,4,4,3
1854,,Dayniile,Oodweyne,3,7,4
1855,,Dayniile,Oodweyne,3,1,4
1856,,Dayniile,Oodweyne,18,26,18
1857,,Dayniile,Oodweyne,15,10,8
1858,,Dayniile,Oodweyne,4,6,5
1859,,Dayniile,Oodweyne,5,6,5
1860,,Dayniile,Oodweyne,10,9,9
1861,,Dayniile,Oodweyne,6,5,6
1862,,Dayniile,Oodweyne,6,4,4
1863,,Dayniile,Oodweyne,7,8,5
1864,,Dayniile,Oodweyne,2,3,3
1865,,Dayniile,Oodweyne,4,7,4
1866,,Dayniile,Oodweyne,6,7,6
1867,,Dayniile,Oodweyne,6,5,7
1868,,Dayniile,Oodweyne,5,6,4
1869,,Dayniile,Oodweyne,11,11,9
1870,,Dayniile,Oodweyne,18,16,16
1871,,Dayniile,Oodweyne,4,3,2
1872,,Dayniile,Oodweyne,2,2,4
1873,,Dayniile,Oodweyne,3,4,6
1874,,Dayniile,Oodweyne,3,4,3
1875,,Dayniile,Oodweyne,4,6,5
1876,,Dayniile,Oodweyne,3,3,4
1877,,Dayniile,Oodweyne,14,12,13
1878,,Dayniile,Oodweyne,1,1,6
1879,,Dayniile,Oodweyne,6,5,7
1880,,Dayniile,Oodweyne,1,6,2
1881,,Dayniile,Oodweyne,12,8,6
1882,,Dayniile,Oodweyne,3,3,2
1883,,Dayniile,Oodweyne,4,2,3
1884,,Dayniile,Oodweyne,13,13,13
1885,,Dayniile,Oodweyne,8,7,6
1886,,Dayniile,Oodweyne,3,6,4
1887,,Dayniile,Oodweyne,7,6,7
1888,,Dayniile,Oodweyne,7,8,7
1889,,Dayniile,Oodweyne,5,5,3
1890,,Dayniile,Oodweyne,5,8,6
1891,,Dayniile,Oodweyne,7,6,4
1892,,Dayniile,Oodweyne,11,11,13
1893,,Dayniile,Oodweyne,4,3,4
1894,,Dayniile,Oodweyne,2,4,4
1895,,Dayniile,Oodweyne,8,8,6
1896,,Dayniile,Oodweyne,5,6,8
1897,,Dayniile,Oodweyne,5,3,5
1898,,Dayniile,Oodweyne,10,10,7
1899,,Dayniile,Oodweyne,6,6,8
1900,,Dayniile,Oodweyne,11,10,9
1901,,Dayniile,Oodweyne,8,8,7
1902,,Dayniile,Oodweyne,5,5,4
1903,,Dayniile,Oodweyne,3,4,5
1904,,Dayniile,Oodweyne,3,1,2
1905,,Dayniile,Oodweyne,8,8,9
1906,,Dayniile,Oodweyne,4,3,1
1907,,Dayniile,Oodweyne,4,6,9
1908,,Dayniile,Oodweyne,11,13,11
1909,,Dayniile,Oodweyne,4,6,5
1910,,Dayniile,Oodweyne,0,19,7
1911,,Dayniile,Oodweyne,2,1,0
1912,,Dayniile,Oodweyne,2,4,4
1913,,Dayniile,Oodweyne,8,4,4
1914,,Dayniile,Oodweyne,1,1,1
1915,,Dayniile,Oodweyne,16,18,17
1916,,Dayniile,Oodweyne,10,10,11
1917,,Dayniile,Oodweyne,1,3,2
1918,,Dayniile,Oodweyne,12,10,10
1919,,Dayniile,Oodweyne,4,2,3
1920,,Dayniile,Oodweyne,8,8,7
1921,,Dayniile,Oodweyne,5,6,6
1922,,Dayniile,Oodweyne,7,8,9
1923,,Dayniile,Oodweyne,10,11,8
1924,,Dayniile,Oodweyne,3,3,4
1925,,Dayniile,Oodweyne,3,4,4
1926,,Dayniile,Oodweyne,9,9,8
1927,,Dayniile,Oodweyne,3,2,3
1928,,Dayniile,Oodweyne,4,6,3
1929,,Dayniile,Oodweyne,1,5,5
1930,,Dayniile,Oodweyne,7,5,6
1931,,Dayniile,Oodweyne,3,4,2
1932,,Dayniile,Oodweyne,5,6,6
1933,,Dayniile,Oodweyne,14,12,14
1934,,Dayniile,Oodweyne,3,3,3
1935,,Dayniile,Oodweyne,8,7,7
1936,,Dayniile,Oodweyne,5,6,5
1937,,Dayniile,Oodweyne,3,6,4
1938,,Dayniile,Oodweyne,6,2,7
1939,,Dayniile,Oodweyne,5,3,3
1940,,Dayniile,Oodweyne,4,4,3
1941,,Dayniile,Oodweyne,6,7,5
1942,,Dayniile,Oodweyne,1,2,3
1943,,Dayniile,Oodweyne,10,8,7
1944,,Dayniile,Oodweyne,12,13,15
1945,,Dayniile,Oodweyne,3,6,4
1946,,Dayniile,Oodweyne,0,0,0
1947,,Dayniile,Oodweyne,7,9,9
1948,,Dayniile,Oodweyne,8,7,8
1949,,Dayniile,Oodweyne,7,6,6
1950,,Dayniile,Oodweyne,6,4,2
1951,,Dayniile,Oodweyne,4,5,4
1952,,Dayniile,Oodweyne,25,18,17
1953,,Dayniile,Oodweyne,6,6,5
1954,,Dayniile,Oodweyne,6,4,4
1955,,Dayniile,Oodweyne,26,17,9
1956,,Dayniile,Oodweyne,4,5,3
1957,,Dayniile,Oodweyne,4,4,5
1958,,Dayniile,Oodweyne,16,1,1
1959,,Dayniile,Oodweyne,0,0,0
1960,,Dayniile,Oodweyne,7,6,5
1961,,Dayniile,Oodweyne,11,9,13
1962,,Dayniile,Oodweyne,4,5,5
1963,,Dayniile,Oodweyne,1,1,1
1964,,Dayniile,Oodweyne,9,8,12
1965,,Dayniile,Oodweyne,2,4,5
1966,,Dayniile,Oodweyne,6,6,7
1967,,Dayniile,Oodweyne,1,1,1
1968,,Dayniile,Oodweyne,6,4,5
1969,,Dayniile,Oodweyne,21,24,22
1970,,Dayniile,Oodweyne,14,14,14
1971,,Dayniile,Oodweyne,8,9,9
1972,,Dayniile,Oodweyne,4,3,4
1973,,Dayniile,Oodweyne,16,17,16
1974,,Dayniile,Oodweyne,12,7,7
1975,,Dayniile,Oodweyne,7,8,9
1976,,Dayniile,Oodweyne,3,4,5
1977,,Dayniile,Oodweyne,7,6,4
1978,,Dayniile,Oodweyne,9,14,11
1979,,Dayniile,Oodweyne,4,5,5
1980,,Dayniile,Oodweyne,6,7,6
1981,,Dayniile,Oodweyne,1,1,1
1982,,Dayniile,Oodweyne,11,10,11
1983,,Dayniile,Oodweyne,4,4,1
1984,,Dayniile,Oodweyne,4,4,4
1985,,Dayniile,Oodweyne,6,7,5
1986,,Dayniile,Oodweyne,8,7,7
1987,,Dayniile,Oodweyne,12,13,13
1988,,Dayniile,Oodweyne,1,1,2
1989,,Dayniile,Oodweyne,13,27,19
1990,,Dayniile,Oodweyne,3,2,3
1991,,Dayniile,Oodweyne,3,4,3
1992,,Dayniile,Oodweyne,12,13,12
1993,,Dayniile,Oodweyne,6,9,10
1994,,Dayniile,Oodweyne,3,3,2
1995,,Dayniile,Oodweyne,3,3,3
1996,,Dayniile,Oodweyne,46,21,45
1997,,Dayniile,Oodweyne,2,3,8
1998,,Dayniile,Oodweyne,9,14,2
1999,,Dayniile,Oodweyne,4,2,8
2000,,Dayniile,Oodweyne,9,7,8
2001,,Dayniile,Oodweyne,6,8,5
2002,,Dayniile,Oodweyne,4,6,10
2003,,Dayniile,Oodweyne,5,2,1
2004,,Dayniile,Oodweyne,2,1,2
2005,,Dayniile,Oodweyne,7,4,2
2006,,Dayniile,Oodweyne,7,7,8
2007,,Dayniile,Oodweyne,6,5,5
2008,,Dayniile,Oodweyne,8,7,11
2009,,Dayniile,Oodweyne,2,3,2
2010,,Dayniile,Oodweyne,2,1,1
2011,,Dayniile,Oodweyne,1,1,1
2012,,Dayniile,Oodweyne,32,21,27
2013,,Dayniile,Oodweyne,6,4,3
2014,,Dayniile,Oodweyne,8,3,2
2015,,Dayniile,Oodweyne,32,18,28
2016,,Dayniile,Oodweyne,9,8,10
2017,,Dayniile,Oodweyne,6,5,6
2018,,Dayniile,Oodweyne,0,4,3
2019,,Dayniile,Oodweyne,3,5,4
2020,,Dayniile,Oodweyne,0,0,1
2021,,Dayniile,Oodweyne,2,2,3
2022,,Dayniile,Oodweyne,6,5,5
2023,,Dayniile,Oodweyne,28,28,20
2024,,Dayniile,Oodweyne,1,1,1
2025,,Dayniile,Oodweyne,7,6,6
2026,,Dayniile,Oodweyne,1,3,1
2027,,Dayniile,Oodweyne,10,12,2
2028,,Dayniile,Oodweyne,5,4,5
2029,,Dayniile,Oodweyne,2,1,1
2030,,Dayniile,Oodweyne,5,7,3
2031,,Dayniile,Oodweyne,5,5,5
2032,,Dayniile,Oodweyne,3,3,3
2033,,Dayniile,Oodweyne,3,5,3
2034,,Dayniile,Oodweyne,1,0,0
2035,,Dayniile,Oodweyne,2,2,2
2036,,Dayniile,Oodweyne,3,4,4
2037,,Dayniile,Oodweyne,1,5,6
6328,,Dayniile,Oodweyne,2,3,4
6329,,Dayniile,Oodweyne,3,2,8
6510,,Dayniile,Oodweyne,5,5,6
6511,,Dayniile,Oodweyne,8,7,8
6512,,Dayniile,Oodweyne,8,11,7
6513,,Dayniile,Oodweyne,3,3,4
6514,,Dayniile,Oodweyne,11,13,13
6515,,Dayniile,Oodweyne,1,5,5
6516,,Dayniile,Oodweyne,2,2,1
6517,,Dayniile,Oodweyne,7,5,8
6518,,Dayniile,Oodweyne,15,7,13
6519,,Dayniile,Oodweyne,3,4,4
6520,,Dayniile,Oodweyne,5,6,3
6521,,Dayniile,Oodweyne,6,6,6
6522,,Dayniile,Oodweyne,8,3,5
6523,,Dayniile,Oodweyne,7,5,5
6524,,Dayniile,Oodweyne,8,7,6
6525,,Dayniile,Oodweyne,8,8,8
6526,,Dayniile,Oodweyne,12,13,18
6527,,Dayniile,Oodweyne,8,11,9
6528,,Dayniile,Oodweyne,5,4,4
6529,,Dayniile,Oodweyne,6,8,7
6530,,Dayniile,Oodweyne,1,1,1
6531,,Dayniile,Oodweyne,13,15,15
6532,,Dayniile,Oodweyne,10,9,11
6533,,Dayniile,Oodweyne,13,13,12
6534,,Dayniile,Oodweyne,6,2,1
6535,,Dayniile,Oodweyne,5,4,3
6536,,Dayniile,Oodweyne,2,2,2
6926,,Dayniile,Oodweyne,4,4,4
6930,,Dayniile,Oodweyne,3,5,4
7141,,Dayniile,Oodweyne,8,9,8
7142,,Dayniile,Oodweyne,7,8,7
7143,,Dayniile,Oodweyne,6,12,11
7144,,Dayniile,Oodweyne,4,3,4
7145,,Dayniile,Oodweyne,12,13,11
7146,,Dayniile,Oodweyne,5,5,4
7147,,Dayniile,Oodweyne,3,2,2
7148,,Dayniile,Oodweyne,0,1,1
7149,,Dayniile,Oodweyne,4,1,2
7150,,Dayniile,Oodweyne,2,1,1
7151,,Dayniile,Oodweyne,8,13,9
7152,,Dayniile,Oodweyne,7,10,6
7153,,Dayniile,Oodweyne,2,1,5
7154,,Dayniile,Oodweyne,2,3,4
7155,,Dayniile,Oodweyne,7,7,5
7156,,Dayniile,Oodweyne,2,1,4
7157,,Dayniile,Oodweyne,6,8,8
7158,,Dayniile,Oodweyne,0,1,2
7159,,Dayniile,Oodweyne,27,15,15
7160,,Dayniile,Oodweyne,3,3,2
7161,,Dayniile,Oodweyne,4,6,7
7162,,Dayniile,Oodweyne,6,5,6
7163,,Dayniile,Oodweyne,2,1,1
7164,,Dayniile,Oodweyne,7,8,6
7165,,Dayniile,Oodweyne,5,4,5
7166,,Dayniile,Oodweyne,23,13,16
7167,,Dayniile,Oodweyne,12,11,13
7168,,Dayniile,Oodweyne,4,3,2
7169,,Dayniile,Oodweyne,3,3,3
7170,,Dayniile,Oodweyne,9,10,8
7171,,Dayniile,Oodweyne,2,2,2
7172,,Dayniile,Oodweyne,6,6,8
7173,,Dayniile,Oodweyne,6,4,6
7174,,Dayniile,Oodweyne,3,3,1
7176,,Dayniile,Oodweyne,1,0,0
7177,,Dayniile,Oodweyne,0,0,0
7697,,Dayniile,Oodweyne,1,3,8
7794,,Dayniile,Oodweyne,3,12,6
7795,,Dayniile,Oodweyne,4,3,3
7796,,Dayniile,Oodweyne,4,4,6
7797,,Dayniile,Oodweyne,9,9,10
7798,,Dayniile,Oodweyne,6,7,4
7799,,Dayniile,Oodweyne,3,8,5
7800,,Dayniile,Oodweyne,2,4,3
7801,,Dayniile,Oodweyne,0,0,17
7802,,Dayniile,Oodweyne,2,2,3
7803,,Dayniile,Oodweyne,5,6,7
7804,,Dayniile,Oodweyne,4,5,5
7805,,Dayniile,Oodweyne,3,4,4
7806,,Dayniile,Oodweyne,1,1,1
7807,,Dayniile,Oodweyne,14,10,11
7808,,Dayniile,Oodweyne,13,13,15
7809,,Dayniile,Oodweyne,7,7,7
7810,,Dayniile,Oodweyne,11,13,13
7811,,Dayniile,Oodweyne,6,6,5
7812,,Dayniile,Oodweyne,9,11,12
8180,,Dayniile,Oodweyne,21,17,18
8181,,Dayniile,Oodweyne,12,14,14
8182,,Dayniile,Oodweyne,3,5,5
8183,,Dayniile,Oodweyne,7,3,5
8184,,Dayniile,Oodweyne,6,4,4
8185,,Dayniile,Oodweyne,4,4,5
8186,,Dayniile,Oodweyne,2,1,2
8187,,Dayniile,Oodweyne,7,7,7
8188,,Dayniile,Oodweyne,5,5,5
8189,,Dayniile,Oodweyne,4,6,5
8190,,Dayniile,Oodweyne,4,3,11
8191,,Dayniile,Oodweyne,3,5,1
8192,,Dayniile,Oodweyne,1,4,1
8193,,Dayniile,Oodweyne,9,13,8
8194,,Dayniile,Oodweyne,5,4,3
8195,,Dayniile,Oodweyne,0,0,0
8196,,Dayniile,Oodweyne,4,3,4
8197,,Dayniile,Oodweyne,5,5,4
8198,,Dayniile,Oodweyne,1,2,2
8199,,Dayniile,Oodweyne,21,23,19
8200,,Dayniile,Oodweyne,10,10,9
8201,,Dayniile,Oodweyne,7,5,6
8202,,Dayniile,Oodweyne,8,5,6
8203,,Dayniile,Oodweyne,6,4,4
8204,,Dayniile,Oodweyne,6,4,4
8600,,Dayniile,Oodweyne,3,4,4
8601,,Dayniile,Oodweyne,3,3,5
8602,,Dayniile,Oodweyne,3,4,3
8603,,Dayniile,Oodweyne,20,25,13
8604,,Dayniile,Oodweyne,1,2,2
8605,,Dayniile,Oodweyne,7,6,7
8606,,Dayniile,Oodweyne,7,6,5
8607,,Dayniile,Oodweyne,6,10,6
8705,,Dayniile,Oodweyne,2,6,6
8787,,Dayniile,Oodweyne,13,13,9
8788,,Dayniile,Oodweyne,9,13,11
8789,,Dayniile,Oodweyne,11,13,12
8790,,Dayniile,Oodweyne,6,5,6
8791,,Dayniile,Oodweyne,6,5,6
8792,,Dayniile,Oodweyne,9,5,6
8793,,Dayniile,Oodweyne,15,15,16
8794,,Dayniile,Oodweyne,15,16,12
8795,,Dayniile,Oodweyne,4,2,3
8796,,Dayniile,Oodweyne,7,7,7
8797,,Dayniile,Oodweyne,2,4,4
8798,,Dayniile,Oodweyne,6,7,7
8799,,Dayniile,Oodweyne,7,7,6
8800,,Dayniile,Oodweyne,6,10,10
8801,,Dayniile,Oodweyne,17,15,14
8802,,Dayniile,Oodweyne,3,5,6
8803,,Dayniile,Oodweyne,2,5,4
8804,,Dayniile,Oodweyne,14,13,10
8805,,Dayniile,Oodweyne,9,7,2
9067,,Dayniile,Oodweyne,6,4,7
9068,,Dayniile,Oodweyne,8,9,7
9069,,Dayniile,Oodweyne,15,16,14
9070,,Dayniile,Oodweyne,6,10,10
9071,,Dayniile,Oodweyne,19,16,16
9072,,Dayniile,Oodweyne,6,4,5
9073,,Dayniile,Oodweyne,3,11,15
9074,,Dayniile,Oodweyne,2,2,2
9075,,Dayniile,Oodweyne,5,6,6
9076,,Dayniile,Oodweyne,16,19,17
9077,,Dayniile,Oodweyne,8,7,10
9273,,Dayniile,Oodweyne,8,10,14
9274,,Dayniile,Oodweyne,17,20,14
9275,,Dayniile,Oodweyne,4,4,4
9276,,Dayniile,Oodweyne,4,3,4
9277,,Dayniile,Oodweyne,6,5,6
9278,,Dayniile,Oodweyne,0,1,2
9279,,Dayniile,Oodweyne,2,4,2
9280,,Dayniile,Oodweyne,7,6,6
9281,,Dayniile,Oodweyne,6,7,5
9282,,Dayniile,Oodweyne,3,3,4
9283,,Dayniile,Oodweyne,7,8,7
9284,,Dayniile,Oodweyne,4,4,5
9285,,Dayniile,Oodweyne,10,11,11
9286,,Dayniile,Oodweyne,13,13,14
9287,,Dayniile,Oodweyne,12,12,13
9288,,Dayniile,Oodweyne,4,5,5
9289,,Dayniile,Oodweyne,22,23,27
9290,,Dayniile,Oodweyne,15,14,18
9291,,Dayniile,Oodweyne,9,3,2
9292,,Dayniile,Oodweyne,7,10,7
9522,,Dayniile,Oodweyne,11,11,11
9523,,Dayniile,Oodweyne,1,1,1
9524,,Dayniile,Oodweyne,3,6,0
9525,,Dayniile,Oodweyne,8,6,7
9526,,Dayniile,Oodweyne,5,7,6
9527,,Dayniile,Oodweyne,14,14,20
9528,,Dayniile,Oodweyne,4,5,5
9596,,Dayniile,Oodweyne,11,8,8
9597,,Dayniile,Oodweyne,8,8,9
9716,,Dayniile,Oodweyne,16,20,12
9717,,Dayniile,Oodweyne,2,3,2
9718,,Dayniile,Oodweyne,7,7,7
9719,,Dayniile,Oodweyne,13,14,13
9720,,Dayniile,Oodweyne,7,8,7
9721,,Dayniile,Oodweyne,4,5,5
9762,,Dayniile,Oodweyne,4,4,4
9763,,Dayniile,Oodweyne,6,9,9
9764,,Dayniile,Oodweyne,5,5,5
9765,,Dayniile,Oodweyne,7,8,8
9766,,Dayniile,Oodweyne,6,6,5
9767,,Dayniile,Oodweyne,14,12,11
9768,,Dayniile,Oodweyne,1,2,1
9807,,Dayniile,Oodweyne,7,7,9
9808,,Dayniile,Oodweyne,13,14,10
9809,,Dayniile,Oodweyne,4,6,4
9894,,Dayniile,Oodweyne,23,25,8
9895,,Dayniile,Oodweyne,6,4,4
9896,,Dayniile,Oodweyne,4,4,4
9897,,Dayniile,Oodweyne,0,1,2
9984,,Dayniile,Oodweyne,1,1,1
9985,,Dayniile,Oodweyne,2,5,4
9986,,Dayniile,Oodweyne,1,1,1
10002,,Dayniile,Oodweyne,11,12,16
10019,,Dayniile,Oodweyne,11,8,15
10020,,Dayniile,Oodweyne,6,7,6
10021,,Dayniile,Oodweyne,1,2,1
10022,,Dayniile,Oodweyne,3,3,15
10056,,Dayniile,Oodweyne,6,6,6
10080,,Dayniile,Oodweyne,1,1,1
10108,,Dayniile,Oodweyne,5,8,7
10131,,Dayniile,Oodweyne,6,12,7
10156,,Dayniile,Oodweyne,8,7,6
10157,,Dayniile,Oodweyne,3,4,4
10175,,Dayniile,Oodweyne,8,8,6
10176,,Dayniile,Oodweyne,7,3,3
10207,,Dayniile,Oodweyne,14,13,17
10208,,Dayniile,Oodweyne,7,3,5
10227,,Dayniile,Oodweyne,5,4,4
10228,,Dayniile,Oodweyne,6,6,6
10239,,Dayniile,Oodweyne,3,4,15
10240,,Dayniile,Oodweyne,26,27,25
10278,,Dayniile,Oodweyne,5,5,10
10303,,Dayniile,Oodweyne,10,9,7
10322,,Dayniile,Oodweyne,6,9,5
10323,,Dayniile,Oodweyne,5,7,5
10324,,Dayniile,Oodweyne,1,1,1
10325,,Dayniile,Oodweyne,1,8,5
10326,,Dayniile,Oodweyne,3,5,11
10327,,Dayniile,Oodweyne,5,5,6
10328,,Dayniile,Oodweyne,3,6,9
10384,,Dayniile,Oodweyne,7,7,9
10385,,Dayniile,Oodweyne,12,8,5
10386,,Dayniile,Oodweyne,1,1,2
10396,,Dayniile,Oodweyne,4,3,4
10422,,Dayniile,Oodweyne,11,10,10
10428,,Dayniile,Oodweyne,6,3,4
10478,,Dayniile,Oodweyne,20,36,24
10512,,Dayniile,Oodweyne,10,9,11
10520,,Dayniile,Oodweyne,3,2,2
10545,,Dayniile,Oodweyne,9,10,8
10559,,Dayniile,Oodweyne,5,8,4
10583,,Dayniile,Oodweyne,8,10,14
10584,,Dayniile,Oodweyne,1,4,4
10585,,Dayniile,Oodweyne,3,4,5
10586,,Dayniile,Oodweyne,3,4,11
10587,,Dayniile,Oodweyne,1,1,1
10588,,Dayniile,Oodweyne,4,3,4
10589,,Dayniile,Oodweyne,1,2,2
10669,,Dayniile,Oodweyne,2,1,3
10670,,Dayniile,Oodweyne,2,4,2
10688,,Dayniile,Oodweyne,16,15,13
10702,,Dayniile,Oodweyne,2,2,1
10719,,Dayniile,Oodweyne,2,2,3
10720,,Dayniile,Oodweyne,12,11,9
10737,,Dayniile,Oodweyne,6,6,5
10738,,Dayniile,Oodweyne,10,11,14
10744,,Dayniile,Oodweyne,3,3,4
10765,,Dayniile,Oodweyne,4,4,4
10776,,Dayniile,Oodweyne,5,5,6
10777,,Dayniile,Oodweyne,5,3,3
10815,,Dayniile,Oodweyne,6,9,7
10829,,Dayniile,Oodweyne,4,4,5
10851,,Dayniile,Oodweyne,13,15,12
10852,,Dayniile,Oodweyne,17,13,17
10857,,Dayniile,Oodweyne,26,24,16
10858,,Dayniile,Oodweyne,9,6,8
10859,,Dayniile,Oodweyne,6,5,3
10868,,Dayniile,Oodweyne,5,5,6
10871,,Dayniile,Oodweyne,34,35,29
10898,,Dayniile,Oodweyne,3,4,2
10905,,Dayniile,Oodweyne,8,7,6
10906,,Dayniile,Oodweyne,3,3,7
10907,,Dayniile,Oodweyne,4,4,6
10945,,Dayniile,Oodweyne,21,3,4
10964,,Dayniile,Oodweyne,0,0,0
10969,,Dayniile,Oodweyne,10,5,3
10984,,Dayniile,Oodweyne,3,4,5
10986,,Dayniile,Oodweyne,5,6,5
10995,,Dayniile,Oodweyne,3,3,3
10999,,Dayniile,Oodweyne,15,16,13
11010,,Dayniile,Oodweyne,11,15,6
11011,,Dayniile,Oodweyne,4,3,3
11012,,Dayniile,Oodweyne,5,5,5
11013,,Dayniile,Oodweyne,7,6,6
11014,,Dayniile,Oodweyne,4,5,5
11058,,Dayniile,Oodweyne,3,4,5
11068,,Dayniile,Oodweyne,5,2,3
11095,,Dayniile,Oodweyne,8,7,7
11127,,Dayniile,Oodweyne,6,5,4
11133,,Dayniile,Oodweyne,11,13,8
11137,,Dayniile,Oodweyne,6,4,3
11138,,Dayniile,Oodweyne,2,2,3
11170,,Dayniile,Oodweyne,14,9,9
11184,,Dayniile,Oodweyne,8,4,4
11193,,Dayniile,Oodweyne,7,8,6
11203,,Dayniile,Oodweyne,11,9,10
11204,,Dayniile,Oodweyne,9,10,8
11242,,Dayniile,Oodweyne,1,0,25
11245,,Dayniile,Oodweyne,6,6,5
11262,,Dayniile,Oodweyne,28,3,6
11275,,Dayniile,Oodweyne,10,9,9
11286,,Dayniile,Oodweyne,5,6,6
11289,,Dayniile,Oodweyne,29,17,24
11304,,Dayniile,Oodweyne,12,8,11
11312,,Dayniile,Oodweyne,13,13,14
11336,,Dayniile,Oodweyne,14,8,10
11337,,Dayniile,Oodweyne,6,6,5
11372,,Dayniile,Oodweyne,12,14,11
11399,,Dayniile,Oodweyne,8,10,11
11415,,Dayniile,Oodweyne,6,5,2
11443,,Dayniile,Oodweyne,4,11,9
11463,,Dayniile,Oodweyne,13,15,19
11506,,Dayniile,Oodweyne,1,1,1
11584,,Dayniile,Oodweyne,5,4,4
12473,,Dayniile,Oodweyne,0,7,6
12474,,Dayniile,Oodweyne,0,6,5
12475,,Dayniile,Oodweyne,0,6,5
12491,,Dayniile,Oodweyne,0,7,6
12521,,Dayniile,Oodweyne,0,15,3
12536,,Dayniile,Oodweyne,0,64,43
12538,,Dayniile,Oodweyne,0,4,3
12978,,Dayniile,Oodweyne,0,0,2
,,,,,,
52,,Garasbaaleey,Galmudug,6,5,7
123,,Garasbaaleey,Galmudug,0,0,3
265,,Garasbaaleey,Galmudug,3,2,2
355,,Garasbaaleey,Galmudug,3,3,11
530,,Garasbaaleey,Galmudug,3,2,0
903,,Garasbaaleey,Galmudug,3,5,4
904,,Garasbaaleey,Galmudug,10,11,8
905,,Garasbaaleey,Galmudug,5,4,4
906,,Garasbaaleey,Galmudug,14,11,9
907,,Garasbaaleey,Galmudug,4,4,8
908,,Garasbaaleey,Galmudug,6,6,7
909,,Garasbaaleey,Galmudug,5,4,5
910,,Garasbaaleey,Galmudug,3,5,3
911,,Garasbaaleey,Galmudug,13,13,11
912,,Garasbaaleey,Galmudug,6,3,8
913,,Garasbaaleey,Galmudug,13,13,14
914,,Garasbaaleey,Galmudug,7,6,6
915,,Garasbaaleey,Galmudug,6,6,7
916,,Garasbaaleey,Galmudug,10,11,7
917,,Garasbaaleey,Galmudug,10,14,14
918,,Garasbaaleey,Galmudug,16,6,10
919,,Garasbaaleey,Galmudug,5,1,7
920,,Garasbaaleey,Galmudug,10,8,10
921,,Garasbaaleey,Galmudug,3,3,2
922,,Garasbaaleey,Galmudug,6,6,7
923,,Garasbaaleey,Galmudug,2,2,3
924,,Garasbaaleey,Galmudug,1,1,3
925,,Garasbaaleey,Galmudug,6,5,6
926,,Garasbaaleey,Galmudug,1,2,2
927,,Garasbaaleey,Galmudug,1,1,1
928,,Garasbaaleey,Galmudug,5,6,7
929,,Garasbaaleey,Galmudug,3,2,2
930,,Garasbaaleey,Galmudug,16,16,38
931,,Garasbaaleey,Galmudug,2,2,3
932,,Garasbaaleey,Galmudug,5,5,4
933,,Garasbaaleey,Galmudug,3,3,2
934,,Garasbaaleey,Galmudug,3,3,4
935,,Garasbaaleey,Galmudug,31,31,42
936,,Garasbaaleey,Galmudug,8,7,10
937,,Garasbaaleey,Galmudug,3,2,2
938,,Garasbaaleey,Galmudug,5,9,7
939,,Garasbaaleey,Galmudug,4,4,2
940,,Garasbaaleey,Galmudug,7,4,5
941,,Garasbaaleey,Galmudug,3,3,8
942,,Garasbaaleey,Galmudug,1,1,1
943,,Garasbaaleey,Galmudug,5,6,9
944,,Garasbaaleey,Galmudug,11,6,11
945,,Garasbaaleey,Galmudug,3,3,2
946,,Garasbaaleey,Galmudug,3,1,1
947,,Garasbaaleey,Galmudug,5,1,5
948,,Garasbaaleey,Galmudug,4,3,3
949,,Garasbaaleey,Galmudug,5,5,6
950,,Garasbaaleey,Galmudug,11,12,4
951,,Garasbaaleey,Galmudug,1,1,1
952,,Garasbaaleey,Galmudug,12,10,13
953,,Garasbaaleey,Galmudug,1,0,1
954,,Garasbaaleey,Galmudug,4,2,4
955,,Garasbaaleey,Galmudug,5,4,5
956,,Garasbaaleey,Galmudug,5,6,3
957,,Garasbaaleey,Galmudug,12,11,11
958,,Garasbaaleey,Galmudug,4,9,2
959,,Garasbaaleey,Galmudug,10,2,0
960,,Garasbaaleey,Galmudug,8,8,7
961,,Garasbaaleey,Galmudug,11,11,17
962,,Garasbaaleey,Galmudug,1,1,2
963,,Garasbaaleey,Galmudug,13,12,14
964,,Garasbaaleey,Galmudug,0,2,3
965,,Garasbaaleey,Galmudug,4,3,6
966,,Garasbaaleey,Galmudug,1,1,9
967,,Garasbaaleey,Galmudug,0,0,0
968,,Garasbaaleey,Galmudug,7,9,9
969,,Garasbaaleey,Galmudug,4,4,4
970,,Garasbaaleey,Galmudug,8,9,7
971,,Garasbaaleey,Galmudug,3,3,3
972,,Garasbaaleey,Galmudug,3,4,5
973,,Garasbaaleey,Galmudug,4,2,3
974,,Garasbaaleey,Galmudug,11,8,11
975,,Garasbaaleey,Galmudug,1,1,1
976,,Garasbaaleey,Galmudug,8,7,6
977,,Garasbaaleey,Galmudug,9,5,5
978,,Garasbaaleey,Galmudug,2,12,10
979,,Garasbaaleey,Galmudug,4,4,5
980,,Garasbaaleey,Galmudug,3,3,3
981,,Garasbaaleey,Galmudug,6,7,8
982,,Garasbaaleey,Galmudug,21,1,1
983,,Garasbaaleey,Galmudug,6,8,7
984,,Garasbaaleey,Galmudug,6,7,10
985,,Garasbaaleey,Galmudug,11,9,11
986,,Garasbaaleey,Galmudug,0,2,1
987,,Garasbaaleey,Galmudug,4,7,4
988,,Garasbaaleey,Galmudug,9,10,10
989,,Garasbaaleey,Galmudug,8,8,8
990,,Garasbaaleey,Galmudug,2,2,1
991,,Garasbaaleey,Galmudug,6,7,6
992,,Garasbaaleey,Galmudug,6,1,2
993,,Garasbaaleey,Galmudug,1,1,1
994,,Garasbaaleey,Galmudug,2,3,2
995,,Garasbaaleey,Galmudug,4,3,6
996,,Garasbaaleey,Galmudug,3,3,4
997,,Garasbaaleey,Galmudug,7,7,7
998,,Garasbaaleey,Galmudug,2,3,1
999,,Garasbaaleey,Galmudug,3,2,3
1000,,Garasbaaleey,Galmudug,1,0,0
1001,,Garasbaaleey,Galmudug,4,4,4
1002,,Garasbaaleey,Galmudug,3,3,14
1003,,Garasbaaleey,Galmudug,1,1,1
1004,,Garasbaaleey,Galmudug,2,3,2
1005,,Garasbaaleey,Galmudug,10,10,11
1006,,Garasbaaleey,Galmudug,4,2,2
1007,,Garasbaaleey,Galmudug,1,2,2
1008,,Garasbaaleey,Galmudug,3,4,5
1009,,Garasbaaleey,Galmudug,1,2,2
1010,,Garasbaaleey,Galmudug,2,3,4
1011,,Garasbaaleey,Galmudug,1,0,0
1012,,Garasbaaleey,Galmudug,2,2,1
1013,,Garasbaaleey,Galmudug,5,6,6
1014,,Garasbaaleey,Galmudug,9,11,7
1015,,Garasbaaleey,Galmudug,3,3,3
1016,,Garasbaaleey,Galmudug,1,1,5
1017,,Garasbaaleey,Galmudug,2,2,3
1018,,Garasbaaleey,Galmudug,27,20,17
1019,,Garasbaaleey,Galmudug,4,4,5
1020,,Garasbaaleey,Galmudug,3,3,1
1021,,Garasbaaleey,Galmudug,1,1,1
1022,,Garasbaaleey,Galmudug,8,8,12
1023,,Garasbaaleey,Galmudug,2,3,3
1024,,Garasbaaleey,Galmudug,6,5,8
1025,,Garasbaaleey,Galmudug,5,8,7
1026,,Garasbaaleey,Galmudug,6,3,3
1027,,Garasbaaleey,Galmudug,1,2,2
1028,,Garasbaaleey,Galmudug,4,4,6
1029,,Garasbaaleey,Galmudug,0,1,2
1030,,Garasbaaleey,Galmudug,7,7,7
1031,,Garasbaaleey,Galmudug,4,4,4
1032,,Garasbaaleey,Galmudug,10,8,9
1033,,Garasbaaleey,Galmudug,1,2,3
1034,,Garasbaaleey,Galmudug,2,1,2
1035,,Garasbaaleey,Galmudug,2,2,4
1036,,Garasbaaleey,Galmudug,12,8,9
1037,,Garasbaaleey,Galmudug,15,13,14
1038,,Garasbaaleey,Galmudug,2,5,5
1039,,Garasbaaleey,Galmudug,1,1,1
1040,,Garasbaaleey,Galmudug,4,6,3
1041,,Garasbaaleey,Galmudug,1,1,2
1042,,Garasbaaleey,Galmudug,1,2,4
1043,,Garasbaaleey,Galmudug,7,6,10
1044,,Garasbaaleey,Galmudug,11,9,12
1045,,Garasbaaleey,Galmudug,2,2,2
1046,,Garasbaaleey,Galmudug,5,5,2
1047,,Garasbaaleey,Galmudug,1,4,5
1048,,Garasbaaleey,Galmudug,3,4,1
1049,,Garasbaaleey,Galmudug,2,2,1
1050,,Garasbaaleey,Galmudug,6,5,8
1051,,Garasbaaleey,Galmudug,1,4,1
1052,,Garasbaaleey,Galmudug,6,10,15
1053,,Garasbaaleey,Galmudug,2,2,1
1054,,Garasbaaleey,Galmudug,3,3,3
1055,,Garasbaaleey,Galmudug,6,5,5
1056,,Garasbaaleey,Galmudug,4,3,4
1057,,Garasbaaleey,Galmudug,4,4,6
1058,,Garasbaaleey,Galmudug,3,4,6
1059,,Garasbaaleey,Galmudug,2,1,2
1060,,Garasbaaleey,Galmudug,3,4,4
1061,,Garasbaaleey,Galmudug,1,3,2
1062,,Garasbaaleey,Galmudug,2,2,3
1063,,Garasbaaleey,Galmudug,2,7,7
1064,,Garasbaaleey,Galmudug,3,7,8
1065,,Garasbaaleey,Galmudug,0,0,0
1066,,Garasbaaleey,Galmudug,1,1,1
1067,,Garasbaaleey,Galmudug,3,4,4
1068,,Garasbaaleey,Galmudug,1,1,3
1069,,Garasbaaleey,Galmudug,5,3,5
1070,,Garasbaaleey,Galmudug,11,9,7
1071,,Garasbaaleey,Galmudug,2,2,3
1072,,Garasbaaleey,Galmudug,2,2,3
1073,,Garasbaaleey,Galmudug,6,7,10
1074,,Garasbaaleey,Galmudug,11,13,16
1075,,Garasbaaleey,Galmudug,9,9,8
1076,,Garasbaaleey,Galmudug,7,7,8
1077,,Garasbaaleey,Galmudug,3,3,3
1078,,Garasbaaleey,Galmudug,7,6,8
1079,,Garasbaaleey,Galmudug,2,1,1
1080,,Garasbaaleey,Galmudug,2,3,1
1081,,Garasbaaleey,Galmudug,3,2,3
1082,,Garasbaaleey,Galmudug,4,4,3
1083,,Garasbaaleey,Galmudug,1,2,4
1084,,Garasbaaleey,Galmudug,2,2,2
1085,,Garasbaaleey,Galmudug,0,0,0
1086,,Garasbaaleey,Galmudug,3,1,4
1087,,Garasbaaleey,Galmudug,3,3,3
1088,,Garasbaaleey,Galmudug,0,1,3
1089,,Garasbaaleey,Galmudug,3,3,3
1090,,Garasbaaleey,Galmudug,0,3,4
1091,,Garasbaaleey,Galmudug,3,3,4
1092,,Garasbaaleey,Galmudug,2,3,2
1093,,Garasbaaleey,Galmudug,2,2,2
1094,,Garasbaaleey,Galmudug,2,2,4
1095,,Garasbaaleey,Galmudug,72,96,71
1096,,Garasbaaleey,Galmudug,59,9,14
1097,,Garasbaaleey,Galmudug,5,3,1
1098,,Garasbaaleey,Galmudug,0,1,2
1099,,Garasbaaleey,Galmudug,19,5,3
1100,,Garasbaaleey,Galmudug,12,10,17
1101,,Garasbaaleey,Galmudug,4,6,5
1102,,Garasbaaleey,Galmudug,9,8,7
1103,,Garasbaaleey,Galmudug,8,7,7
1104,,Garasbaaleey,Galmudug,8,10,11
1105,,Garasbaaleey,Galmudug,7,1,0
1106,,Garasbaaleey,Galmudug,3,4,1
1107,,Garasbaaleey,Galmudug,7,5,8
1108,,Garasbaaleey,Galmudug,6,4,1
1109,,Garasbaaleey,Galmudug,5,2,4
1110,,Garasbaaleey,Galmudug,6,6,4
1111,,Garasbaaleey,Galmudug,5,3,2
1112,,Garasbaaleey,Galmudug,10,10,12
1113,,Garasbaaleey,Galmudug,6,6,5
1114,,Garasbaaleey,Galmudug,5,4,3
1115,,Garasbaaleey,Galmudug,1,1,12
1116,,Garasbaaleey,Galmudug,3,4,2
1117,,Garasbaaleey,Galmudug,1,1,2
1118,,Garasbaaleey,Galmudug,4,4,2
1119,,Garasbaaleey,Galmudug,6,8,9
1120,,Garasbaaleey,Galmudug,5,4,5
1121,,Garasbaaleey,Galmudug,5,4,3
1122,,Garasbaaleey,Galmudug,16,18,30
1123,,Garasbaaleey,Galmudug,5,5,7
1124,,Garasbaaleey,Galmudug,3,3,3
1125,,Garasbaaleey,Galmudug,8,3,6
1126,,Garasbaaleey,Galmudug,1,3,4
1127,,Garasbaaleey,Galmudug,2,2,2
1128,,Garasbaaleey,Galmudug,5,5,4
1129,,Garasbaaleey,Galmudug,5,2,2
1130,,Garasbaaleey,Galmudug,7,6,7
1131,,Garasbaaleey,Galmudug,3,1,1
1132,,Garasbaaleey,Galmudug,8,8,8
1133,,Garasbaaleey,Galmudug,0,0,0
1134,,Garasbaaleey,Galmudug,5,2,1
1135,,Garasbaaleey,Galmudug,2,2,1
1136,,Garasbaaleey,Galmudug,3,4,3
1137,,Garasbaaleey,Galmudug,6,5,4
1138,,Garasbaaleey,Galmudug,0,2,8
1139,,Garasbaaleey,Galmudug,1,1,2
1140,,Garasbaaleey,Galmudug,4,4,4
1141,,Garasbaaleey,Galmudug,7,5,4
1142,,Garasbaaleey,Galmudug,1,1,2
1143,,Garasbaaleey,Galmudug,2,1,1
1144,,Garasbaaleey,Galmudug,0,1,1
1145,,Garasbaaleey,Galmudug,6,4,6
1146,,Garasbaaleey,Galmudug,4,3,1
1147,,Garasbaaleey,Galmudug,1,1,3
1148,,Garasbaaleey,Galmudug,37,16,22
1149,,Garasbaaleey,Galmudug,9,5,5
1150,,Garasbaaleey,Galmudug,3,5,6
1151,,Garasbaaleey,Galmudug,1,1,2
1152,,Garasbaaleey,Galmudug,2,2,1
1153,,Garasbaaleey,Galmudug,17,22,20
1154,,Garasbaaleey,Galmudug,6,6,6
1155,,Garasbaaleey,Galmudug,3,3,3
1156,,Garasbaaleey,Galmudug,4,3,3
1157,,Garasbaaleey,Galmudug,1,1,2
1158,,Garasbaaleey,Galmudug,3,3,3
1159,,Garasbaaleey,Galmudug,2,2,3
1160,,Garasbaaleey,Galmudug,2,3,3
1161,,Garasbaaleey,Galmudug,2,4,5
1162,,Garasbaaleey,Galmudug,6,5,3
1163,,Garasbaaleey,Galmudug,3,3,4
1164,,Garasbaaleey,Galmudug,9,10,9
1165,,Garasbaaleey,Galmudug,7,8,11
1166,,Garasbaaleey,Galmudug,8,9,7
1167,,Garasbaaleey,Galmudug,1,1,0
1168,,Garasbaaleey,Galmudug,2,1,1
1169,,Garasbaaleey,Galmudug,8,4,5
1170,,Garasbaaleey,Galmudug,3,7,2
1171,,Garasbaaleey,Galmudug,16,13,18
1172,,Garasbaaleey,Galmudug,11,15,22
1173,,Garasbaaleey,Galmudug,9,5,9
1174,,Garasbaaleey,Galmudug,2,3,2
1175,,Garasbaaleey,Galmudug,2,2,2
1176,,Garasbaaleey,Galmudug,2,4,3
1177,,Garasbaaleey,Galmudug,3,2,3
1178,,Garasbaaleey,Galmudug,0,2,2
1179,,Garasbaaleey,Galmudug,1,0,0
1180,,Garasbaaleey,Galmudug,1,1,1
1181,,Garasbaaleey,Galmudug,7,7,9
1182,,Garasbaaleey,Galmudug,19,2,10
1183,,Garasbaaleey,Galmudug,10,8,8
1184,,Garasbaaleey,Galmudug,4,3,3
1185,,Garasbaaleey,Galmudug,4,0,0
1186,,Garasbaaleey,Galmudug,2,3,3
1187,,Garasbaaleey,Galmudug,1,0,0
1188,,Garasbaaleey,Galmudug,5,5,1
1189,,Garasbaaleey,Galmudug,5,6,6
1190,,Garasbaaleey,Galmudug,6,7,9
1191,,Garasbaaleey,Galmudug,4,4,3
1192,,Garasbaaleey,Galmudug,17,16,29
1193,,Garasbaaleey,Galmudug,8,5,5
1194,,Garasbaaleey,Galmudug,4,2,3
1195,,Garasbaaleey,Galmudug,5,9,10
1196,,Garasbaaleey,Galmudug,0,0,0
1197,,Garasbaaleey,Galmudug,3,4,8
1198,,Garasbaaleey,Galmudug,0,2,2
1199,,Garasbaaleey,Galmudug,11,10,9
1200,,Garasbaaleey,Galmudug,2,1,2
1201,,Garasbaaleey,Galmudug,1,1,2
1202,,Garasbaaleey,Galmudug,1,2,1
1203,,Garasbaaleey,Galmudug,4,3,4
1204,,Garasbaaleey,Galmudug,6,7,5
1205,,Garasbaaleey,Galmudug,4,2,2
1206,,Garasbaaleey,Galmudug,2,4,2
1207,,Garasbaaleey,Galmudug,9,11,12
1208,,Garasbaaleey,Galmudug,3,2,3
1209,,Garasbaaleey,Galmudug,2,4,2
1210,,Garasbaaleey,Galmudug,2,2,2
1211,,Garasbaaleey,Galmudug,3,4,4
1212,,Garasbaaleey,Galmudug,5,3,5
1213,,Garasbaaleey,Galmudug,2,2,2
1214,,Garasbaaleey,Galmudug,4,3,3
1215,,Garasbaaleey,Galmudug,5,3,3
1216,,Garasbaaleey,Galmudug,6,4,5
1217,,Garasbaaleey,Galmudug,1,1,2
1218,,Garasbaaleey,Galmudug,4,4,3
1219,,Garasbaaleey,Galmudug,3,4,6
1220,,Garasbaaleey,Galmudug,4,4,3
1221,,Garasbaaleey,Galmudug,5,6,6
1222,,Garasbaaleey,Galmudug,16,18,20
1223,,Garasbaaleey,Galmudug,3,3,2
1224,,Garasbaaleey,Galmudug,4,4,1
1225,,Garasbaaleey,Galmudug,8,8,9
1226,,Garasbaaleey,Galmudug,1,1,1
1227,,Garasbaaleey,Galmudug,9,8,11
1228,,Garasbaaleey,Galmudug,0,1,1
1229,,Garasbaaleey,Galmudug,5,6,5
1230,,Garasbaaleey,Galmudug,6,4,5
1231,,Garasbaaleey,Galmudug,74,12,16
1232,,Garasbaaleey,Galmudug,3,2,2
1233,,Garasbaaleey,Galmudug,3,3,5
1234,,Garasbaaleey,Galmudug,3,2,1
1235,,Garasbaaleey,Galmudug,8,9,8
1236,,Garasbaaleey,Galmudug,0,0,0
1237,,Garasbaaleey,Galmudug,2,3,3
1238,,Garasbaaleey,Galmudug,5,7,7
1239,,Garasbaaleey,Galmudug,10,10,11
1240,,Garasbaaleey,Galmudug,7,7,5
1241,,Garasbaaleey,Galmudug,9,7,9
1242,,Garasbaaleey,Galmudug,7,5,4
1243,,Garasbaaleey,Galmudug,3,2,3
1244,,Garasbaaleey,Galmudug,4,4,10
1245,,Garasbaaleey,Galmudug,1,1,1
1246,,Garasbaaleey,Galmudug,2,2,2
1247,,Garasbaaleey,Galmudug,2,1,1
1248,,Garasbaaleey,Galmudug,2,2,3
1249,,Garasbaaleey,Galmudug,6,8,8
1250,,Garasbaaleey,Galmudug,2,1,9
1251,,Garasbaaleey,Galmudug,2,1,1
1252,,Garasbaaleey,Galmudug,3,4,0
1253,,Garasbaaleey,Galmudug,4,6,4
1254,,Garasbaaleey,Galmudug,2,1,2
1255,,Garasbaaleey,Galmudug,10,1,21
1256,,Garasbaaleey,Galmudug,1,1,2
1257,,Garasbaaleey,Galmudug,3,4,7
1258,,Garasbaaleey,Galmudug,3,6,3
1259,,Garasbaaleey,Galmudug,3,2,3
3912,,Garasbaaleey,Galmudug,4,6,6
3913,,Garasbaaleey,Galmudug,2,2,3
3977,,Garasbaaleey,Galmudug,7,7,9
3978,,Garasbaaleey,Galmudug,11,5,0
3979,,Garasbaaleey,Galmudug,10,10,10
3980,,Garasbaaleey,Galmudug,3,2,3
3981,,Garasbaaleey,Galmudug,14,13,12
3982,,Garasbaaleey,Galmudug,14,13,14
3983,,Garasbaaleey,Galmudug,1,3,3
4434,,Garasbaaleey,Galmudug,10,9,10
4435,,Garasbaaleey,Galmudug,28,27,27
4436,,Garasbaaleey,Galmudug,6,5,5
4437,,Garasbaaleey,Galmudug,0,0,0
4438,,Garasbaaleey,Galmudug,2,2,1
4439,,Garasbaaleey,Galmudug,7,8,6
4440,,Garasbaaleey,Galmudug,1,0,0
4441,,Garasbaaleey,Galmudug,8,7,7
4442,,Garasbaaleey,Galmudug,5,6,5
4443,,Garasbaaleey,Galmudug,3,1,2
4444,,Garasbaaleey,Galmudug,3,4,4
4930,,Garasbaaleey,Galmudug,3,3,4
5166,,Garasbaaleey,Galmudug,5,5,7
5167,,Garasbaaleey,Galmudug,5,4,6
5168,,Garasbaaleey,Galmudug,6,4,7
5169,,Garasbaaleey,Galmudug,10,13,6
5170,,Garasbaaleey,Galmudug,6,8,8
5171,,Garasbaaleey,Galmudug,9,8,11
5172,,Garasbaaleey,Galmudug,14,7,14
5173,,Garasbaaleey,Galmudug,7,5,5
5436,,Garasbaaleey,Galmudug,3,3,2
5437,,Garasbaaleey,Galmudug,2,2,2
5531,,Garasbaaleey,Galmudug,30,18,26
5532,,Garasbaaleey,Galmudug,6,6,8
5533,,Garasbaaleey,Galmudug,10,6,6
5534,,Garasbaaleey,Galmudug,3,1,2
5535,,Garasbaaleey,Galmudug,3,3,3
5536,,Garasbaaleey,Galmudug,12,12,13
5537,,Garasbaaleey,Galmudug,16,18,8
5538,,Garasbaaleey,Galmudug,2,1,1
5539,,Garasbaaleey,Galmudug,3,2,4
5540,,Garasbaaleey,Galmudug,3,2,1
5541,,Garasbaaleey,Galmudug,2,4,2
5733,,Garasbaaleey,Galmudug,15,16,16
5734,,Garasbaaleey,Galmudug,5,6,6
5735,,Garasbaaleey,Galmudug,38,93,16
5933,,Garasbaaleey,Galmudug,8,4,4
5968,,Garasbaaleey,Galmudug,9,9,6
6025,,Garasbaaleey,Galmudug,2,2,2
6026,,Garasbaaleey,Galmudug,6,5,4
6052,,Garasbaaleey,Galmudug,0,1,0
6067,,Garasbaaleey,Galmudug,1,1,2
6068,,Garasbaaleey,Galmudug,1,1,0
6069,,Garasbaaleey,Galmudug,4,6,2
6070,,Garasbaaleey,Galmudug,20,20,20
6071,,Garasbaaleey,Galmudug,5,3,4
6072,,Garasbaaleey,Galmudug,5,5,3
6073,,Garasbaaleey,Galmudug,2,3,3
6074,,Garasbaaleey,Galmudug,7,1,1
6075,,Garasbaaleey,Galmudug,4,2,4
6076,,Garasbaaleey,Galmudug,0,0,0
6077,,Garasbaaleey,Galmudug,3,2,4
6078,,Garasbaaleey,Galmudug,5,4,4
6079,,Garasbaaleey,Galmudug,1,1,1
6080,,Garasbaaleey,Galmudug,2,1,1
6081,,Garasbaaleey,Galmudug,2,3,4
6139,,Garasbaaleey,Galmudug,6,2,4
6159,,Garasbaaleey,Galmudug,1,1,1
6184,,Garasbaaleey,Galmudug,1,1,1
6195,,Garasbaaleey,Galmudug,5,7,2
6212,,Garasbaaleey,Galmudug,7,5,2
6229,,Garasbaaleey,Galmudug,1,1,3
6253,,Garasbaaleey,Galmudug,3,3,1
6256,,Garasbaaleey,Galmudug,10,15,15
6272,,Garasbaaleey,Galmudug,1,1,1
6273,,Garasbaaleey,Galmudug,10,9,7
6274,,Garasbaaleey,Galmudug,1,2,3
6275,,Garasbaaleey,Galmudug,7,7,4
6288,,Garasbaaleey,Galmudug,2,4,3
6289,,Garasbaaleey,Galmudug,6,6,1
6294,,Garasbaaleey,Galmudug,9,9,10
6295,,Garasbaaleey,Galmudug,5,7,4
6296,,Garasbaaleey,Galmudug,9,9,4
6297,,Garasbaaleey,Galmudug,1,1,2
6298,,Garasbaaleey,Galmudug,6,6,6
6299,,Garasbaaleey,Galmudug,0,0,0
6300,,Garasbaaleey,Galmudug,2,2,2
6301,,Garasbaaleey,Galmudug,3,4,2
6302,,Garasbaaleey,Galmudug,3,2,3
6303,,Garasbaaleey,Galmudug,6,7,6
6304,,Garasbaaleey,Galmudug,4,6,15
6305,,Garasbaaleey,Galmudug,1,1,1
6306,,Garasbaaleey,Galmudug,2,2,1
6307,,Garasbaaleey,Galmudug,3,2,1
6308,,Garasbaaleey,Galmudug,4,4,3
6309,,Garasbaaleey,Galmudug,2,7,6
6310,,Garasbaaleey,Galmudug,0,3,4
6311,,Garasbaaleey,Galmudug,2,4,3
6312,,Garasbaaleey,Galmudug,1,1,3
6363,,Garasbaaleey,Galmudug,3,3,4
6373,,Garasbaaleey,Galmudug,10,8,11
6384,,Garasbaaleey,Galmudug,3,3,3
6385,,Garasbaaleey,Galmudug,0,3,2
6394,,Garasbaaleey,Galmudug,4,3,4
6395,,Garasbaaleey,Galmudug,2,3,2
6406,,Garasbaaleey,Galmudug,10,5,11
6417,,Garasbaaleey,Galmudug,3,3,4
6418,,Garasbaaleey,Galmudug,3,2,2
6429,,Garasbaaleey,Galmudug,4,3,3
6430,,Garasbaaleey,Galmudug,5,5,6
6431,,Garasbaaleey,Galmudug,2,3,3
6432,,Garasbaaleey,Galmudug,0,0,0
6433,,Garasbaaleey,Galmudug,8,3,1
6434,,Garasbaaleey,Galmudug,12,13,12
6435,,Garasbaaleey,Galmudug,7,4,5
6436,,Garasbaaleey,Galmudug,8,4,6
6437,,Garasbaaleey,Galmudug,2,3,5
6438,,Garasbaaleey,Galmudug,0,0,0
6467,,Garasbaaleey,Galmudug,1,1,1
6468,,Garasbaaleey,Galmudug,4,2,3
6488,,Garasbaaleey,Galmudug,2,2,6
6508,,Garasbaaleey,Galmudug,4,4,4
6516,,Garasbaaleey,Galmudug,4,3,4
6517,,Garasbaaleey,Galmudug,2,2,2
6518,,Garasbaaleey,Galmudug,9,9,8
6519,,Garasbaaleey,Galmudug,4,4,2
6520,,Garasbaaleey,Galmudug,1,1,1
6526,,Garasbaaleey,Galmudug,1,0,0
6533,,Garasbaaleey,Galmudug,20,17,10
6541,,Garasbaaleey,Galmudug,1,1,1
6542,,Garasbaaleey,Galmudug,0,0,1
6543,,Garasbaaleey,Galmudug,0,8,3
6544,,Garasbaaleey,Galmudug,6,3,5
6545,,Garasbaaleey,Galmudug,1,1,1
6546,,Garasbaaleey,Galmudug,5,5,4
6547,,Garasbaaleey,Galmudug,6,3,4
6548,,Garasbaaleey,Galmudug,2,5,3
6549,,Garasbaaleey,Galmudug,4,2,2
6583,,Garasbaaleey,Galmudug,1,0,2
6584,,Garasbaaleey,Galmudug,12,8,1
6611,,Garasbaaleey,Galmudug,1,3,7
6625,,Garasbaaleey,Galmudug,2,1,0
6628,,Garasbaaleey,Galmudug,1,2,2
6635,,Garasbaaleey,Galmudug,2,2,2
6636,,Garasbaaleey,Galmudug,3,4,1
6639,,Garasbaaleey,Galmudug,2,3,4
6640,,Garasbaaleey,Galmudug,2,2,1
6643,,Garasbaaleey,Galmudug,4,8,8
6644,,Garasbaaleey,Galmudug,6,6,8
6645,,Garasbaaleey,Galmudug,2,6,3
6646,,Garasbaaleey,Galmudug,3,3,4
6647,,Garasbaaleey,Galmudug,6,3,2
6648,,Garasbaaleey,Galmudug,6,5,6
6649,,Garasbaaleey,Galmudug,3,2,2
6650,,Garasbaaleey,Galmudug,5,5,6
6651,,Garasbaaleey,Galmudug,3,2,1
6652,,Garasbaaleey,Galmudug,4,3,4
6653,,Garasbaaleey,Galmudug,3,4,3
6654,,Garasbaaleey,Galmudug,1,1,1
6678,,Garasbaaleey,Galmudug,3,2,4
6698,,Garasbaaleey,Galmudug,3,2,2
6702,,Garasbaaleey,Galmudug,1,4,4
6703,,Garasbaaleey,Galmudug,7,2,6
6707,,Garasbaaleey,Galmudug,3,2,4
6719,,Garasbaaleey,Galmudug,4,6,8
6721,,Garasbaaleey,Galmudug,2,2,2
6725,,Garasbaaleey,Galmudug,6,7,8
6727,,Garasbaaleey,Galmudug,1,3,2
6728,,Garasbaaleey,Galmudug,3,3,1
6729,,Garasbaaleey,Galmudug,0,0,0
6730,,Garasbaaleey,Galmudug,5,6,7
6731,,Garasbaaleey,Galmudug,3,2,1
6732,,Garasbaaleey,Galmudug,1,1,1
6747,,Garasbaaleey,Galmudug,3,3,1
6770,,Garasbaaleey,Galmudug,2,4,1
6771,,Garasbaaleey,Galmudug,2,3,2
6785,,Garasbaaleey,Galmudug,1,1,1
6786,,Garasbaaleey,Galmudug,11,3,6
6794,,Garasbaaleey,Galmudug,8,5,1
6797,,Garasbaaleey,Galmudug,6,7,2
6798,,Garasbaaleey,Galmudug,5,5,7
6799,,Garasbaaleey,Galmudug,2,3,4
6821,,Garasbaaleey,Galmudug,2,2,2
6832,,Garasbaaleey,Galmudug,2,3,1
6845,,Garasbaaleey,Galmudug,3,3,5
6846,,Garasbaaleey,Galmudug,0,0,0
6851,,Garasbaaleey,Galmudug,8,7,5
6858,,Garasbaaleey,Galmudug,9,8,5
6859,,Garasbaaleey,Galmudug,7,6,0
6860,,Garasbaaleey,Galmudug,10,6,10
6861,,Garasbaaleey,Galmudug,9,7,7
6880,,Garasbaaleey,Galmudug,5,4,3
6881,,Garasbaaleey,Galmudug,2,2,2
6889,,Garasbaaleey,Galmudug,1,2,2
6897,,Garasbaaleey,Galmudug,0,1,1
6898,,Garasbaaleey,Galmudug,6,9,7
6900,,Garasbaaleey,Galmudug,4,3,2
6901,,Garasbaaleey,Galmudug,7,22,7
6911,,Garasbaaleey,Galmudug,38,4,5
6912,,Garasbaaleey,Galmudug,12,12,12
6913,,Garasbaaleey,Galmudug,3,3,5
6914,,Garasbaaleey,Galmudug,19,16,10
6915,,Garasbaaleey,Galmudug,8,3,4
6920,,Garasbaaleey,Galmudug,3,3,3
6928,,Garasbaaleey,Galmudug,0,0,0
6929,,Garasbaaleey,Galmudug,0,1,2
6932,,Garasbaaleey,Galmudug,1,1,0
6934,,Garasbaaleey,Galmudug,2,2,4
6935,,Garasbaaleey,Galmudug,0,1,2
6937,,Garasbaaleey,Galmudug,2,4,4
6938,,Garasbaaleey,Galmudug,4,4,4
6939,,Garasbaaleey,Galmudug,4,4,4
6940,,Garasbaaleey,Galmudug,3,2,4
6941,,Garasbaaleey,Galmudug,3,4,3
6958,,Garasbaaleey,Galmudug,5,3,5
6959,,Garasbaaleey,Galmudug,0,2,6
6963,,Garasbaaleey,Galmudug,6,3,4
6969,,Garasbaaleey,Galmudug,11,10,13
6970,,Garasbaaleey,Galmudug,5,6,6
6982,,Garasbaaleey,Galmudug,4,3,3
6983,,Garasbaaleey,Galmudug,7,7,8
6986,,Garasbaaleey,Galmudug,0,1,1
6988,,Garasbaaleey,Galmudug,0,3,4
6989,,Garasbaaleey,Galmudug,6,7,4
6992,,Garasbaaleey,Galmudug,5,4,1
7001,,Garasbaaleey,Galmudug,3,6,3
7002,,Garasbaaleey,Galmudug,0,1,1
7014,,Garasbaaleey,Galmudug,1,1,1
7017,,Garasbaaleey,Galmudug,3,2,2
7018,,Garasbaaleey,Galmudug,4,4,8
7019,,Garasbaaleey,Galmudug,13,17,14
7020,,Garasbaaleey,Galmudug,7,7,9
7021,,Garasbaaleey,Galmudug,14,16,21
7033,,Garasbaaleey,Galmudug,5,6,5
7039,,Garasbaaleey,Galmudug,3,3,4
7041,,Garasbaaleey,Galmudug,4,6,6
7042,,Garasbaaleey,Galmudug,5,3,6
7047,,Garasbaaleey,Galmudug,6,9,4
7050,,Garasbaaleey,Galmudug,1,1,1
7054,,Garasbaaleey,Galmudug,5,4,5
7055,,Garasbaaleey,Galmudug,1,1,1
7060,,Garasbaaleey,Galmudug,7,7,6
7068,,Garasbaaleey,Galmudug,2,3,7
7072,,Garasbaaleey,Galmudug,10,5,4
7075,,Garasbaaleey,Galmudug,11,13,16
7076,,Garasbaaleey,Galmudug,0,0,0
7079,,Garasbaaleey,Galmudug,11,11,12
7080,,Garasbaaleey,Galmudug,4,8,5
7083,,Garasbaaleey,Galmudug,0,0,0
7089,,Garasbaaleey,Galmudug,0,0,0
7090,,Garasbaaleey,Galmudug,4,0,0
7093,,Garasbaaleey,Galmudug,5,3,5
7098,,Garasbaaleey,Galmudug,1,1,20
7102,,Garasbaaleey,Galmudug,4,4,5
7106,,Garasbaaleey,Galmudug,2,4,11
7107,,Garasbaaleey,Galmudug,1,4,5
7110,,Garasbaaleey,Galmudug,13,13,17
7114,,Garasbaaleey,Galmudug,7,2,3
7125,,Garasbaaleey,Galmudug,0,0,0
7129,,Garasbaaleey,Galmudug,10,16,17
7134,,Garasbaaleey,Galmudug,24,18,8
7137,,Garasbaaleey,Galmudug,5,4,5
7142,,Garasbaaleey,Galmudug,5,7,3
7154,,Garasbaaleey,Galmudug,11,8,10
7155,,Garasbaaleey,Galmudug,6,7,6
7157,,Garasbaaleey,Galmudug,4,5,3
7159,,Garasbaaleey,Galmudug,5,4,5
7160,,Garasbaaleey,Galmudug,11,10,12
7161,,Garasbaaleey,Galmudug,1,2,1
7163,,Garasbaaleey,Galmudug,0,6,9
7164,,Garasbaaleey,Galmudug,0,0,0
7168,,Garasbaaleey,Galmudug,5,6,9
7171,,Garasbaaleey,Galmudug,21,10,11
7172,,Garasbaaleey,Galmudug,2,2,2
7174,,Garasbaaleey,Galmudug,1,1,1
7175,,Garasbaaleey,Galmudug,3,2,4
7176,,Garasbaaleey,Galmudug,31,6,6
7182,,Garasbaaleey,Galmudug,5,4,3
7183,,Garasbaaleey,Galmudug,4,4,4
7185,,Garasbaaleey,Galmudug,5,10,3
7188,,Garasbaaleey,Galmudug,4,3,2
7189,,Garasbaaleey,Galmudug,7,8,9
7195,,Garasbaaleey,Galmudug,5,7,8
7197,,Garasbaaleey,Galmudug,12,14,10
7198,,Garasbaaleey,Galmudug,8,13,15
7199,,Garasbaaleey,Galmudug,12,30,30
7397,,Garasbaaleey,Galmudug,1,2,1
7398,,Garasbaaleey,Galmudug,5,6,7
7399,,Garasbaaleey,Galmudug,1,2,1
7400,,Garasbaaleey,Galmudug,2,1,1
7401,,Garasbaaleey,Galmudug,4,2,6
7402,,Garasbaaleey,Galmudug,4,1,1
7403,,Garasbaaleey,Galmudug,2,0,0
7468,,Garasbaaleey,Galmudug,4,4,7
7469,,Garasbaaleey,Galmudug,2,1,1
7470,,Garasbaaleey,Galmudug,10,11,3
7471,,Garasbaaleey,Galmudug,4,3,8
7472,,Garasbaaleey,Galmudug,4,4,5
7507,,Garasbaaleey,Galmudug,1,2,3
7508,,Garasbaaleey,Galmudug,1,1,1
7521,,Garasbaaleey,Galmudug,6,2,1
7526,,Garasbaaleey,Galmudug,1,1,2
7530,,Garasbaaleey,Galmudug,6,14,22
7568,,Garasbaaleey,Galmudug,2,2,3
7569,,Garasbaaleey,Galmudug,0,2,2
7570,,Garasbaaleey,Galmudug,1,1,1
7637,,Garasbaaleey,Galmudug,2,1,2
7638,,Garasbaaleey,Galmudug,1,1,2
7717,,Garasbaaleey,Galmudug,0,88,10
7724,,Garasbaaleey,Galmudug,0,3,3
7758,,Garasbaaleey,Galmudug,0,1,1
7759,,Garasbaaleey,Galmudug,0,1,2
7767,,Garasbaaleey,Galmudug,0,1,6
7768,,Garasbaaleey,Galmudug,0,1,1
7832,,Garasbaaleey,Galmudug,0,0,3
7833,,Garasbaaleey,Galmudug,0,0,5
7834,,Garasbaaleey,Galmudug,0,0,6
7835,,Garasbaaleey,Galmudug,0,0,11
7836,,Garasbaaleey,Galmudug,0,0,18
7838,,Garasbaaleey,Galmudug,0,0,2
4,,Garasbaaleey,Warlalis,4,5,7
22,,Garasbaaleey,Warlalis,0,0,5.5625
31,,Garasbaaleey,Warlalis,0,0,4.9375
47,,Garasbaaleey,Warlalis,0,0,3.5
48,,Garasbaaleey,Warlalis,4,4,5
49,,Garasbaaleey,Warlalis,0,0,3.2188
50,,Garasbaaleey,Warlalis,0,0,3.1875
55,,Garasbaaleey,Warlalis,14,9,8
63,,Garasbaaleey,Warlalis,0,0,2.875
65,,Garasbaaleey,Warlalis,0,0,2.75
68,,Garasbaaleey,Warlalis,0,0,2.5
73,,Garasbaaleey,Warlalis,0,0,2.25
75,,Garasbaaleey,Warlalis,0,0,2.125
77,,Garasbaaleey,Warlalis,0,0,2
92,,Garasbaaleey,Warlalis,0,0,1.75
93,,Garasbaaleey,Warlalis,0,0,1.75
98,,Garasbaaleey,Warlalis,0,0,1.6875
106,,Garasbaaleey,Warlalis,0,0,1.375
108,,Garasbaaleey,Warlalis,0,0,1.3125
110,,Garasbaaleey,Warlalis,0,0,1.25
111,,Garasbaaleey,Warlalis,5,5,3
114,,Garasbaaleey,Warlalis,0,0,1.1563
119,,Garasbaaleey,Warlalis,18,21,22
124,,Garasbaaleey,Warlalis,0,0,1
139,,Garasbaaleey,Warlalis,0,0,0.9375
144,,Garasbaaleey,Warlalis,0,0,0.875
145,,Garasbaaleey,Warlalis,0,0,0.875
153,,Garasbaaleey,Warlalis,0,0,0.8125
154,,Garasbaaleey,Warlalis,8,8,8
155,,Garasbaaleey,Warlalis,0,0,0.8125
157,,Garasbaaleey,Warlalis,0,0,0.7938
159,,Garasbaaleey,Warlalis,0,0,0.75
172,,Garasbaaleey,Warlalis,10,10,10
180,,Garasbaaleey,Warlalis,8,5,20
181,,Garasbaaleey,Warlalis,5,3,5
197,,Garasbaaleey,Warlalis,1,3,7
210,,Garasbaaleey,Warlalis,5,5,8
229,,Garasbaaleey,Warlalis,4,4,4
230,,Garasbaaleey,Warlalis,15,10,7
231,,Garasbaaleey,Warlalis,5,5,5
266,,Garasbaaleey,Warlalis,1,1,1
267,,Garasbaaleey,Warlalis,12,19,15
268,,Garasbaaleey,Warlalis,16,13,13
356,,Garasbaaleey,Warlalis,4,4,4
357,,Garasbaaleey,Warlalis,9,8,8
358,,Garasbaaleey,Warlalis,10,9,15
359,,Garasbaaleey,Warlalis,1,1,3
420,,Garasbaaleey,Warlalis,5,6,6
531,,Garasbaaleey,Warlalis,2,2,2
532,,Garasbaaleey,Warlalis,3,3,3
533,,Garasbaaleey,Warlalis,2,3,3
534,,Garasbaaleey,Warlalis,8,7,7
535,,Garasbaaleey,Warlalis,9,8,5
536,,Garasbaaleey,Warlalis,34,30,43
537,,Garasbaaleey,Warlalis,5,7,0
538,,Garasbaaleey,Warlalis,2,4,7
539,,Garasbaaleey,Warlalis,3,3,4
540,,Garasbaaleey,Warlalis,4,5,6
661,,Garasbaaleey,Warlalis,0,2,7
817,,Garasbaaleey,Warlalis,17,18,22
1260,,Garasbaaleey,Warlalis,50,65,90
1261,,Garasbaaleey,Warlalis,8,7,8
1262,,Garasbaaleey,Warlalis,187,165,154
1263,,Garasbaaleey,Warlalis,0,4,0
1264,,Garasbaaleey,Warlalis,15,17,14
1265,,Garasbaaleey,Warlalis,0,0,0
1266,,Garasbaaleey,Warlalis,8,111,117
1267,,Garasbaaleey,Warlalis,1,4,5
1268,,Garasbaaleey,Warlalis,4,4,8
1269,,Garasbaaleey,Warlalis,5,4,5
1270,,Garasbaaleey,Warlalis,12,11,14
1271,,Garasbaaleey,Warlalis,17,19,19
1272,,Garasbaaleey,Warlalis,7,4,0
1273,,Garasbaaleey,Warlalis,7,5,8
1274,,Garasbaaleey,Warlalis,0,0,2
1275,,Garasbaaleey,Warlalis,36,26,19
1276,,Garasbaaleey,Warlalis,5,4,6
1277,,Garasbaaleey,Warlalis,32,0,0
1278,,Garasbaaleey,Warlalis,94,77,68
1279,,Garasbaaleey,Warlalis,3,3,3
1280,,Garasbaaleey,Warlalis,4,5,6
1281,,Garasbaaleey,Warlalis,14,16,9
1282,,Garasbaaleey,Warlalis,6,5,0
1283,,Garasbaaleey,Warlalis,7,7,6
1284,,Garasbaaleey,Warlalis,13,13,13
1285,,Garasbaaleey,Warlalis,5,1,4
1286,,Garasbaaleey,Warlalis,7,7,6
1287,,Garasbaaleey,Warlalis,12,8,24
1288,,Garasbaaleey,Warlalis,1,2,1
1289,,Garasbaaleey,Warlalis,14,10,11
1290,,Garasbaaleey,Warlalis,1,2,3
1291,,Garasbaaleey,Warlalis,15,13,12
1292,,Garasbaaleey,Warlalis,13,9,5
1293,,Garasbaaleey,Warlalis,11,7,8
1294,,Garasbaaleey,Warlalis,10,12,7
1295,,Garasbaaleey,Warlalis,17,17,15
1296,,Garasbaaleey,Warlalis,10,12,10
1297,,Garasbaaleey,Warlalis,12,9,11
1298,,Garasbaaleey,Warlalis,11,12,7
1299,,Garasbaaleey,Warlalis,10,13,12
1300,,Garasbaaleey,Warlalis,11,8,0
1301,,Garasbaaleey,Warlalis,7,7,10
1302,,Garasbaaleey,Warlalis,10,11,11
1303,,Garasbaaleey,Warlalis,9,0,1
1304,,Garasbaaleey,Warlalis,8,7,8
1305,,Garasbaaleey,Warlalis,5,5,5
1306,,Garasbaaleey,Warlalis,30,31,36
1307,,Garasbaaleey,Warlalis,1,2,2
1308,,Garasbaaleey,Warlalis,9,12,13
1309,,Garasbaaleey,Warlalis,7,9,9
1310,,Garasbaaleey,Warlalis,1,1,1
1311,,Garasbaaleey,Warlalis,1,2,0
1312,,Garasbaaleey,Warlalis,10,10,9
1313,,Garasbaaleey,Warlalis,0,0,0
1314,,Garasbaaleey,Warlalis,18,18,18
1315,,Garasbaaleey,Warlalis,9,8,0
1316,,Garasbaaleey,Warlalis,5,4,5
1317,,Garasbaaleey,Warlalis,10,11,12
1318,,Garasbaaleey,Warlalis,33,47,33
1319,,Garasbaaleey,Warlalis,5,3,4
1320,,Garasbaaleey,Warlalis,3,4,3
1321,,Garasbaaleey,Warlalis,7,10,12
1322,,Garasbaaleey,Warlalis,4,4,1
1323,,Garasbaaleey,Warlalis,7,9,8
1324,,Garasbaaleey,Warlalis,94,0,0
1325,,Garasbaaleey,Warlalis,10,10,13
1326,,Garasbaaleey,Warlalis,12,18,21
1327,,Garasbaaleey,Warlalis,7,6,6
1328,,Garasbaaleey,Warlalis,5,5,12
1329,,Garasbaaleey,Warlalis,9,10,13
1330,,Garasbaaleey,Warlalis,5,6,6
1331,,Garasbaaleey,Warlalis,10,15,6.75
1332,,Garasbaaleey,Warlalis,10,16,12
1333,,Garasbaaleey,Warlalis,10,13,10
1334,,Garasbaaleey,Warlalis,5,4,5
1335,,Garasbaaleey,Warlalis,5,8,7
1336,,Garasbaaleey,Warlalis,9,7,8
1337,,Garasbaaleey,Warlalis,0,0,0
1338,,Garasbaaleey,Warlalis,2,4,5
1339,,Garasbaaleey,Warlalis,10,8,10
1340,,Garasbaaleey,Warlalis,7,6,10
1341,,Garasbaaleey,Warlalis,10,9,11
1342,,Garasbaaleey,Warlalis,5,6,8
1343,,Garasbaaleey,Warlalis,3,8,7
1344,,Garasbaaleey,Warlalis,11,14,13
1345,,Garasbaaleey,Warlalis,3,4,3
1346,,Garasbaaleey,Warlalis,1,3,2
1347,,Garasbaaleey,Warlalis,5,4,6
1348,,Garasbaaleey,Warlalis,4,2,7
1349,,Garasbaaleey,Warlalis,0,12,8
1350,,Garasbaaleey,Warlalis,7,7,7
1351,,Garasbaaleey,Warlalis,4,3,5
1352,,Garasbaaleey,Warlalis,11,14,13
1353,,Garasbaaleey,Warlalis,7,6,8
1354,,Garasbaaleey,Warlalis,4,5,3
1355,,Garasbaaleey,Warlalis,5,9,9
1356,,Garasbaaleey,Warlalis,5,5,5
1357,,Garasbaaleey,Warlalis,7,9,5
1358,,Garasbaaleey,Warlalis,4,5,6
1359,,Garasbaaleey,Warlalis,9,7,7
1360,,Garasbaaleey,Warlalis,9,12,14
1361,,Garasbaaleey,Warlalis,4,6,7
1362,,Garasbaaleey,Warlalis,9,10,11
1363,,Garasbaaleey,Warlalis,4,2,3
1364,,Garasbaaleey,Warlalis,0,0,0
2467,,Garasbaaleey,Warlalis,5,7,5
2482,,Garasbaaleey,Warlalis,6,5,5
2491,,Garasbaaleey,Warlalis,2,3,4
2495,,Garasbaaleey,Warlalis,22,24,31
2496,,Garasbaaleey,Warlalis,18,22,7
2497,,Garasbaaleey,Warlalis,9,11,10
2499,,Garasbaaleey,Warlalis,6,6,7
2500,,Garasbaaleey,Warlalis,7,8,8
2503,,Garasbaaleey,Warlalis,16,13,15
2507,,Garasbaaleey,Warlalis,3,3,3
2510,,Garasbaaleey,Warlalis,4,5,5
2512,,Garasbaaleey,Warlalis,6,6,7
2513,,Garasbaaleey,Warlalis,10,8,4
2514,,Garasbaaleey,Warlalis,11,9,10
2515,,Garasbaaleey,Warlalis,9,9,8
2516,,Garasbaaleey,Warlalis,7,8,13
2517,,Garasbaaleey,Warlalis,4,4,7
2518,,Garasbaaleey,Warlalis,3,4,2
2520,,Garasbaaleey,Warlalis,14,14,20
2521,,Garasbaaleey,Warlalis,1,1,3
2522,,Garasbaaleey,Warlalis,8,9,10
2524,,Garasbaaleey,Warlalis,8,12,9
2526,,Garasbaaleey,Warlalis,8,11,15
2527,,Garasbaaleey,Warlalis,5,8,10
2528,,Garasbaaleey,Warlalis,2,2,2
2529,,Garasbaaleey,Warlalis,11,15,14
2530,,Garasbaaleey,Warlalis,5,6,1
2535,,Garasbaaleey,Warlalis,16,18,22
2649,,Garasbaaleey,Warlalis,10,11,10
2654,,Garasbaaleey,Warlalis,7,20,17
2660,,Garasbaaleey,Warlalis,8,9,11
2674,,Garasbaaleey,Warlalis,6,10,8
2679,,Garasbaaleey,Warlalis,8,12,12
2684,,Garasbaaleey,Warlalis,15,23,23
2698,,Garasbaaleey,Warlalis,3,5,6
2699,,Garasbaaleey,Warlalis,14,10,13
2700,,Garasbaaleey,Warlalis,2,1,3
2701,,Garasbaaleey,Warlalis,6,2,3
3893,,Garasbaaleey,Warlalis,0,0,74
3894,,Garasbaaleey,Warlalis,2,6,6
3914,,Garasbaaleey,Warlalis,43,28,34
3928,,Garasbaaleey,Warlalis,3,4,3
3984,,Garasbaaleey,Warlalis,16,29,23
3985,,Garasbaaleey,Warlalis,7,12,7
3986,,Garasbaaleey,Warlalis,10,9,9
3987,,Garasbaaleey,Warlalis,10,6,7
3988,,Garasbaaleey,Warlalis,2,6,13
3989,,Garasbaaleey,Warlalis,17,23,0
4143,,Garasbaaleey,Warlalis,19,8,6
4148,,Garasbaaleey,Warlalis,14,18,15
4149,,Garasbaaleey,Warlalis,9,11,13
4150,,Garasbaaleey,Warlalis,42,43,43
4151,,Garasbaaleey,Warlalis,4,5,6
4152,,Garasbaaleey,Warlalis,5,8,8
4153,,Garasbaaleey,Warlalis,8,9,11
4181,,Garasbaaleey,Warlalis,9,12,10
4396,,Garasbaaleey,Warlalis,9,10,12
4445,,Garasbaaleey,Warlalis,3,2,7
4446,,Garasbaaleey,Warlalis,20,25,24
4447,,Garasbaaleey,Warlalis,4,7,6
4448,,Garasbaaleey,Warlalis,4,18,12
4449,,Garasbaaleey,Warlalis,9,10,10
4450,,Garasbaaleey,Warlalis,10,8,9
4451,,Garasbaaleey,Warlalis,9,8,9
4452,,Garasbaaleey,Warlalis,10,5,5
4453,,Garasbaaleey,Warlalis,9,6,8
4454,,Garasbaaleey,Warlalis,6,6,5
4455,,Garasbaaleey,Warlalis,0,0,0
4456,,Garasbaaleey,Warlalis,11,8,6
4457,,Garasbaaleey,Warlalis,0,0,0
4458,,Garasbaaleey,Warlalis,5,5,4
4459,,Garasbaaleey,Warlalis,5,4,6
4460,,Garasbaaleey,Warlalis,2,8,16
4461,,Garasbaaleey,Warlalis,12,16,15
4632,,Garasbaaleey,Warlalis,8,9,10
4636,,Garasbaaleey,Warlalis,1,2,6
4637,,Garasbaaleey,Warlalis,0,0,0
4639,,Garasbaaleey,Warlalis,5,5,6
4640,,Garasbaaleey,Warlalis,3,5,5
4661,,Garasbaaleey,Warlalis,2,2,0
4668,,Garasbaaleey,Warlalis,7,9,7
4670,,Garasbaaleey,Warlalis,4,4,5
4672,,Garasbaaleey,Warlalis,5,6,1
4915,,Garasbaaleey,Warlalis,5,6,7
4931,,Garasbaaleey,Warlalis,2,0,1
4932,,Garasbaaleey,Warlalis,15,11,12
4933,,Garasbaaleey,Warlalis,8,6,9
4934,,Garasbaaleey,Warlalis,5,6,7
4935,,Garasbaaleey,Warlalis,7,8,10
4936,,Garasbaaleey,Warlalis,6,4,4
4937,,Garasbaaleey,Warlalis,14,7,0
4938,,Garasbaaleey,Warlalis,14,12,14
5006,,Garasbaaleey,Warlalis,6,8,9
5007,,Garasbaaleey,Warlalis,6,9,7
5008,,Garasbaaleey,Warlalis,4,4,5
5010,,Garasbaaleey,Warlalis,6,5,6
5174,,Garasbaaleey,Warlalis,2,83,11
5175,,Garasbaaleey,Warlalis,21,19,21
5176,,Garasbaaleey,Warlalis,8,10,8
5177,,Garasbaaleey,Warlalis,6,8,9
5268,,Garasbaaleey,Warlalis,4,3,5
5272,,Garasbaaleey,Warlalis,4,6,5
5273,,Garasbaaleey,Warlalis,14,15,14
5274,,Garasbaaleey,Warlalis,6,7,7
5275,,Garasbaaleey,Warlalis,4,2,6
5294,,Garasbaaleey,Warlalis,5,5,6
5425,,Garasbaaleey,Warlalis,4,9,7
5438,,Garasbaaleey,Warlalis,52,53,67
5476,,Garasbaaleey,Warlalis,7,8,11
5477,,Garasbaaleey,Warlalis,11,7,11
5478,,Garasbaaleey,Warlalis,6,7,7
5542,,Garasbaaleey,Warlalis,2,2,2
5543,,Garasbaaleey,Warlalis,18,20,23
5604,,Garasbaaleey,Warlalis,9,6,11
5605,,Garasbaaleey,Warlalis,5,6,6
5612,,Garasbaaleey,Warlalis,9,8,9
5613,,Garasbaaleey,Warlalis,37,42,34
5682,,Garasbaaleey,Warlalis,10,9,8
5683,,Garasbaaleey,Warlalis,1,1,5
5684,,Garasbaaleey,Warlalis,8,7,6
5736,,Garasbaaleey,Warlalis,17,13,12
5737,,Garasbaaleey,Warlalis,9,8,13
5738,,Garasbaaleey,Warlalis,12,17,27
5739,,Garasbaaleey,Warlalis,19,19,17
5740,,Garasbaaleey,Warlalis,9,9,8
5793,,Garasbaaleey,Warlalis,6,7,8
5797,,Garasbaaleey,Warlalis,7,8,4
5798,,Garasbaaleey,Warlalis,13,15,17
5801,,Garasbaaleey,Warlalis,18,20,26
5803,,Garasbaaleey,Warlalis,13,11,14
5809,,Garasbaaleey,Warlalis,7,9,10
5811,,Garasbaaleey,Warlalis,22,22,11
5812,,Garasbaaleey,Warlalis,22,28,26
5887,,Garasbaaleey,Warlalis,1,1,1
5888,,Garasbaaleey,Warlalis,7,7,7
5889,,Garasbaaleey,Warlalis,5,4,2
5906,,Garasbaaleey,Warlalis,11,14,14
5934,,Garasbaaleey,Warlalis,4,5,8
5948,,Garasbaaleey,Warlalis,12,17,15
5975,,Garasbaaleey,Warlalis,4,8,5
5982,,Garasbaaleey,Warlalis,9,7,11
6022,,Garasbaaleey,Warlalis,6,10,8
6053,,Garasbaaleey,Warlalis,5,7,6
6082,,Garasbaaleey,Warlalis,4,7,8
6083,,Garasbaaleey,Warlalis,158,139,147
6084,,Garasbaaleey,Warlalis,4,4,4
6113,,Garasbaaleey,Warlalis,6,5,8
6169,,Garasbaaleey,Warlalis,5,4,6
6197,,Garasbaaleey,Warlalis,29,27,23
6213,,Garasbaaleey,Warlalis,15,21,15
6230,,Garasbaaleey,Warlalis,3,5,5
6357,,Garasbaaleey,Warlalis,12,11,12
6469,,Garasbaaleey,Warlalis,10,8,7
6489,,Garasbaaleey,Warlalis,15,14,20
6599,,Garasbaaleey,Warlalis,3,6,11
6618,,Garasbaaleey,Warlalis,2,3,5
6833,,Garasbaaleey,Warlalis,14,14,11
6838,,Garasbaaleey,Warlalis,18,16,15
6892,,Garasbaaleey,Warlalis,4,4,4
6909,,Garasbaaleey,Warlalis,3,3,3
7027,,Garasbaaleey,Warlalis,31,30,31
7036,,Garasbaaleey,Warlalis,10,11,9
7126,,Garasbaaleey,Warlalis,0,0,19
7200,,Garasbaaleey,Warlalis,6,0,0
7352,,Garasbaaleey,Warlalis,5,3,3
7353,,Garasbaaleey,Warlalis,5,4,5
7354,,Garasbaaleey,Warlalis,5,5,4
7355,,Garasbaaleey,Warlalis,11,12,12
7356,,Garasbaaleey,Warlalis,8,5,5
7357,,Garasbaaleey,Warlalis,2,3,2
7358,,Garasbaaleey,Warlalis,7,8,8
7359,,Garasbaaleey,Warlalis,8,7,5
7360,,Garasbaaleey,Warlalis,3,4,3
7361,,Garasbaaleey,Warlalis,12,10,10
7362,,Garasbaaleey,Warlalis,7,6,5
7363,,Garasbaaleey,Warlalis,11,10,10
7364,,Garasbaaleey,Warlalis,9,13,15
7365,,Garasbaaleey,Warlalis,4,3,4
7366,,Garasbaaleey,Warlalis,23,21,30
7367,,Garasbaaleey,Warlalis,5,9,11
7368,,Garasbaaleey,Warlalis,28,25,26
7369,,Garasbaaleey,Warlalis,5,5,6
7370,,Garasbaaleey,Warlalis,7,4,6
7371,,Garasbaaleey,Warlalis,0,5,5
7447,,Garasbaaleey,Warlalis,0,0,0
7448,,Garasbaaleey,Warlalis,13,12,6
7449,,Garasbaaleey,Warlalis,10,10,2
7450,,Garasbaaleey,Warlalis,15,14,17
7451,,Garasbaaleey,Warlalis,4,3,5
7493,,Garasbaaleey,Warlalis,5,4,4
7562,,Garasbaaleey,Warlalis,10,11,11
7563,,Garasbaaleey,Warlalis,26,6,5
7564,,Garasbaaleey,Warlalis,8,7,6
7565,,Garasbaaleey,Warlalis,24,26,32
7566,,Garasbaaleey,Warlalis,55,231,236
7571,,Garasbaaleey,Warlalis,3,7,4
7576,,Garasbaaleey,Warlalis,0,245,50
7582,,Garasbaaleey,Warlalis,8,8,8
7583,,Garasbaaleey,Warlalis,6,14,1
7609,,Garasbaaleey,Warlalis,8,5,7
7681,,Garasbaaleey,Warlalis,0,56,12
7683,,Garasbaaleey,Warlalis,0,116,67
7684,,Garasbaaleey,Warlalis,0,14,5
7701,,Garasbaaleey,Warlalis,0,56,22
7706,,Garasbaaleey,Warlalis,0,55,50
7713,,Garasbaaleey,Warlalis,0,110,371
7714,,Garasbaaleey,Warlalis,0,62,61
7715,,Garasbaaleey,Warlalis,0,87,18
7719,,Garasbaaleey,Warlalis,0,3,1
7757,,Garasbaaleey,Warlalis,0,4,8
7794,,Garasbaaleey,Warlalis,0,0,47
7801,,Garasbaaleey,Warlalis,0,0,17
7802,,Garasbaaleey,Warlalis,0,0,12
7803,,Garasbaaleey,Warlalis,0,0,9
7804,,Garasbaaleey,Warlalis,0,0,7
7805,,Garasbaaleey,Warlalis,0,0,12
7809,,Garasbaaleey,Warlalis,0,0,1
7827,,Garasbaaleey,Warlalis,0,0,64
7828,,Garasbaaleey,Warlalis,0,0,10
7829,,Garasbaaleey,Warlalis,0,0,31
7842,,Garasbaaleey,Warlalis,0,0,20
7845,,Garasbaaleey,Warlalis,0,0,13
7859,,Garasbaaleey,Warlalis,0,0,13
7874,,Garasbaaleey,Warlalis,0,0,10
7894,,Garasbaaleey,Warlalis,0,0,2
24,,Garasbaaleey,Tareedisho,5,7,7
177,,Garasbaaleey,Tareedisho,12,9,13
188,,Garasbaaleey,Tareedisho,0,0,0
232,,Garasbaaleey,Tareedisho,2,2,1
269,,Garasbaaleey,Tareedisho,1,1,1
360,,Garasbaaleey,Tareedisho,5,5,4
361,,Garasbaaleey,Tareedisho,24,7,18
541,,Garasbaaleey,Tareedisho,3,3,4
542,,Garasbaaleey,Tareedisho,1,2,2
543,,Garasbaaleey,Tareedisho,2,4,6
544,,Garasbaaleey,Tareedisho,3,1,2
1365,,Garasbaaleey,Tareedisho,22,11,12
1366,,Garasbaaleey,Tareedisho,5,2,3
1367,,Garasbaaleey,Tareedisho,22,24,28
1368,,Garasbaaleey,Tareedisho,8,6,9
1369,,Garasbaaleey,Tareedisho,8,9,11
1370,,Garasbaaleey,Tareedisho,3,5,6
1371,,Garasbaaleey,Tareedisho,12,9,9
1372,,Garasbaaleey,Tareedisho,10,7,10
1373,,Garasbaaleey,Tareedisho,5,4,7
1374,,Garasbaaleey,Tareedisho,5,6,8
1375,,Garasbaaleey,Tareedisho,2,1,2
1376,,Garasbaaleey,Tareedisho,3,3,5
1377,,Garasbaaleey,Tareedisho,1,5,7
1378,,Garasbaaleey,Tareedisho,20,20,16
1379,,Garasbaaleey,Tareedisho,3,4,2
1380,,Garasbaaleey,Tareedisho,7,10,8
1381,,Garasbaaleey,Tareedisho,7,9,4
1382,,Garasbaaleey,Tareedisho,8,7,6
1383,,Garasbaaleey,Tareedisho,9,9,9
1384,,Garasbaaleey,Tareedisho,14,1,12
1385,,Garasbaaleey,Tareedisho,3,5,4
1386,,Garasbaaleey,Tareedisho,2,2,2
1387,,Garasbaaleey,Tareedisho,3,3,4
1388,,Garasbaaleey,Tareedisho,13,10,9
1389,,Garasbaaleey,Tareedisho,4,4,5
1390,,Garasbaaleey,Tareedisho,1,1,1
1391,,Garasbaaleey,Tareedisho,5,7,8
1392,,Garasbaaleey,Tareedisho,12,10,11
1393,,Garasbaaleey,Tareedisho,10,8,1
1394,,Garasbaaleey,Tareedisho,6,7,8
1395,,Garasbaaleey,Tareedisho,6,1,8
1396,,Garasbaaleey,Tareedisho,3,1,2
1397,,Garasbaaleey,Tareedisho,5,3,3
1398,,Garasbaaleey,Tareedisho,1,0,0
1399,,Garasbaaleey,Tareedisho,5,12,5
1400,,Garasbaaleey,Tareedisho,10,10,12
1401,,Garasbaaleey,Tareedisho,5,2,4
1402,,Garasbaaleey,Tareedisho,1,2,4
1403,,Garasbaaleey,Tareedisho,8,7,8
1404,,Garasbaaleey,Tareedisho,4,5,7
1405,,Garasbaaleey,Tareedisho,3,5,3
1406,,Garasbaaleey,Tareedisho,16,12,15
1407,,Garasbaaleey,Tareedisho,5,8,7
1408,,Garasbaaleey,Tareedisho,5,5,4
1409,,Garasbaaleey,Tareedisho,1,1,1
1410,,Garasbaaleey,Tareedisho,18,25,25
1411,,Garasbaaleey,Tareedisho,7,5,10
1412,,Garasbaaleey,Tareedisho,1,2,1
1413,,Garasbaaleey,Tareedisho,7,7,25
1414,,Garasbaaleey,Tareedisho,0,1,11
1415,,Garasbaaleey,Tareedisho,4,5,8
1416,,Garasbaaleey,Tareedisho,7,6,5
1417,,Garasbaaleey,Tareedisho,12,8,9
1418,,Garasbaaleey,Tareedisho,2,1,1
1419,,Garasbaaleey,Tareedisho,5,12,36
1420,,Garasbaaleey,Tareedisho,6,7,8
1421,,Garasbaaleey,Tareedisho,2,2,2
1422,,Garasbaaleey,Tareedisho,1,2,1
1423,,Garasbaaleey,Tareedisho,7,2,3
1424,,Garasbaaleey,Tareedisho,3,2,3
1425,,Garasbaaleey,Tareedisho,1,4,5
1426,,Garasbaaleey,Tareedisho,8,9,8
1427,,Garasbaaleey,Tareedisho,6,3,2
1428,,Garasbaaleey,Tareedisho,4,3,3
1429,,Garasbaaleey,Tareedisho,5,4,4
1430,,Garasbaaleey,Tareedisho,1,5,6
1431,,Garasbaaleey,Tareedisho,7,5,4
1432,,Garasbaaleey,Tareedisho,3,17,8
1433,,Garasbaaleey,Tareedisho,2,1,3
1434,,Garasbaaleey,Tareedisho,1,3,1
1435,,Garasbaaleey,Tareedisho,1,9,26
1436,,Garasbaaleey,Tareedisho,7,7,9
1437,,Garasbaaleey,Tareedisho,9,6,20
1438,,Garasbaaleey,Tareedisho,7,7,5
1439,,Garasbaaleey,Tareedisho,1,1,1
1440,,Garasbaaleey,Tareedisho,8,10,8
1441,,Garasbaaleey,Tareedisho,4,4,1
1442,,Garasbaaleey,Tareedisho,1,1,2
1443,,Garasbaaleey,Tareedisho,2,2,3
1444,,Garasbaaleey,Tareedisho,10,12,18
1445,,Garasbaaleey,Tareedisho,3,2,6
1446,,Garasbaaleey,Tareedisho,4,4,5
1447,,Garasbaaleey,Tareedisho,2,4,3
1448,,Garasbaaleey,Tareedisho,3,3,4
1449,,Garasbaaleey,Tareedisho,6,6,3
1450,,Garasbaaleey,Tareedisho,8,7,7
1451,,Garasbaaleey,Tareedisho,4,2,7
1452,,Garasbaaleey,Tareedisho,7,5,8
1453,,Garasbaaleey,Tareedisho,3,3,3
1454,,Garasbaaleey,Tareedisho,3,4,3
1455,,Garasbaaleey,Tareedisho,1,1,1
1456,,Garasbaaleey,Tareedisho,4,1,1
1457,,Garasbaaleey,Tareedisho,13,11,13
1458,,Garasbaaleey,Tareedisho,10,7,11
1459,,Garasbaaleey,Tareedisho,21,20,9
1460,,Garasbaaleey,Tareedisho,2,2,2
1461,,Garasbaaleey,Tareedisho,20,22,29
1462,,Garasbaaleey,Tareedisho,1,2,4
1463,,Garasbaaleey,Tareedisho,0,0,0
1464,,Garasbaaleey,Tareedisho,3,2,2
1465,,Garasbaaleey,Tareedisho,2,4,5
1466,,Garasbaaleey,Tareedisho,2,2,2
1467,,Garasbaaleey,Tareedisho,0,5,8
1468,,Garasbaaleey,Tareedisho,14,26,17
1469,,Garasbaaleey,Tareedisho,1,1,1
1470,,Garasbaaleey,Tareedisho,5,8,10
1471,,Garasbaaleey,Tareedisho,1,2,3
1472,,Garasbaaleey,Tareedisho,2,3,4
1473,,Garasbaaleey,Tareedisho,1,1,4
1474,,Garasbaaleey,Tareedisho,3,3,3
1475,,Garasbaaleey,Tareedisho,5,6,8
1476,,Garasbaaleey,Tareedisho,4,2,5
1477,,Garasbaaleey,Tareedisho,1,4,3
1478,,Garasbaaleey,Tareedisho,10,5,5
1479,,Garasbaaleey,Tareedisho,0,0,2
1480,,Garasbaaleey,Tareedisho,7,7,4
1481,,Garasbaaleey,Tareedisho,6,2,4
1482,,Garasbaaleey,Tareedisho,1,1,1
1483,,Garasbaaleey,Tareedisho,8,7,7
1484,,Garasbaaleey,Tareedisho,7,9,8
1485,,Garasbaaleey,Tareedisho,13,13,14
1486,,Garasbaaleey,Tareedisho,3,7,8
1487,,Garasbaaleey,Tareedisho,9,5,3
1488,,Garasbaaleey,Tareedisho,5,12,1
1489,,Garasbaaleey,Tareedisho,13,4,2
1490,,Garasbaaleey,Tareedisho,9,7,12
1491,,Garasbaaleey,Tareedisho,8,6,8
1492,,Garasbaaleey,Tareedisho,4,4,5
1493,,Garasbaaleey,Tareedisho,2,3,2
1494,,Garasbaaleey,Tareedisho,4,6,6
1495,,Garasbaaleey,Tareedisho,7,9,9
1496,,Garasbaaleey,Tareedisho,12,10,9
1497,,Garasbaaleey,Tareedisho,2,3,3
1498,,Garasbaaleey,Tareedisho,2,6,7
1499,,Garasbaaleey,Tareedisho,7,5,9
1500,,Garasbaaleey,Tareedisho,5,5,7
1501,,Garasbaaleey,Tareedisho,1,1,1
1502,,Garasbaaleey,Tareedisho,0,1,1
1503,,Garasbaaleey,Tareedisho,2,2,1
1504,,Garasbaaleey,Tareedisho,2,5,3
1505,,Garasbaaleey,Tareedisho,2,3,5
1506,,Garasbaaleey,Tareedisho,2,2,1
1507,,Garasbaaleey,Tareedisho,7,3,4
1508,,Garasbaaleey,Tareedisho,2,1,2
1509,,Garasbaaleey,Tareedisho,3,5,3
1510,,Garasbaaleey,Tareedisho,5,13,8
1511,,Garasbaaleey,Tareedisho,1,2,2
1512,,Garasbaaleey,Tareedisho,5,3,2
1513,,Garasbaaleey,Tareedisho,1,1,1
1514,,Garasbaaleey,Tareedisho,0,1,2
1515,,Garasbaaleey,Tareedisho,6,2,3
1516,,Garasbaaleey,Tareedisho,8,6,5
1517,,Garasbaaleey,Tareedisho,8,5,7
1518,,Garasbaaleey,Tareedisho,7,7,10
1519,,Garasbaaleey,Tareedisho,0,19,4
1520,,Garasbaaleey,Tareedisho,0,0,0
1521,,Garasbaaleey,Tareedisho,4,7,9
1522,,Garasbaaleey,Tareedisho,2,1,3
1523,,Garasbaaleey,Tareedisho,2,4,5
1524,,Garasbaaleey,Tareedisho,2,2,3
1525,,Garasbaaleey,Tareedisho,4,3,5
1526,,Garasbaaleey,Tareedisho,0,12,3
1527,,Garasbaaleey,Tareedisho,4,5,4
1528,,Garasbaaleey,Tareedisho,0,4,2
1529,,Garasbaaleey,Tareedisho,9,9,10
1530,,Garasbaaleey,Tareedisho,7,6,2
1531,,Garasbaaleey,Tareedisho,1,1,2
1532,,Garasbaaleey,Tareedisho,10,7,7
1533,,Garasbaaleey,Tareedisho,2,2,2
1534,,Garasbaaleey,Tareedisho,10,11,15
1535,,Garasbaaleey,Tareedisho,1,2,4
1536,,Garasbaaleey,Tareedisho,6,7,10
1537,,Garasbaaleey,Tareedisho,8,7,6
1538,,Garasbaaleey,Tareedisho,6,7,8
1539,,Garasbaaleey,Tareedisho,6,3,12
1540,,Garasbaaleey,Tareedisho,1,0,0
1541,,Garasbaaleey,Tareedisho,32,22,38
1542,,Garasbaaleey,Tareedisho,3,6,7
1543,,Garasbaaleey,Tareedisho,3,2,1
1544,,Garasbaaleey,Tareedisho,2,2,3
1545,,Garasbaaleey,Tareedisho,2,2,5
1546,,Garasbaaleey,Tareedisho,1,2,2
1547,,Garasbaaleey,Tareedisho,1,2,1
1548,,Garasbaaleey,Tareedisho,3,1,1
1549,,Garasbaaleey,Tareedisho,2,2,3
1550,,Garasbaaleey,Tareedisho,1,3,5
1551,,Garasbaaleey,Tareedisho,7,5,3
1552,,Garasbaaleey,Tareedisho,4,1,1
1553,,Garasbaaleey,Tareedisho,1,1,2
1554,,Garasbaaleey,Tareedisho,1,1,1
1555,,Garasbaaleey,Tareedisho,0,1,0
1556,,Garasbaaleey,Tareedisho,21,21,25
1557,,Garasbaaleey,Tareedisho,2,6,6
1558,,Garasbaaleey,Tareedisho,1,1,2
1559,,Garasbaaleey,Tareedisho,6,11,9
1560,,Garasbaaleey,Tareedisho,8,13,19
1561,,Garasbaaleey,Tareedisho,1,2,2
1562,,Garasbaaleey,Tareedisho,4,3,14
1563,,Garasbaaleey,Tareedisho,4,3,5
1564,,Garasbaaleey,Tareedisho,2,1,2
1565,,Garasbaaleey,Tareedisho,3,4,4
1566,,Garasbaaleey,Tareedisho,6,4,2
1567,,Garasbaaleey,Tareedisho,1,4,4
1568,,Garasbaaleey,Tareedisho,8,8,8
1569,,Garasbaaleey,Tareedisho,10,7,5
1570,,Garasbaaleey,Tareedisho,4,2,3
1571,,Garasbaaleey,Tareedisho,1,1,1
1572,,Garasbaaleey,Tareedisho,6,1,1
1573,,Garasbaaleey,Tareedisho,3,4,1
1574,,Garasbaaleey,Tareedisho,0,1,1
1575,,Garasbaaleey,Tareedisho,3,2,2
1576,,Garasbaaleey,Tareedisho,1,1,1
1577,,Garasbaaleey,Tareedisho,13,5,7
1578,,Garasbaaleey,Tareedisho,1,1,2
1579,,Garasbaaleey,Tareedisho,5,2,3
1580,,Garasbaaleey,Tareedisho,7,8,6
1581,,Garasbaaleey,Tareedisho,6,4,4
1582,,Garasbaaleey,Tareedisho,9,4,9
1583,,Garasbaaleey,Tareedisho,1,7,1
1584,,Garasbaaleey,Tareedisho,6,4,5
1585,,Garasbaaleey,Tareedisho,2,1,1
1586,,Garasbaaleey,Tareedisho,3,3,3
1587,,Garasbaaleey,Tareedisho,0,2,1
1588,,Garasbaaleey,Tareedisho,1,12,3
1589,,Garasbaaleey,Tareedisho,12,5,7
1590,,Garasbaaleey,Tareedisho,5,1,4
1591,,Garasbaaleey,Tareedisho,12,4,9
1592,,Garasbaaleey,Tareedisho,2,4,5
1593,,Garasbaaleey,Tareedisho,1,1,1
1594,,Garasbaaleey,Tareedisho,5,5,7
3990,,Garasbaaleey,Tareedisho,4,4,5
3991,,Garasbaaleey,Tareedisho,7,8,8
3992,,Garasbaaleey,Tareedisho,1,1,1
3993,,Garasbaaleey,Tareedisho,2,3,2
3994,,Garasbaaleey,Tareedisho,1,1,2
3995,,Garasbaaleey,Tareedisho,7,8,5
3996,,Garasbaaleey,Tareedisho,2,2,3
4462,,Garasbaaleey,Tareedisho,4,4,5
4463,,Garasbaaleey,Tareedisho,3,4,4
4464,,Garasbaaleey,Tareedisho,5,6,6
4465,,Garasbaaleey,Tareedisho,1,3,1
4466,,Garasbaaleey,Tareedisho,9,6,5
4467,,Garasbaaleey,Tareedisho,6,6,5
4468,,Garasbaaleey,Tareedisho,7,6,5
4469,,Garasbaaleey,Tareedisho,9,8,9
4470,,Garasbaaleey,Tareedisho,4,5,3
4471,,Garasbaaleey,Tareedisho,11,10,6
4472,,Garasbaaleey,Tareedisho,2,3,1
4473,,Garasbaaleey,Tareedisho,5,5,12
4474,,Garasbaaleey,Tareedisho,2,1,1
4475,,Garasbaaleey,Tareedisho,6,6,7
4476,,Garasbaaleey,Tareedisho,1,1,3
4940,,Garasbaaleey,Tareedisho,10,10,11
4941,,Garasbaaleey,Tareedisho,17,17,20
4942,,Garasbaaleey,Tareedisho,2,3,4
5178,,Garasbaaleey,Tareedisho,12,14,14
5179,,Garasbaaleey,Tareedisho,5,5,4
5180,,Garasbaaleey,Tareedisho,3,3,2
5181,,Garasbaaleey,Tareedisho,4,4,3
5182,,Garasbaaleey,Tareedisho,3,2,2
5183,,Garasbaaleey,Tareedisho,2,2,3
5439,,Garasbaaleey,Tareedisho,2,2,2
5440,,Garasbaaleey,Tareedisho,5,3,6
5544,,Garasbaaleey,Tareedisho,4,4,4
5545,,Garasbaaleey,Tareedisho,4,4,2
5546,,Garasbaaleey,Tareedisho,1,1,1
5547,,Garasbaaleey,Tareedisho,10,5,14
5548,,Garasbaaleey,Tareedisho,14,10,21
5549,,Garasbaaleey,Tareedisho,10,5,4
5550,,Garasbaaleey,Tareedisho,3,4,2
5551,,Garasbaaleey,Tareedisho,4,6,4
5552,,Garasbaaleey,Tareedisho,11,13,16
5553,,Garasbaaleey,Tareedisho,11,12,11
5685,,Garasbaaleey,Tareedisho,11,16,9
5686,,Garasbaaleey,Tareedisho,2,2,7
5687,,Garasbaaleey,Tareedisho,6,6,4
5688,,Garasbaaleey,Tareedisho,6,6,8
5689,,Garasbaaleey,Tareedisho,9,10,9
5741,,Garasbaaleey,Tareedisho,6,7,9
5742,,Garasbaaleey,Tareedisho,4,4,4
5743,,Garasbaaleey,Tareedisho,1,3,3
5744,,Garasbaaleey,Tareedisho,6,8,8
5886,,Garasbaaleey,Tareedisho,1,1,2
5890,,Garasbaaleey,Tareedisho,4,1,1
5935,,Garasbaaleey,Tareedisho,4,4,5
5936,,Garasbaaleey,Tareedisho,6,12,12
5969,,Garasbaaleey,Tareedisho,7,7,6
5983,,Garasbaaleey,Tareedisho,5,5,4
6007,,Garasbaaleey,Tareedisho,2,3,1
6054,,Garasbaaleey,Tareedisho,2,2,4
6085,,Garasbaaleey,Tareedisho,3,3,4
6086,,Garasbaaleey,Tareedisho,2,0,0
6087,,Garasbaaleey,Tareedisho,8,11,6
6088,,Garasbaaleey,Tareedisho,4,2,5
6089,,Garasbaaleey,Tareedisho,13,8,7
6090,,Garasbaaleey,Tareedisho,1,1,1
6091,,Garasbaaleey,Tareedisho,2,1,3
6092,,Garasbaaleey,Tareedisho,8,11,10
6093,,Garasbaaleey,Tareedisho,1,2,3
6094,,Garasbaaleey,Tareedisho,9,9,14
6095,,Garasbaaleey,Tareedisho,3,3,3
6096,,Garasbaaleey,Tareedisho,0,1,1
6097,,Garasbaaleey,Tareedisho,1,1,1
6098,,Garasbaaleey,Tareedisho,5,5,5
6099,,Garasbaaleey,Tareedisho,3,2,7
6100,,Garasbaaleey,Tareedisho,0,1,1
6140,,Garasbaaleey,Tareedisho,0,0,0
6160,,Garasbaaleey,Tareedisho,4,14,4
6161,,Garasbaaleey,Tareedisho,2,1,3
6180,,Garasbaaleey,Tareedisho,3,4,3
6185,,Garasbaaleey,Tareedisho,1,3,6
6203,,Garasbaaleey,Tareedisho,6,7,8
6204,,Garasbaaleey,Tareedisho,6,6,8
6208,,Garasbaaleey,Tareedisho,2,3,4
6276,,Garasbaaleey,Tareedisho,1,1,3
6313,,Garasbaaleey,Tareedisho,9,10,4
6314,,Garasbaaleey,Tareedisho,2,2,1
6315,,Garasbaaleey,Tareedisho,1,1,3
6316,,Garasbaaleey,Tareedisho,1,1,1
6317,,Garasbaaleey,Tareedisho,1,2,2
6318,,Garasbaaleey,Tareedisho,1,1,6
6319,,Garasbaaleey,Tareedisho,3,5,1
6358,,Garasbaaleey,Tareedisho,2,4,5
6364,,Garasbaaleey,Tareedisho,7,6,6
6365,,Garasbaaleey,Tareedisho,3,2,2
6378,,Garasbaaleey,Tareedisho,0,0,0
6379,,Garasbaaleey,Tareedisho,0,0,4
6380,,Garasbaaleey,Tareedisho,4,4,4
6381,,Garasbaaleey,Tareedisho,1,4,3
6386,,Garasbaaleey,Tareedisho,7,7,6
6391,,Garasbaaleey,Tareedisho,2,2,14
6392,,Garasbaaleey,Tareedisho,0,1,2
6401,,Garasbaaleey,Tareedisho,3,2,3
6407,,Garasbaaleey,Tareedisho,3,2,2
6408,,Garasbaaleey,Tareedisho,1,1,7
6419,,Garasbaaleey,Tareedisho,7,7,6
6420,,Garasbaaleey,Tareedisho,4,6,5
6421,,Garasbaaleey,Tareedisho,2,3,3
6439,,Garasbaaleey,Tareedisho,2,4,4
6440,,Garasbaaleey,Tareedisho,9,8,13
6441,,Garasbaaleey,Tareedisho,0,0,0
6442,,Garasbaaleey,Tareedisho,5,5,4
6443,,Garasbaaleey,Tareedisho,5,4,2
6444,,Garasbaaleey,Tareedisho,8,4,2
6445,,Garasbaaleey,Tareedisho,1,11,6
6446,,Garasbaaleey,Tareedisho,9,5,6
6447,,Garasbaaleey,Tareedisho,6,3,3
6490,,Garasbaaleey,Tareedisho,3,4,3
6496,,Garasbaaleey,Tareedisho,1,16,9
6499,,Garasbaaleey,Tareedisho,8,7,4
6504,,Garasbaaleey,Tareedisho,0,4,10
6509,,Garasbaaleey,Tareedisho,4,3,2
6513,,Garasbaaleey,Tareedisho,8,9,6
6515,,Garasbaaleey,Tareedisho,1,1,1
6527,,Garasbaaleey,Tareedisho,11,10,9
6528,,Garasbaaleey,Tareedisho,5,4,2
6529,,Garasbaaleey,Tareedisho,2,1,3
6534,,Garasbaaleey,Tareedisho,15,8,8
6550,,Garasbaaleey,Tareedisho,4,6,5
6551,,Garasbaaleey,Tareedisho,6,3,7
6552,,Garasbaaleey,Tareedisho,1,2,2
6553,,Garasbaaleey,Tareedisho,2,1,2
6554,,Garasbaaleey,Tareedisho,0,0,0
6555,,Garasbaaleey,Tareedisho,9,10,12
6556,,Garasbaaleey,Tareedisho,6,15,6
6557,,Garasbaaleey,Tareedisho,5,5,3
6558,,Garasbaaleey,Tareedisho,2,2,3
6559,,Garasbaaleey,Tareedisho,6,6,5
6593,,Garasbaaleey,Tareedisho,1,1,1
6594,,Garasbaaleey,Tareedisho,14,16,19
6605,,Garasbaaleey,Tareedisho,4,4,6
6613,,Garasbaaleey,Tareedisho,2,4,4
6614,,Garasbaaleey,Tareedisho,5,1,6
6615,,Garasbaaleey,Tareedisho,1,1,2
6621,,Garasbaaleey,Tareedisho,11,11,12
6629,,Garasbaaleey,Tareedisho,0,2,1
6637,,Garasbaaleey,Tareedisho,1,2,1
6641,,Garasbaaleey,Tareedisho,3,1,1
6642,,Garasbaaleey,Tareedisho,7,10,7
6655,,Garasbaaleey,Tareedisho,2,7,6
6656,,Garasbaaleey,Tareedisho,3,3,4
6657,,Garasbaaleey,Tareedisho,5,8,13
6658,,Garasbaaleey,Tareedisho,4,3,4
6659,,Garasbaaleey,Tareedisho,1,1,6
6660,,Garasbaaleey,Tareedisho,3,4,1
6661,,Garasbaaleey,Tareedisho,5,4,4
6662,,Garasbaaleey,Tareedisho,5,3,3
6663,,Garasbaaleey,Tareedisho,4,5,6
6664,,Garasbaaleey,Tareedisho,8,6,6
6665,,Garasbaaleey,Tareedisho,1,4,4
6685,,Garasbaaleey,Tareedisho,5,2,1
6687,,Garasbaaleey,Tareedisho,8,7,7
6692,,Garasbaaleey,Tareedisho,3,1,3
6694,,Garasbaaleey,Tareedisho,12,13,12
6695,,Garasbaaleey,Tareedisho,1,1,1
6699,,Garasbaaleey,Tareedisho,1,5,5
6700,,Garasbaaleey,Tareedisho,0,0,0
6704,,Garasbaaleey,Tareedisho,5,5,5
6706,,Garasbaaleey,Tareedisho,4,2,6
6708,,Garasbaaleey,Tareedisho,0,0,0
6709,,Garasbaaleey,Tareedisho,3,2,3
6710,,Garasbaaleey,Tareedisho,8,8,9
6713,,Garasbaaleey,Tareedisho,1,1,1
6714,,Garasbaaleey,Tareedisho,1,1,1
6715,,Garasbaaleey,Tareedisho,7,5,4
6716,,Garasbaaleey,Tareedisho,3,7,3
6720,,Garasbaaleey,Tareedisho,8,6,7
6722,,Garasbaaleey,Tareedisho,5,13,7
6733,,Garasbaaleey,Tareedisho,2,3,5
6734,,Garasbaaleey,Tareedisho,6,7,8
6735,,Garasbaaleey,Tareedisho,2,2,3
6736,,Garasbaaleey,Tareedisho,6,7,10
6737,,Garasbaaleey,Tareedisho,2,1,1
6738,,Garasbaaleey,Tareedisho,10,4,2
6739,,Garasbaaleey,Tareedisho,3,0,0
6754,,Garasbaaleey,Tareedisho,5,8,5
6755,,Garasbaaleey,Tareedisho,1,1,1
6761,,Garasbaaleey,Tareedisho,6,5,1
6765,,Garasbaaleey,Tareedisho,1,7,1
6766,,Garasbaaleey,Tareedisho,5,6,5
6769,,Garasbaaleey,Tareedisho,12,8,8
6778,,Garasbaaleey,Tareedisho,16,10,8
6779,,Garasbaaleey,Tareedisho,1,1,1
6782,,Garasbaaleey,Tareedisho,5,8,8
6787,,Garasbaaleey,Tareedisho,15,14,18
6788,,Garasbaaleey,Tareedisho,4,5,5
6800,,Garasbaaleey,Tareedisho,3,4,5
6801,,Garasbaaleey,Tareedisho,1,1,1
6802,,Garasbaaleey,Tareedisho,4,1,11
6803,,Garasbaaleey,Tareedisho,4,3,2
6804,,Garasbaaleey,Tareedisho,2,3,1
6805,,Garasbaaleey,Tareedisho,1,2,3
6806,,Garasbaaleey,Tareedisho,2,2,3
6807,,Garasbaaleey,Tareedisho,8,7,3
6822,,Garasbaaleey,Tareedisho,2,2,3
6823,,Garasbaaleey,Tareedisho,5,5,17
6834,,Garasbaaleey,Tareedisho,3,2,6
6836,,Garasbaaleey,Tareedisho,4,3,8
6839,,Garasbaaleey,Tareedisho,7,9,15
6848,,Garasbaaleey,Tareedisho,1,0,0
6850,,Garasbaaleey,Tareedisho,5,2,2
6852,,Garasbaaleey,Tareedisho,4,1,4
6853,,Garasbaaleey,Tareedisho,2,3,2
6854,,Garasbaaleey,Tareedisho,0,0,0
6855,,Garasbaaleey,Tareedisho,0,0,0
6856,,Garasbaaleey,Tareedisho,0,8,1
6862,,Garasbaaleey,Tareedisho,9,8,6
6863,,Garasbaaleey,Tareedisho,2,1,4
6864,,Garasbaaleey,Tareedisho,3,3,24
6865,,Garasbaaleey,Tareedisho,7,6,1
6882,,Garasbaaleey,Tareedisho,2,5,6
6883,,Garasbaaleey,Tareedisho,2,2,4
6886,,Garasbaaleey,Tareedisho,3,5,15
6887,,Garasbaaleey,Tareedisho,5,6,6
6893,,Garasbaaleey,Tareedisho,3,4,5
6894,,Garasbaaleey,Tareedisho,5,3,5
6899,,Garasbaaleey,Tareedisho,5,3,4
6902,,Garasbaaleey,Tareedisho,7,6,6
6903,,Garasbaaleey,Tareedisho,5,5,6
6908,,Garasbaaleey,Tareedisho,2,4,2
6916,,Garasbaaleey,Tareedisho,10,12,13
6921,,Garasbaaleey,Tareedisho,4,3,5
6922,,Garasbaaleey,Tareedisho,1,1,1
6925,,Garasbaaleey,Tareedisho,8,7,5
6926,,Garasbaaleey,Tareedisho,11,6,2
6927,,Garasbaaleey,Tareedisho,1,5,3
6930,,Garasbaaleey,Tareedisho,3,3,4
6931,,Garasbaaleey,Tareedisho,1,2,2
6933,,Garasbaaleey,Tareedisho,8,5,9
6942,,Garasbaaleey,Tareedisho,1,1,1
6943,,Garasbaaleey,Tareedisho,3,8,4
6944,,Garasbaaleey,Tareedisho,6,2,5
6945,,Garasbaaleey,Tareedisho,9,7,9
6961,,Garasbaaleey,Tareedisho,2,4,5
6962,,Garasbaaleey,Tareedisho,1,1,2
6964,,Garasbaaleey,Tareedisho,3,2,1
6966,,Garasbaaleey,Tareedisho,11,3,5
6967,,Garasbaaleey,Tareedisho,12,11,15
6971,,Garasbaaleey,Tareedisho,17,14,15
6972,,Garasbaaleey,Tareedisho,3,4,4
6973,,Garasbaaleey,Tareedisho,8,12,8
6974,,Garasbaaleey,Tareedisho,11,9,12
6984,,Garasbaaleey,Tareedisho,8,9,11
6987,,Garasbaaleey,Tareedisho,11,11,12
6990,,Garasbaaleey,Tareedisho,3,5,3
6993,,Garasbaaleey,Tareedisho,6,6,5
6994,,Garasbaaleey,Tareedisho,0,0,0
6995,,Garasbaaleey,Tareedisho,4,4,5
6996,,Garasbaaleey,Tareedisho,8,5,8
7003,,Garasbaaleey,Tareedisho,1,1,1
7004,,Garasbaaleey,Tareedisho,0,0,0
7005,,Garasbaaleey,Tareedisho,7,6,1
7006,,Garasbaaleey,Tareedisho,3,2,3
7008,,Garasbaaleey,Tareedisho,4,4,4
7010,,Garasbaaleey,Tareedisho,10,2,5
7012,,Garasbaaleey,Tareedisho,0,0,0
7013,,Garasbaaleey,Tareedisho,15,18,17
7015,,Garasbaaleey,Tareedisho,1,2,1
7016,,Garasbaaleey,Tareedisho,5,9,5
7022,,Garasbaaleey,Tareedisho,7,6,6
7023,,Garasbaaleey,Tareedisho,3,3.25,4
7024,,Garasbaaleey,Tareedisho,5,9,3
7025,,Garasbaaleey,Tareedisho,5,8,8
7028,,Garasbaaleey,Tareedisho,6,3,4
7030,,Garasbaaleey,Tareedisho,4,4,5
7031,,Garasbaaleey,Tareedisho,10,15,1
7032,,Garasbaaleey,Tareedisho,5,13,12
7034,,Garasbaaleey,Tareedisho,10,10,12
7035,,Garasbaaleey,Tareedisho,5,11,13
7038,,Garasbaaleey,Tareedisho,5,7,10
7040,,Garasbaaleey,Tareedisho,12,14,18
7043,,Garasbaaleey,Tareedisho,1,2,3
7044,,Garasbaaleey,Tareedisho,6,4,10
7045,,Garasbaaleey,Tareedisho,9,5,10
7051,,Garasbaaleey,Tareedisho,2,8,6
7052,,Garasbaaleey,Tareedisho,2,2,7
7057,,Garasbaaleey,Tareedisho,5,4,2
7059,,Garasbaaleey,Tareedisho,12,8,10
7061,,Garasbaaleey,Tareedisho,17,16,11
7062,,Garasbaaleey,Tareedisho,5,7,5
7063,,Garasbaaleey,Tareedisho,3,4,5
7064,,Garasbaaleey,Tareedisho,0,0,0
7065,,Garasbaaleey,Tareedisho,1,2,5
7069,,Garasbaaleey,Tareedisho,14,7,6
7070,,Garasbaaleey,Tareedisho,10,10,8
7074,,Garasbaaleey,Tareedisho,5,5,7
7077,,Garasbaaleey,Tareedisho,5,10,12
7081,,Garasbaaleey,Tareedisho,0,0,0
7087,,Garasbaaleey,Tareedisho,2,5,7
7088,,Garasbaaleey,Tareedisho,1,1,1
7092,,Garasbaaleey,Tareedisho,0,0,0
7094,,Garasbaaleey,Tareedisho,11,13,14
7095,,Garasbaaleey,Tareedisho,0,7,3
7097,,Garasbaaleey,Tareedisho,4,4,5
7099,,Garasbaaleey,Tareedisho,5,11,9
7100,,Garasbaaleey,Tareedisho,2,4,2
7101,,Garasbaaleey,Tareedisho,4,2,11
7103,,Garasbaaleey,Tareedisho,9,8,0
7104,,Garasbaaleey,Tareedisho,3,2,2
7105,,Garasbaaleey,Tareedisho,4,5,6
7109,,Garasbaaleey,Tareedisho,12,9,10
7111,,Garasbaaleey,Tareedisho,0,0,0
7112,,Garasbaaleey,Tareedisho,4,5,8
7113,,Garasbaaleey,Tareedisho,7,7,8
7115,,Garasbaaleey,Tareedisho,1,2,1
7117,,Garasbaaleey,Tareedisho,1,2,7
7118,,Garasbaaleey,Tareedisho,6,5,7
7119,,Garasbaaleey,Tareedisho,0,0,0
7120,,Garasbaaleey,Tareedisho,1,1,4
7122,,Garasbaaleey,Tareedisho,8,8,8
7123,,Garasbaaleey,Tareedisho,17,13,10
7124,,Garasbaaleey,Tareedisho,3,4,4
7127,,Garasbaaleey,Tareedisho,5,4,9
7131,,Garasbaaleey,Tareedisho,1,1,1
7132,,Garasbaaleey,Tareedisho,3,8,7
7135,,Garasbaaleey,Tareedisho,0,0,0
7136,,Garasbaaleey,Tareedisho,4,6,3
7138,,Garasbaaleey,Tareedisho,7,8,8
7139,,Garasbaaleey,Tareedisho,5,6,1
7140,,Garasbaaleey,Tareedisho,3,5,7
7143,,Garasbaaleey,Tareedisho,8,8,8
7144,,Garasbaaleey,Tareedisho,1,1,0
7145,,Garasbaaleey,Tareedisho,7,5,6
7146,,Garasbaaleey,Tareedisho,5,6,5
7147,,Garasbaaleey,Tareedisho,7,3,5
7148,,Garasbaaleey,Tareedisho,0,0,0
7149,,Garasbaaleey,Tareedisho,12,15,5
7151,,Garasbaaleey,Tareedisho,2,4,7
7152,,Garasbaaleey,Tareedisho,1,1,1
7153,,Garasbaaleey,Tareedisho,13,10,8
7156,,Garasbaaleey,Tareedisho,4,4,6
7158,,Garasbaaleey,Tareedisho,2,4,10
7165,,Garasbaaleey,Tareedisho,4,3,5
7166,,Garasbaaleey,Tareedisho,6,6,7
7167,,Garasbaaleey,Tareedisho,0,17,7
7169,,Garasbaaleey,Tareedisho,1,3,3
7173,,Garasbaaleey,Tareedisho,1,20,4
7177,,Garasbaaleey,Tareedisho,9,11,13
7178,,Garasbaaleey,Tareedisho,3,3,4
7179,,Garasbaaleey,Tareedisho,0,0,0
7180,,Garasbaaleey,Tareedisho,1,1,1
7181,,Garasbaaleey,Tareedisho,5,6,8
7186,,Garasbaaleey,Tareedisho,9,12,10
7187,,Garasbaaleey,Tareedisho,6,7,1
7190,,Garasbaaleey,Tareedisho,5,1,7
7191,,Garasbaaleey,Tareedisho,10,10,8
7193,,Garasbaaleey,Tareedisho,7,8,9
7194,,Garasbaaleey,Tareedisho,9,10,10
7196,,Garasbaaleey,Tareedisho,5,5,7
7404,,Garasbaaleey,Tareedisho,3,3,4
7405,,Garasbaaleey,Tareedisho,1,1,1
7406,,Garasbaaleey,Tareedisho,14,7,8
7407,,Garasbaaleey,Tareedisho,1,2,1
7408,,Garasbaaleey,Tareedisho,24,9,13
7409,,Garasbaaleey,Tareedisho,1,7,1
7473,,Garasbaaleey,Tareedisho,4,1,8
7474,,Garasbaaleey,Tareedisho,16,23,18
7475,,Garasbaaleey,Tareedisho,0,2,3
7509,,Garasbaaleey,Tareedisho,11,7,7
7510,,Garasbaaleey,Tareedisho,0,8,2
7518,,Garasbaaleey,Tareedisho,2,1,2
7669,,Garasbaaleey,Tareedisho,6,5,5
7670,,Garasbaaleey,Tareedisho,0,4,9
7671,,Garasbaaleey,Tareedisho,0,8,2
7672,,Garasbaaleey,Tareedisho,3,2,1
7673,,Garasbaaleey,Tareedisho,0,1,1
7674,,Garasbaaleey,Tareedisho,5,1,1
7675,,Garasbaaleey,Tareedisho,0,2,8
7676,,Garasbaaleey,Tareedisho,9,4,6
7680,,Garasbaaleey,Tareedisho,2,7,8
7700,,Garasbaaleey,Tareedisho,0,1,2
7810,,Garasbaaleey,Tareedisho,0,0,1
7876,,Garasbaaleey,Tareedisho,0,0,1
7877,,Garasbaaleey,Tareedisho,0,0,1
7878,,Garasbaaleey,Tareedisho,0,0,2
7879,,Garasbaaleey,Tareedisho,0,0,1
7880,,Garasbaaleey,Tareedisho,0,0,1
19,,Garasbaaleey,Tabeelaha,0,0,5
34,,Garasbaaleey,Tabeelaha,0,0,0
35,,Garasbaaleey,Tabeelaha,6,19,0
36,,Garasbaaleey,Tabeelaha,16,0,5
41,,Garasbaaleey,Tabeelaha,0,0,0
46,,Garasbaaleey,Tabeelaha,0,0,0
62,,Garasbaaleey,Tabeelaha,0,0,0
64,,Garasbaaleey,Tabeelaha,0,0,0
69,,Garasbaaleey,Tabeelaha,1,4,4
76,,Garasbaaleey,Tabeelaha,0,0,0
88,,Garasbaaleey,Tabeelaha,0,0,0
90,,Garasbaaleey,Tabeelaha,0,0,38
99,,Garasbaaleey,Tabeelaha,0,0,0
100,,Garasbaaleey,Tabeelaha,0,0,0
104,,Garasbaaleey,Tabeelaha,0,0,0
105,,Garasbaaleey,Tabeelaha,0,0,0
107,,Garasbaaleey,Tabeelaha,0,0,0
113,,Garasbaaleey,Tabeelaha,0,0,0
115,,Garasbaaleey,Tabeelaha,0,0,0
116,,Garasbaaleey,Tabeelaha,0,0,0
120,,Garasbaaleey,Tabeelaha,0,11,13
125,,Garasbaaleey,Tabeelaha,0,1,4
140,,Garasbaaleey,Tabeelaha,0,0,0
141,,Garasbaaleey,Tabeelaha,0,0,0
156,,Garasbaaleey,Tabeelaha,33,0,8
158,,Garasbaaleey,Tabeelaha,0,0,0
161,,Garasbaaleey,Tabeelaha,0,0,0
163,,Garasbaaleey,Tabeelaha,0,0,0
189,,Garasbaaleey,Tabeelaha,0,0,0
190,,Garasbaaleey,Tabeelaha,0,0,0
198,,Garasbaaleey,Tabeelaha,0,0,0
199,,Garasbaaleey,Tabeelaha,0,0,0
207,,Garasbaaleey,Tabeelaha,0,0,0
211,,Garasbaaleey,Tabeelaha,30,11,0
212,,Garasbaaleey,Tabeelaha,0,0,3
213,,Garasbaaleey,Tabeelaha,0,0,0
214,,Garasbaaleey,Tabeelaha,0,0,0
220,,Garasbaaleey,Tabeelaha,6,7,0
233,,Garasbaaleey,Tabeelaha,0,9,6
234,,Garasbaaleey,Tabeelaha,0,0,0
235,,Garasbaaleey,Tabeelaha,31,29,25
236,,Garasbaaleey,Tabeelaha,0,0,0
237,,Garasbaaleey,Tabeelaha,0,0,0
257,,Garasbaaleey,Tabeelaha,0,0,0
263,,Garasbaaleey,Tabeelaha,12,6,0
270,,Garasbaaleey,Tabeelaha,3,4,4
271,,Garasbaaleey,Tabeelaha,0,0,0
272,,Garasbaaleey,Tabeelaha,0,1,0
273,,Garasbaaleey,Tabeelaha,0,0,0
274,,Garasbaaleey,Tabeelaha,0,0,0
275,,Garasbaaleey,Tabeelaha,0,0,0
276,,Garasbaaleey,Tabeelaha,0,0,0
277,,Garasbaaleey,Tabeelaha,0,0,0
336,,Garasbaaleey,Tabeelaha,3,17,0
337,,Garasbaaleey,Tabeelaha,0,0,0
338,,Garasbaaleey,Tabeelaha,0,0,0
339,,Garasbaaleey,Tabeelaha,0,0,0
362,,Garasbaaleey,Tabeelaha,7,12,9
363,,Garasbaaleey,Tabeelaha,0,0,0
364,,Garasbaaleey,Tabeelaha,0,0,0
365,,Garasbaaleey,Tabeelaha,3,4,0
366,,Garasbaaleey,Tabeelaha,0,0,0
367,,Garasbaaleey,Tabeelaha,0,0,0
368,,Garasbaaleey,Tabeelaha,4,6,7
369,,Garasbaaleey,Tabeelaha,0,0,0
370,,Garasbaaleey,Tabeelaha,0,0,0
371,,Garasbaaleey,Tabeelaha,0,0,0
372,,Garasbaaleey,Tabeelaha,0,0,0
373,,Garasbaaleey,Tabeelaha,0,0,0
374,,Garasbaaleey,Tabeelaha,31,16,13
375,,Garasbaaleey,Tabeelaha,12,13,0
376,,Garasbaaleey,Tabeelaha,0,0,0
504,,Garasbaaleey,Tabeelaha,0,0,0
505,,Garasbaaleey,Tabeelaha,0,0,0
545,,Garasbaaleey,Tabeelaha,0,0,0
546,,Garasbaaleey,Tabeelaha,0,0,0
547,,Garasbaaleey,Tabeelaha,7,5,5
548,,Garasbaaleey,Tabeelaha,11,0,0
549,,Garasbaaleey,Tabeelaha,0,0,0
550,,Garasbaaleey,Tabeelaha,0,0,0
551,,Garasbaaleey,Tabeelaha,19,0,0
552,,Garasbaaleey,Tabeelaha,0,0,0
553,,Garasbaaleey,Tabeelaha,14,7,0
554,,Garasbaaleey,Tabeelaha,0,0,0
555,,Garasbaaleey,Tabeelaha,0,0,0
556,,Garasbaaleey,Tabeelaha,0,0,0
557,,Garasbaaleey,Tabeelaha,0,0,0
558,,Garasbaaleey,Tabeelaha,0,0,0
559,,Garasbaaleey,Tabeelaha,0,0,0
560,,Garasbaaleey,Tabeelaha,0,0,0
561,,Garasbaaleey,Tabeelaha,0,0,0
562,,Garasbaaleey,Tabeelaha,0,0,0
563,,Garasbaaleey,Tabeelaha,0,0,0
564,,Garasbaaleey,Tabeelaha,0,0,0
565,,Garasbaaleey,Tabeelaha,0,0,0
566,,Garasbaaleey,Tabeelaha,0,0,0
567,,Garasbaaleey,Tabeelaha,0,0,0
568,,Garasbaaleey,Tabeelaha,0,0,0
814,,Garasbaaleey,Tabeelaha,0,0,0
893,,Garasbaaleey,Tabeelaha,0,0,0
896,,Garasbaaleey,Tabeelaha,0,0,0
897,,Garasbaaleey,Tabeelaha,0,0,0
1595,,Garasbaaleey,Tabeelaha,0,0,0
1596,,Garasbaaleey,Tabeelaha,0,0,0
1597,,Garasbaaleey,Tabeelaha,0,0,0
1598,,Garasbaaleey,Tabeelaha,0,0,0
1599,,Garasbaaleey,Tabeelaha,6,0,0
1600,,Garasbaaleey,Tabeelaha,0,0,0
1601,,Garasbaaleey,Tabeelaha,0,0,0
1602,,Garasbaaleey,Tabeelaha,68,36,19
1603,,Garasbaaleey,Tabeelaha,11,1,0
1604,,Garasbaaleey,Tabeelaha,0,0,0
1605,,Garasbaaleey,Tabeelaha,0,0,0
1606,,Garasbaaleey,Tabeelaha,0,0,0
1607,,Garasbaaleey,Tabeelaha,0,0,0
1608,,Garasbaaleey,Tabeelaha,0,0,0
1609,,Garasbaaleey,Tabeelaha,0,0,33
1610,,Garasbaaleey,Tabeelaha,0,0,0
1611,,Garasbaaleey,Tabeelaha,5,17,11
1612,,Garasbaaleey,Tabeelaha,0,0,0
1613,,Garasbaaleey,Tabeelaha,0,0,0
1614,,Garasbaaleey,Tabeelaha,10,9,8
1615,,Garasbaaleey,Tabeelaha,1,0,0
1616,,Garasbaaleey,Tabeelaha,0,0,0
1617,,Garasbaaleey,Tabeelaha,0,0,0
1618,,Garasbaaleey,Tabeelaha,0,0,0
1619,,Garasbaaleey,Tabeelaha,0,3,10
1620,,Garasbaaleey,Tabeelaha,7,3,0
1621,,Garasbaaleey,Tabeelaha,0,0,0
1622,,Garasbaaleey,Tabeelaha,0,0,0
1623,,Garasbaaleey,Tabeelaha,0,0,0
1624,,Garasbaaleey,Tabeelaha,0,0,0
1625,,Garasbaaleey,Tabeelaha,0,0,0
1626,,Garasbaaleey,Tabeelaha,0,0,0
1627,,Garasbaaleey,Tabeelaha,0,0,0
1628,,Garasbaaleey,Tabeelaha,0,0,0
1629,,Garasbaaleey,Tabeelaha,0,0,0
1630,,Garasbaaleey,Tabeelaha,0,0,0
1631,,Garasbaaleey,Tabeelaha,4,9,8
1632,,Garasbaaleey,Tabeelaha,3,5,4
1633,,Garasbaaleey,Tabeelaha,0,0,0
1634,,Garasbaaleey,Tabeelaha,3,4,4
1635,,Garasbaaleey,Tabeelaha,0,0,0
1636,,Garasbaaleey,Tabeelaha,9,10,0
1637,,Garasbaaleey,Tabeelaha,0,0,24
1638,,Garasbaaleey,Tabeelaha,0,0,7
1639,,Garasbaaleey,Tabeelaha,0,0,0
1640,,Garasbaaleey,Tabeelaha,0,0,0
1641,,Garasbaaleey,Tabeelaha,0,0,0
1642,,Garasbaaleey,Tabeelaha,0,6,8
1643,,Garasbaaleey,Tabeelaha,0,0,0
1644,,Garasbaaleey,Tabeelaha,0,0,0
1645,,Garasbaaleey,Tabeelaha,11,9,10
1646,,Garasbaaleey,Tabeelaha,40,16,14
1647,,Garasbaaleey,Tabeelaha,21,11,0
1648,,Garasbaaleey,Tabeelaha,1,7,0
1649,,Garasbaaleey,Tabeelaha,0,0,0
1650,,Garasbaaleey,Tabeelaha,5,3,7
1651,,Garasbaaleey,Tabeelaha,0,8,7
1652,,Garasbaaleey,Tabeelaha,0,0,0
1653,,Garasbaaleey,Tabeelaha,46,33,18
1654,,Garasbaaleey,Tabeelaha,0,0,0
1655,,Garasbaaleey,Tabeelaha,0,0,0
1656,,Garasbaaleey,Tabeelaha,0,0,0
1657,,Garasbaaleey,Tabeelaha,0,0,0
1658,,Garasbaaleey,Tabeelaha,0,0,0
1659,,Garasbaaleey,Tabeelaha,1,3,13
1660,,Garasbaaleey,Tabeelaha,0,0,0
1661,,Garasbaaleey,Tabeelaha,5,5,4
1662,,Garasbaaleey,Tabeelaha,0,0,0
1663,,Garasbaaleey,Tabeelaha,0,0,0
1664,,Garasbaaleey,Tabeelaha,0,0,0
1665,,Garasbaaleey,Tabeelaha,0,0,0
1666,,Garasbaaleey,Tabeelaha,0,0,0
1667,,Garasbaaleey,Tabeelaha,0,0,0
1668,,Garasbaaleey,Tabeelaha,0,0,0
1669,,Garasbaaleey,Tabeelaha,0,0,0
1670,,Garasbaaleey,Tabeelaha,0,0,0
1671,,Garasbaaleey,Tabeelaha,0,0,0
1672,,Garasbaaleey,Tabeelaha,0,0,0
1673,,Garasbaaleey,Tabeelaha,0,0,0
1674,,Garasbaaleey,Tabeelaha,0,0,0
1675,,Garasbaaleey,Tabeelaha,0,0,0
1677,,Garasbaaleey,Tabeelaha,0,0,0
1678,,Garasbaaleey,Tabeelaha,0,0,0
1679,,Garasbaaleey,Tabeelaha,0,0,0
1680,,Garasbaaleey,Tabeelaha,0,0,0
1681,,Garasbaaleey,Tabeelaha,0,0,0
1682,,Garasbaaleey,Tabeelaha,0,0,0
1683,,Garasbaaleey,Tabeelaha,0,0,0
1684,,Garasbaaleey,Tabeelaha,0,0,0
1685,,Garasbaaleey,Tabeelaha,0,0,0
1686,,Garasbaaleey,Tabeelaha,0,0,0
1687,,Garasbaaleey,Tabeelaha,0,0,0
1688,,Garasbaaleey,Tabeelaha,0,0,0
1689,,Garasbaaleey,Tabeelaha,0,0,0
1690,,Garasbaaleey,Tabeelaha,0,0,0
1691,,Garasbaaleey,Tabeelaha,0,0,0
1692,,Garasbaaleey,Tabeelaha,0,0,0
1693,,Garasbaaleey,Tabeelaha,0,0,0
1694,,Garasbaaleey,Tabeelaha,0,0,0
1695,,Garasbaaleey,Tabeelaha,0,0,0
1696,,Garasbaaleey,Tabeelaha,0,0,0
1697,,Garasbaaleey,Tabeelaha,0,0,0
1698,,Garasbaaleey,Tabeelaha,0,0,0
1699,,Garasbaaleey,Tabeelaha,0,0,0
1700,,Garasbaaleey,Tabeelaha,0,0,0
1701,,Garasbaaleey,Tabeelaha,0,0,0
1702,,Garasbaaleey,Tabeelaha,0,0,0
1703,,Garasbaaleey,Tabeelaha,0,0,0
1704,,Garasbaaleey,Tabeelaha,0,0,0
1705,,Garasbaaleey,Tabeelaha,0,0,0
1706,,Garasbaaleey,Tabeelaha,0,0,0
1707,,Garasbaaleey,Tabeelaha,0,0,0
1708,,Garasbaaleey,Tabeelaha,0,0,0
1709,,Garasbaaleey,Tabeelaha,0,0,0
1710,,Garasbaaleey,Tabeelaha,0,0,0
1711,,Garasbaaleey,Tabeelaha,0,3,0
1712,,Garasbaaleey,Tabeelaha,4,0,0
1713,,Garasbaaleey,Tabeelaha,0,0,0
1714,,Garasbaaleey,Tabeelaha,0,0,0
1715,,Garasbaaleey,Tabeelaha,0,0,0
1716,,Garasbaaleey,Tabeelaha,0,0,0
1717,,Garasbaaleey,Tabeelaha,0,0,0
1718,,Garasbaaleey,Tabeelaha,0,0,0
1719,,Garasbaaleey,Tabeelaha,17,24,3
1720,,Garasbaaleey,Tabeelaha,0,0,0
1721,,Garasbaaleey,Tabeelaha,0,0,0
1722,,Garasbaaleey,Tabeelaha,0,11,15
1723,,Garasbaaleey,Tabeelaha,0,0,0
1724,,Garasbaaleey,Tabeelaha,0,0,0
1725,,Garasbaaleey,Tabeelaha,2,0,1
1726,,Garasbaaleey,Tabeelaha,0,0,0
1727,,Garasbaaleey,Tabeelaha,20,23,20
1728,,Garasbaaleey,Tabeelaha,0,0,0
1729,,Garasbaaleey,Tabeelaha,0,0,0
1730,,Garasbaaleey,Tabeelaha,0,0,0
1731,,Garasbaaleey,Tabeelaha,0,0,0
1732,,Garasbaaleey,Tabeelaha,0,0,0
3899,,Garasbaaleey,Tabeelaha,0,0,0
3905,,Garasbaaleey,Tabeelaha,0,0,0
3908,,Garasbaaleey,Tabeelaha,0,0,0
3915,,Garasbaaleey,Tabeelaha,21,10,0
3916,,Garasbaaleey,Tabeelaha,0,0,0
3997,,Garasbaaleey,Tabeelaha,0,0,0
3998,,Garasbaaleey,Tabeelaha,0,0,29
3999,,Garasbaaleey,Tabeelaha,0,0,0
4000,,Garasbaaleey,Tabeelaha,4,5,2
4001,,Garasbaaleey,Tabeelaha,0,0,0
4002,,Garasbaaleey,Tabeelaha,15,24,0
4003,,Garasbaaleey,Tabeelaha,0,0,0
4004,,Garasbaaleey,Tabeelaha,0,0,0
4005,,Garasbaaleey,Tabeelaha,16,18,8
4006,,Garasbaaleey,Tabeelaha,3,2,3
4007,,Garasbaaleey,Tabeelaha,19,7,0
4008,,Garasbaaleey,Tabeelaha,6,3,0
4009,,Garasbaaleey,Tabeelaha,0,0,0
4010,,Garasbaaleey,Tabeelaha,0,0,0
4011,,Garasbaaleey,Tabeelaha,0,0,0
4012,,Garasbaaleey,Tabeelaha,0,10,16
4013,,Garasbaaleey,Tabeelaha,0,0,0
4014,,Garasbaaleey,Tabeelaha,0,0,0
4015,,Garasbaaleey,Tabeelaha,0,0,0
4016,,Garasbaaleey,Tabeelaha,0,0,0
4017,,Garasbaaleey,Tabeelaha,0,0,0
4018,,Garasbaaleey,Tabeelaha,0,0,0
4019,,Garasbaaleey,Tabeelaha,0,0,0
4020,,Garasbaaleey,Tabeelaha,0,0,0
4021,,Garasbaaleey,Tabeelaha,0,3,4
4022,,Garasbaaleey,Tabeelaha,0,0,0
4023,,Garasbaaleey,Tabeelaha,5,7,0
4024,,Garasbaaleey,Tabeelaha,5,6,5
4025,,Garasbaaleey,Tabeelaha,0,0,0
4026,,Garasbaaleey,Tabeelaha,0,0,0
4395,,Garasbaaleey,Tabeelaha,0,0,0
4397,,Garasbaaleey,Tabeelaha,28,24,13
4429,,Garasbaaleey,Tabeelaha,0,0,0
4431,,Garasbaaleey,Tabeelaha,0,0,0
4477,,Garasbaaleey,Tabeelaha,0,0,0
4478,,Garasbaaleey,Tabeelaha,0,0,0
4479,,Garasbaaleey,Tabeelaha,10,9,9
4480,,Garasbaaleey,Tabeelaha,0,0,0
4481,,Garasbaaleey,Tabeelaha,0,0,0
4482,,Garasbaaleey,Tabeelaha,0,0,1
4483,,Garasbaaleey,Tabeelaha,4,29,16
4484,,Garasbaaleey,Tabeelaha,0,0,0
4485,,Garasbaaleey,Tabeelaha,0,0,5
4486,,Garasbaaleey,Tabeelaha,6,6,8
4487,,Garasbaaleey,Tabeelaha,21,12,11
4488,,Garasbaaleey,Tabeelaha,0,0,0
4489,,Garasbaaleey,Tabeelaha,0,0,0
4490,,Garasbaaleey,Tabeelaha,0,0,0
4491,,Garasbaaleey,Tabeelaha,0,0,0
4492,,Garasbaaleey,Tabeelaha,0,0,0
4493,,Garasbaaleey,Tabeelaha,0,0,0
4494,,Garasbaaleey,Tabeelaha,0,0,0
4495,,Garasbaaleey,Tabeelaha,0,0,0
4496,,Garasbaaleey,Tabeelaha,0,0,0
4497,,Garasbaaleey,Tabeelaha,0,0,0
4498,,Garasbaaleey,Tabeelaha,0,0,0
4499,,Garasbaaleey,Tabeelaha,0,0,0
4500,,Garasbaaleey,Tabeelaha,0,0,0
4501,,Garasbaaleey,Tabeelaha,0,0,0
4502,,Garasbaaleey,Tabeelaha,0,0,0
4503,,Garasbaaleey,Tabeelaha,0,0,0
4504,,Garasbaaleey,Tabeelaha,0,0,0
4505,,Garasbaaleey,Tabeelaha,0,0,0
4506,,Garasbaaleey,Tabeelaha,0,0,0
4507,,Garasbaaleey,Tabeelaha,0,0,0
4910,,Garasbaaleey,Tabeelaha,0,0,0
4911,,Garasbaaleey,Tabeelaha,0,0,0
4912,,Garasbaaleey,Tabeelaha,0,0,0
4943,,Garasbaaleey,Tabeelaha,0,0,0
4944,,Garasbaaleey,Tabeelaha,7,8,8
4945,,Garasbaaleey,Tabeelaha,0,0,0
4946,,Garasbaaleey,Tabeelaha,1,0,0.6875
4947,,Garasbaaleey,Tabeelaha,0,0,0
4948,,Garasbaaleey,Tabeelaha,0,0,0
4949,,Garasbaaleey,Tabeelaha,0,0,0
4950,,Garasbaaleey,Tabeelaha,0,0,0
4951,,Garasbaaleey,Tabeelaha,0,0,0
4952,,Garasbaaleey,Tabeelaha,0,0,0
4953,,Garasbaaleey,Tabeelaha,0,0,0
4954,,Garasbaaleey,Tabeelaha,0,0,0
4955,,Garasbaaleey,Tabeelaha,0,0,0
4956,,Garasbaaleey,Tabeelaha,0,0,0
4957,,Garasbaaleey,Tabeelaha,0,0,0
4958,,Garasbaaleey,Tabeelaha,0,0,0
4959,,Garasbaaleey,Tabeelaha,3,4,3
5146,,Garasbaaleey,Tabeelaha,0,0,0
5147,,Garasbaaleey,Tabeelaha,0,0,0
5160,,Garasbaaleey,Tabeelaha,0,0,0
5164,,Garasbaaleey,Tabeelaha,0,0,0
5184,,Garasbaaleey,Tabeelaha,0,0,0
5185,,Garasbaaleey,Tabeelaha,0,0,0
5186,,Garasbaaleey,Tabeelaha,0,0,0
5187,,Garasbaaleey,Tabeelaha,0,0,0
5188,,Garasbaaleey,Tabeelaha,0,0,0
5189,,Garasbaaleey,Tabeelaha,0,0,0
5190,,Garasbaaleey,Tabeelaha,0,0,0
5191,,Garasbaaleey,Tabeelaha,0,0,0
5192,,Garasbaaleey,Tabeelaha,18,22,21
5193,,Garasbaaleey,Tabeelaha,0,0,0
5194,,Garasbaaleey,Tabeelaha,1,0,2
5195,,Garasbaaleey,Tabeelaha,0,0,0
5196,,Garasbaaleey,Tabeelaha,0,0,0
5197,,Garasbaaleey,Tabeelaha,0,0,0
5198,,Garasbaaleey,Tabeelaha,0,0,0
5199,,Garasbaaleey,Tabeelaha,0,0,0
5200,,Garasbaaleey,Tabeelaha,0,0,0
5201,,Garasbaaleey,Tabeelaha,0,0,0
5202,,Garasbaaleey,Tabeelaha,0,10,8
5203,,Garasbaaleey,Tabeelaha,0,0,0
5204,,Garasbaaleey,Tabeelaha,0,0,0
5420,,Garasbaaleey,Tabeelaha,0,0,0
5422,,Garasbaaleey,Tabeelaha,0,0,0
5433,,Garasbaaleey,Tabeelaha,0,18,0
5441,,Garasbaaleey,Tabeelaha,0,0,0
5442,,Garasbaaleey,Tabeelaha,0,5,5
5443,,Garasbaaleey,Tabeelaha,0,0,0
5444,,Garasbaaleey,Tabeelaha,10,9,10
5445,,Garasbaaleey,Tabeelaha,0,0,0.625
5446,,Garasbaaleey,Tabeelaha,0,0,0
5447,,Garasbaaleey,Tabeelaha,0,0,0
5519,,Garasbaaleey,Tabeelaha,0,0,0
5522,,Garasbaaleey,Tabeelaha,7,10,7
5530,,Garasbaaleey,Tabeelaha,0,0,0
5554,,Garasbaaleey,Tabeelaha,0,0,0
5555,,Garasbaaleey,Tabeelaha,0,0,0
5556,,Garasbaaleey,Tabeelaha,0,0,0
5557,,Garasbaaleey,Tabeelaha,0,0,0
5558,,Garasbaaleey,Tabeelaha,10,11,6
5559,,Garasbaaleey,Tabeelaha,7,17,9
5560,,Garasbaaleey,Tabeelaha,0,0,0
5561,,Garasbaaleey,Tabeelaha,0,1,5
5562,,Garasbaaleey,Tabeelaha,0,0,0
5563,,Garasbaaleey,Tabeelaha,0,0,0
5564,,Garasbaaleey,Tabeelaha,0,0,0
5565,,Garasbaaleey,Tabeelaha,0,0,0
5678,,Garasbaaleey,Tabeelaha,0,0,0
5681,,Garasbaaleey,Tabeelaha,0,0,0
5690,,Garasbaaleey,Tabeelaha,0,0,0
5691,,Garasbaaleey,Tabeelaha,0,10,0
5692,,Garasbaaleey,Tabeelaha,0,0,0
5732,,Garasbaaleey,Tabeelaha,0,0,0
5745,,Garasbaaleey,Tabeelaha,0,0,0
5746,,Garasbaaleey,Tabeelaha,7,6,0
5747,,Garasbaaleey,Tabeelaha,1,0,0
5748,,Garasbaaleey,Tabeelaha,0,0,9
5749,,Garasbaaleey,Tabeelaha,0,7,14
5750,,Garasbaaleey,Tabeelaha,0,0,0
5751,,Garasbaaleey,Tabeelaha,26,11,0
5752,,Garasbaaleey,Tabeelaha,0,0,0
5753,,Garasbaaleey,Tabeelaha,0,0,0
5754,,Garasbaaleey,Tabeelaha,0,0,0
5877,,Garasbaaleey,Tabeelaha,0,0,0
5878,,Garasbaaleey,Tabeelaha,0,0,0
5880,,Garasbaaleey,Tabeelaha,0,0,0
5891,,Garasbaaleey,Tabeelaha,0,16,17
5892,,Garasbaaleey,Tabeelaha,1,0,0
5893,,Garasbaaleey,Tabeelaha,0,0,0
5894,,Garasbaaleey,Tabeelaha,0,0,0
5895,,Garasbaaleey,Tabeelaha,0,0,0
5931,,Garasbaaleey,Tabeelaha,0,0,0
5937,,Garasbaaleey,Tabeelaha,0,0,0
5938,,Garasbaaleey,Tabeelaha,8,7,5
5939,,Garasbaaleey,Tabeelaha,11,7,6
5940,,Garasbaaleey,Tabeelaha,0,0,0
5941,,Garasbaaleey,Tabeelaha,2,0,5
5942,,Garasbaaleey,Tabeelaha,0,16,14
5943,,Garasbaaleey,Tabeelaha,0,0,0
5965,,Garasbaaleey,Tabeelaha,0,0,0
5970,,Garasbaaleey,Tabeelaha,0,0,0
5984,,Garasbaaleey,Tabeelaha,0,0,0
5985,,Garasbaaleey,Tabeelaha,0,0,0
5986,,Garasbaaleey,Tabeelaha,0,0,0
6008,,Garasbaaleey,Tabeelaha,5,4,0
6009,,Garasbaaleey,Tabeelaha,0,0,0
6010,,Garasbaaleey,Tabeelaha,16,5,4
6011,,Garasbaaleey,Tabeelaha,0,0,28
6023,,Garasbaaleey,Tabeelaha,0,0,0
6027,,Garasbaaleey,Tabeelaha,0,0,0
6028,,Garasbaaleey,Tabeelaha,0,0,0
6029,,Garasbaaleey,Tabeelaha,0,0,0
6141,,Garasbaaleey,Tabeelaha,0,0,0
6142,,Garasbaaleey,Tabeelaha,0,0,0.75
6162,,Garasbaaleey,Tabeelaha,0,0,0
6176,,Garasbaaleey,Tabeelaha,0,0,0
6179,,Garasbaaleey,Tabeelaha,0,0,0
6186,,Garasbaaleey,Tabeelaha,0,0,0
6187,,Garasbaaleey,Tabeelaha,0,0,0
6214,,Garasbaaleey,Tabeelaha,0,0,0
6227,,Garasbaaleey,Tabeelaha,8,10,0
6231,,Garasbaaleey,Tabeelaha,14,12,14
6232,,Garasbaaleey,Tabeelaha,0,0,0
6254,,Garasbaaleey,Tabeelaha,0,0,0
6264,,Garasbaaleey,Tabeelaha,0,0,0
6277,,Garasbaaleey,Tabeelaha,0,0,0
6320,,Garasbaaleey,Tabeelaha,0,0,0
6334,,Garasbaaleey,Tabeelaha,0,0,0
6335,,Garasbaaleey,Tabeelaha,0,0,0
6341,,Garasbaaleey,Tabeelaha,0,0,0
6359,,Garasbaaleey,Tabeelaha,0,0,0
6366,,Garasbaaleey,Tabeelaha,16,12,14
6387,,Garasbaaleey,Tabeelaha,0,61,1
6393,,Garasbaaleey,Tabeelaha,0,0,0
6396,,Garasbaaleey,Tabeelaha,0,0,0
6397,,Garasbaaleey,Tabeelaha,0,0,0
6402,,Garasbaaleey,Tabeelaha,0,0,0
6409,,Garasbaaleey,Tabeelaha,26,15,17
6422,,Garasbaaleey,Tabeelaha,0,0,0
6448,,Garasbaaleey,Tabeelaha,0,0,0
6449,,Garasbaaleey,Tabeelaha,3,0,8
6450,,Garasbaaleey,Tabeelaha,0,0,0
6470,,Garasbaaleey,Tabeelaha,0,0,0
6473,,Garasbaaleey,Tabeelaha,0,0,0
6474,,Garasbaaleey,Tabeelaha,0,0,1.75
6500,,Garasbaaleey,Tabeelaha,0,0,0
6505,,Garasbaaleey,Tabeelaha,0,0,0
6506,,Garasbaaleey,Tabeelaha,30,0,25
6525,,Garasbaaleey,Tabeelaha,0,0,0
6585,,Garasbaaleey,Tabeelaha,0,0,0
6608,,Garasbaaleey,Tabeelaha,4,4,8
6616,,Garasbaaleey,Tabeelaha,4,5,4
6617,,Garasbaaleey,Tabeelaha,0,0,0
6666,,Garasbaaleey,Tabeelaha,0,0,0
6667,,Garasbaaleey,Tabeelaha,1,2,0
6681,,Garasbaaleey,Tabeelaha,0,0,0
6688,,Garasbaaleey,Tabeelaha,0,0,0
6689,,Garasbaaleey,Tabeelaha,0,0,0
6717,,Garasbaaleey,Tabeelaha,0,0,10
6723,,Garasbaaleey,Tabeelaha,3,10,0
6726,,Garasbaaleey,Tabeelaha,0,0,0
6740,,Garasbaaleey,Tabeelaha,3,5,3
6741,,Garasbaaleey,Tabeelaha,0,0,0
6746,,Garasbaaleey,Tabeelaha,0,0,0
6748,,Garasbaaleey,Tabeelaha,0,23,15
6808,,Garasbaaleey,Tabeelaha,0,1,14
6866,,Garasbaaleey,Tabeelaha,0,0,0
6867,,Garasbaaleey,Tabeelaha,0,0,0
6878,,Garasbaaleey,Tabeelaha,0,0,0
6879,,Garasbaaleey,Tabeelaha,0,0,0
6884,,Garasbaaleey,Tabeelaha,0,0,0
6904,,Garasbaaleey,Tabeelaha,0,0,0
6946,,Garasbaaleey,Tabeelaha,0,0,0
6954,,Garasbaaleey,Tabeelaha,0,0,0
6955,,Garasbaaleey,Tabeelaha,0,0,0
6980,,Garasbaaleey,Tabeelaha,0,0,26
6981,,Garasbaaleey,Tabeelaha,0,0,0
6991,,Garasbaaleey,Tabeelaha,0,0,0
7046,,Garasbaaleey,Tabeelaha,0,0,0
7053,,Garasbaaleey,Tabeelaha,0,0,0
7130,,Garasbaaleey,Tabeelaha,0,0,0
7567,,Garasbaaleey,Tabeelaha,9,10,0
7657,,Garasbaaleey,Tabeelaha,1,8,8
7658,,Garasbaaleey,Tabeelaha,1,8,0
7677,,Garasbaaleey,Tabeelaha,5,6,5
7678,,Garasbaaleey,Tabeelaha,1,1,9
7702,,Garasbaaleey,Tabeelaha,0,1,0
7703,,Garasbaaleey,Tabeelaha,0,2,0
7704,,Garasbaaleey,Tabeelaha,0,2,0
7705,,Garasbaaleey,Tabeelaha,0,5,5
7712,,Garasbaaleey,Tabeelaha,0,12,30
7766,,Garasbaaleey,Tabeelaha,0,13,8
7823,,Garasbaaleey,Tabeelaha,0,0,9
7824,,Garasbaaleey,Tabeelaha,0,0,9
7825,,Garasbaaleey,Tabeelaha,0,0,5
7826,,Garasbaaleey,Tabeelaha,0,0,6
7839,,Garasbaaleey,Tabeelaha,0,0,18
7840,,Garasbaaleey,Tabeelaha,0,0,6
7841,,Garasbaaleey,Tabeelaha,0,0,4
7892,,Garasbaaleey,Tabeelaha,0,0,1
7893,,Garasbaaleey,Tabeelaha,0,0,5
,,,,,,
21,,Bakaaro,H.Wadaag 2,66,59,66
34,,Bakaaro,H.Wadaag 2,17,14,17
60,,Bakaaro,H.Wadaag 2,1,4,1
145,,Bakaaro,H.Wadaag 2,14,19,22
184,,Bakaaro,H.Wadaag 2,7,12,12
263,,Bakaaro,H.Wadaag 2,8,10,13
413,,Bakaaro,H.Wadaag 2,7,8,9
2437,,Bakaaro,H.Wadaag 2,10,10,9
2438,,Bakaaro,H.Wadaag 2,19,16,16
2439,,Bakaaro,H.Wadaag 2,24,6,14
2440,,Bakaaro,H.Wadaag 2,9,10,11
2441,,Bakaaro,H.Wadaag 2,8,7,8
2442,,Bakaaro,H.Wadaag 2,9,8,6
2443,,Bakaaro,H.Wadaag 2,27,19,21
2444,,Bakaaro,H.Wadaag 2,9,29,5
2445,,Bakaaro,H.Wadaag 2,16,18,16
2446,,Bakaaro,H.Wadaag 2,15,13,19
2447,,Bakaaro,H.Wadaag 2,3,5,3
2448,,Bakaaro,H.Wadaag 2,1,0,0
2449,,Bakaaro,H.Wadaag 2,15,17,17
2450,,Bakaaro,H.Wadaag 2,7,5,6
2451,,Bakaaro,H.Wadaag 2,17,16,16
2452,,Bakaaro,H.Wadaag 2,5,6,6
2453,,Bakaaro,H.Wadaag 2,9,27,32
2454,,Bakaaro,H.Wadaag 2,22,21,26
2455,,Bakaaro,H.Wadaag 2,5,7,6
2456,,Bakaaro,H.Wadaag 2,10,10,9
2457,,Bakaaro,H.Wadaag 2,19,18,16
2458,,Bakaaro,H.Wadaag 2,22,7,11
2459,,Bakaaro,H.Wadaag 2,8,9,7
2460,,Bakaaro,H.Wadaag 2,12,18,21
2461,,Bakaaro,H.Wadaag 2,17,13,13
2462,,Bakaaro,H.Wadaag 2,14,14,14
2463,,Bakaaro,H.Wadaag 2,14,23,28
2464,,Bakaaro,H.Wadaag 2,19,29,26
2465,,Bakaaro,H.Wadaag 2,3,4,6
2466,,Bakaaro,H.Wadaag 2,26,28,24
2467,,Bakaaro,H.Wadaag 2,10,8,8
2468,,Bakaaro,H.Wadaag 2,15,11,10
2469,,Bakaaro,H.Wadaag 2,9,8,11
2470,,Bakaaro,H.Wadaag 2,9,8,9
2471,,Bakaaro,H.Wadaag 2,13,15,15
2472,,Bakaaro,H.Wadaag 2,16,18,12
2473,,Bakaaro,H.Wadaag 2,8,12,12
2474,,Bakaaro,H.Wadaag 2,25,28,27
2475,,Bakaaro,H.Wadaag 2,11,10,16
2476,,Bakaaro,H.Wadaag 2,2,2,3
2477,,Bakaaro,H.Wadaag 2,3,2,1
2478,,Bakaaro,H.Wadaag 2,12,8,12
2479,,Bakaaro,H.Wadaag 2,4,4,5
2480,,Bakaaro,H.Wadaag 2,17,17,17
2481,,Bakaaro,H.Wadaag 2,6,8,7
2482,,Bakaaro,H.Wadaag 2,22,14,18
2483,,Bakaaro,H.Wadaag 2,16,17,19
2484,,Bakaaro,H.Wadaag 2,13,15,15
2485,,Bakaaro,H.Wadaag 2,22,23,22
2486,,Bakaaro,H.Wadaag 2,10,11,10
2487,,Bakaaro,H.Wadaag 2,4,4,4
2488,,Bakaaro,H.Wadaag 2,11,9,7
2489,,Bakaaro,H.Wadaag 2,4,51,2
2490,,Bakaaro,H.Wadaag 2,14,12,11
2491,,Bakaaro,H.Wadaag 2,0,0,0
2492,,Bakaaro,H.Wadaag 2,18,17,16
2493,,Bakaaro,H.Wadaag 2,12,19,16
2494,,Bakaaro,H.Wadaag 2,2,1,13
2495,,Bakaaro,H.Wadaag 2,9,11,16
2496,,Bakaaro,H.Wadaag 2,14,13,13
2497,,Bakaaro,H.Wadaag 2,5,4,5
2498,,Bakaaro,H.Wadaag 2,2,3,0
2499,,Bakaaro,H.Wadaag 2,5,5,5
2500,,Bakaaro,H.Wadaag 2,25,11,1
2501,,Bakaaro,H.Wadaag 2,11,5,6
2502,,Bakaaro,H.Wadaag 2,15,14,15
2503,,Bakaaro,H.Wadaag 2,13,15,13
2504,,Bakaaro,H.Wadaag 2,4,4,7
2505,,Bakaaro,H.Wadaag 2,19,12,13
2506,,Bakaaro,H.Wadaag 2,11,13,15
2507,,Bakaaro,H.Wadaag 2,14,13,13
2508,,Bakaaro,H.Wadaag 2,10,11,13
2509,,Bakaaro,H.Wadaag 2,23,21,25
2510,,Bakaaro,H.Wadaag 2,2,2,2
2511,,Bakaaro,H.Wadaag 2,19,21,24
2512,,Bakaaro,H.Wadaag 2,7,8,10
2513,,Bakaaro,H.Wadaag 2,18,15,12
2514,,Bakaaro,H.Wadaag 2,10,10,10
2515,,Bakaaro,H.Wadaag 2,14,14,15
2516,,Bakaaro,H.Wadaag 2,22,27,25
2517,,Bakaaro,H.Wadaag 2,8,9,5
2518,,Bakaaro,H.Wadaag 2,8,8,10
2519,,Bakaaro,H.Wadaag 2,9,5,9
2520,,Bakaaro,H.Wadaag 2,25,39,24
2521,,Bakaaro,H.Wadaag 2,1,1,8
2522,,Bakaaro,H.Wadaag 2,18,20,10
2523,,Bakaaro,H.Wadaag 2,1,1,1
2524,,Bakaaro,H.Wadaag 2,1,1,1
2525,,Bakaaro,H.Wadaag 2,3,3,3
2526,,Bakaaro,H.Wadaag 2,23,20,18
2527,,Bakaaro,H.Wadaag 2,6,7,7
2528,,Bakaaro,H.Wadaag 2,7,11,8
2529,,Bakaaro,H.Wadaag 2,1,1,1
2530,,Bakaaro,H.Wadaag 2,1,1,1
2531,,Bakaaro,H.Wadaag 2,3,3,1
2532,,Bakaaro,H.Wadaag 2,1,1,1
2533,,Bakaaro,H.Wadaag 2,3,1,2
2534,,Bakaaro,H.Wadaag 2,11,7,5
2535,,Bakaaro,H.Wadaag 2,6,4,5
2536,,Bakaaro,H.Wadaag 2,1,2,1
2537,,Bakaaro,H.Wadaag 2,4,4,4
2538,,Bakaaro,H.Wadaag 2,12,4,1
2539,,Bakaaro,H.Wadaag 2,1,2,3
2540,,Bakaaro,H.Wadaag 2,17,14,1
2541,,Bakaaro,H.Wadaag 2,11,8,8
2542,,Bakaaro,H.Wadaag 2,0,2,2
2543,,Bakaaro,H.Wadaag 2,7,10,13
2544,,Bakaaro,H.Wadaag 2,17,11,12
2545,,Bakaaro,H.Wadaag 2,4,6,6
2546,,Bakaaro,H.Wadaag 2,22,23,17
2547,,Bakaaro,H.Wadaag 2,20,17,17
2548,,Bakaaro,H.Wadaag 2,7,7,7
2549,,Bakaaro,H.Wadaag 2,14,15,12
2550,,Bakaaro,H.Wadaag 2,9,8,8
2551,,Bakaaro,H.Wadaag 2,6,6,8
2552,,Bakaaro,H.Wadaag 2,4,4,5
2553,,Bakaaro,H.Wadaag 2,19,16,19
2554,,Bakaaro,H.Wadaag 2,3,11,14
2555,,Bakaaro,H.Wadaag 2,16,19,18
2556,,Bakaaro,H.Wadaag 2,4,3,2
2557,,Bakaaro,H.Wadaag 2,17,18,15
2558,,Bakaaro,H.Wadaag 2,14,16,15
2559,,Bakaaro,H.Wadaag 2,1,1,1
2560,,Bakaaro,H.Wadaag 2,3,4,3
2561,,Bakaaro,H.Wadaag 2,87,46,70
2562,,Bakaaro,H.Wadaag 2,10,9,9
2563,,Bakaaro,H.Wadaag 2,10,10,9
2564,,Bakaaro,H.Wadaag 2,2,10,16
2565,,Bakaaro,H.Wadaag 2,10,8,5
2566,,Bakaaro,H.Wadaag 2,2,4,4
2567,,Bakaaro,H.Wadaag 2,3,1,2
2568,,Bakaaro,H.Wadaag 2,3,3,2
2569,,Bakaaro,H.Wadaag 2,3,4,7
2570,,Bakaaro,H.Wadaag 2,47,44,45
2571,,Bakaaro,H.Wadaag 2,0,0,0
2572,,Bakaaro,H.Wadaag 2,4,1,2
2573,,Bakaaro,H.Wadaag 2,12,13,11
2574,,Bakaaro,H.Wadaag 2,147,139,114
2575,,Bakaaro,H.Wadaag 2,3,3,4
2576,,Bakaaro,H.Wadaag 2,1,1,1
2577,,Bakaaro,H.Wadaag 2,12,12,12
2578,,Bakaaro,H.Wadaag 2,9,5,7
2579,,Bakaaro,H.Wadaag 2,3,10,6
2580,,Bakaaro,H.Wadaag 2,24,19,25
2581,,Bakaaro,H.Wadaag 2,10,9,10
2582,,Bakaaro,H.Wadaag 2,7,14,15
2583,,Bakaaro,H.Wadaag 2,7,12,17
2584,,Bakaaro,H.Wadaag 2,1,1,1
2585,,Bakaaro,H.Wadaag 2,2,3,2
2586,,Bakaaro,H.Wadaag 2,19,17,18
2587,,Bakaaro,H.Wadaag 2,1,1,2
2588,,Bakaaro,H.Wadaag 2,5,5,8
2589,,Bakaaro,H.Wadaag 2,16,13,14
2590,,Bakaaro,H.Wadaag 2,5,3,4
2591,,Bakaaro,H.Wadaag 2,16,15,20
2592,,Bakaaro,H.Wadaag 2,9,10,12
2593,,Bakaaro,H.Wadaag 2,0,0,2
2594,,Bakaaro,H.Wadaag 2,16,12,15
2595,,Bakaaro,H.Wadaag 2,2,2,5
2596,,Bakaaro,H.Wadaag 2,6,5,7
2597,,Bakaaro,H.Wadaag 2,3,7,12
2598,,Bakaaro,H.Wadaag 2,2,6,2
2599,,Bakaaro,H.Wadaag 2,3,3,3
2600,,Bakaaro,H.Wadaag 2,18,8,18
2601,,Bakaaro,H.Wadaag 2,8,6,8
2602,,Bakaaro,H.Wadaag 2,8,9,7
2603,,Bakaaro,H.Wadaag 2,3,4,4
2604,,Bakaaro,H.Wadaag 2,15,17,21
2605,,Bakaaro,H.Wadaag 2,17,15,14
2606,,Bakaaro,H.Wadaag 2,16,8,7
2607,,Bakaaro,H.Wadaag 2,11,8,10
2608,,Bakaaro,H.Wadaag 2,7,7,7
2609,,Bakaaro,H.Wadaag 2,14,7,12
2610,,Bakaaro,H.Wadaag 2,20,16,20
2611,,Bakaaro,H.Wadaag 2,14,12,12
2612,,Bakaaro,H.Wadaag 2,2,1,7
2613,,Bakaaro,H.Wadaag 2,16,23,13
2614,,Bakaaro,H.Wadaag 2,9,8,10
2615,,Bakaaro,H.Wadaag 2,96,83,100
2616,,Bakaaro,H.Wadaag 2,7,6,7
2617,,Bakaaro,H.Wadaag 2,5,4,5
2618,,Bakaaro,H.Wadaag 2,5,4,3
2619,,Bakaaro,H.Wadaag 2,11,11,11
2620,,Bakaaro,H.Wadaag 2,16,13,14
2621,,Bakaaro,H.Wadaag 2,1,18,21
2622,,Bakaaro,H.Wadaag 2,2,2,6
2623,,Bakaaro,H.Wadaag 2,8,7,22
2624,,Bakaaro,H.Wadaag 2,20,0,15
2625,,Bakaaro,H.Wadaag 2,2,3,3
2626,,Bakaaro,H.Wadaag 2,37,32,29
2627,,Bakaaro,H.Wadaag 2,21,22,18
2628,,Bakaaro,H.Wadaag 2,9,6,7
2629,,Bakaaro,H.Wadaag 2,11,13,12
2630,,Bakaaro,H.Wadaag 2,5,4,4
2631,,Bakaaro,H.Wadaag 2,5,4,1
2632,,Bakaaro,H.Wadaag 2,11,11,11
2633,,Bakaaro,H.Wadaag 2,14,8,11
2634,,Bakaaro,H.Wadaag 2,11,10,12
2635,,Bakaaro,H.Wadaag 2,6,0,0
2636,,Bakaaro,H.Wadaag 2,15,13,17
2637,,Bakaaro,H.Wadaag 2,13,4,4
2638,,Bakaaro,H.Wadaag 2,5,5,2
2639,,Bakaaro,H.Wadaag 2,2,1,3
2640,,Bakaaro,H.Wadaag 2,4,3,2
2641,,Bakaaro,H.Wadaag 2,2,1,1
2642,,Bakaaro,H.Wadaag 2,14,7,14
2643,,Bakaaro,H.Wadaag 2,11,7,7
2644,,Bakaaro,H.Wadaag 2,11,12,11
2645,,Bakaaro,H.Wadaag 2,37,34,34
2646,,Bakaaro,H.Wadaag 2,9,9,8
2647,,Bakaaro,H.Wadaag 2,3,0,6
2648,,Bakaaro,H.Wadaag 2,1,2,2
2649,,Bakaaro,H.Wadaag 2,24,21,20
2650,,Bakaaro,H.Wadaag 2,3,2,0
2651,,Bakaaro,H.Wadaag 2,0,0,0
2652,,Bakaaro,H.Wadaag 2,0,16,11
2653,,Bakaaro,H.Wadaag 2,3,4,5
2654,,Bakaaro,H.Wadaag 2,10,10,15
2655,,Bakaaro,H.Wadaag 2,5,6,6
2656,,Bakaaro,H.Wadaag 2,18,15,18
2657,,Bakaaro,H.Wadaag 2,10,10,13
2658,,Bakaaro,H.Wadaag 2,22,18,19
2659,,Bakaaro,H.Wadaag 2,5,5,5
2660,,Bakaaro,H.Wadaag 2,30,34,32
2661,,Bakaaro,H.Wadaag 2,12,6,13
2662,,Bakaaro,H.Wadaag 2,8,7,10
2663,,Bakaaro,H.Wadaag 2,9,8,6
2664,,Bakaaro,H.Wadaag 2,15,15,15
2665,,Bakaaro,H.Wadaag 2,3,5,9
2666,,Bakaaro,H.Wadaag 2,3,3,4
2667,,Bakaaro,H.Wadaag 2,7,5,4
2668,,Bakaaro,H.Wadaag 2,13,11,10
2669,,Bakaaro,H.Wadaag 2,1,1,1
2670,,Bakaaro,H.Wadaag 2,5,3,6
2671,,Bakaaro,H.Wadaag 2,4,3,3
2672,,Bakaaro,H.Wadaag 2,5,5,6
2673,,Bakaaro,H.Wadaag 2,10,8,13
2674,,Bakaaro,H.Wadaag 2,11,18,6
2675,,Bakaaro,H.Wadaag 2,5,10,15
2676,,Bakaaro,H.Wadaag 2,7,9,7
2677,,Bakaaro,H.Wadaag 2,20,2,2
2678,,Bakaaro,H.Wadaag 2,18,18,20
2679,,Bakaaro,H.Wadaag 2,6,6,6
2680,,Bakaaro,H.Wadaag 2,10,9,7
2681,,Bakaaro,H.Wadaag 2,8,5,7
2682,,Bakaaro,H.Wadaag 2,6,6,7
2683,,Bakaaro,H.Wadaag 2,6,6,6
2684,,Bakaaro,H.Wadaag 2,1,7,10
2685,,Bakaaro,H.Wadaag 2,3,3,3
2686,,Bakaaro,H.Wadaag 2,0,0,4
2687,,Bakaaro,H.Wadaag 2,10,5,7
2688,,Bakaaro,H.Wadaag 2,5,36,37
2689,,Bakaaro,H.Wadaag 2,10,1,6
2690,,Bakaaro,H.Wadaag 2,7,9,12
2691,,Bakaaro,H.Wadaag 2,21,19,26
2692,,Bakaaro,H.Wadaag 2,10,19,22
2693,,Bakaaro,H.Wadaag 2,52,38,11
2694,,Bakaaro,H.Wadaag 2,1,0,1
2695,,Bakaaro,H.Wadaag 2,2,1,4
2696,,Bakaaro,H.Wadaag 2,11,18,8
2697,,Bakaaro,H.Wadaag 2,7,6,9
2698,,Bakaaro,H.Wadaag 2,0,0,1
2699,,Bakaaro,H.Wadaag 2,0,0,0
2700,,Bakaaro,H.Wadaag 2,9,8,9
5247,,Bakaaro,H.Wadaag 2,19,19,15
5248,,Bakaaro,H.Wadaag 2,21,14,15
5249,,Bakaaro,H.Wadaag 2,7,6,8
5250,,Bakaaro,H.Wadaag 2,9,3,9
5251,,Bakaaro,H.Wadaag 2,7,6,6
5252,,Bakaaro,H.Wadaag 2,2,2,2
5253,,Bakaaro,H.Wadaag 2,7,3,9
5254,,Bakaaro,H.Wadaag 2,6,7,9
5255,,Bakaaro,H.Wadaag 2,5,4,5
5256,,Bakaaro,H.Wadaag 2,4,4,6
5257,,Bakaaro,H.Wadaag 2,4,2,3
5258,,Bakaaro,H.Wadaag 2,14,12,17
5259,,Bakaaro,H.Wadaag 2,1,1,1
5526,,Bakaaro,H.Wadaag 2,63,69,71
5827,,Bakaaro,H.Wadaag 2,22,19,17
5828,,Bakaaro,H.Wadaag 2,4,0,0
5829,,Bakaaro,H.Wadaag 2,10,10,10
5830,,Bakaaro,H.Wadaag 2,29,32,31
5831,,Bakaaro,H.Wadaag 2,11,9,11
5832,,Bakaaro,H.Wadaag 2,25,26,23
5833,,Bakaaro,H.Wadaag 2,6,4,5
5834,,Bakaaro,H.Wadaag 2,30,23,26
5835,,Bakaaro,H.Wadaag 2,11,11,17
5836,,Bakaaro,H.Wadaag 2,11,11,10
5837,,Bakaaro,H.Wadaag 2,18,19,20
5838,,Bakaaro,H.Wadaag 2,7,5,6
5839,,Bakaaro,H.Wadaag 2,20,15,13
5840,,Bakaaro,H.Wadaag 2,18,18,19
5841,,Bakaaro,H.Wadaag 2,31,11,9
5842,,Bakaaro,H.Wadaag 2,7,7,0
5843,,Bakaaro,H.Wadaag 2,18,20,22
5844,,Bakaaro,H.Wadaag 2,15,25,26
5845,,Bakaaro,H.Wadaag 2,6,8,14
5846,,Bakaaro,H.Wadaag 2,14,17,15
5847,,Bakaaro,H.Wadaag 2,6,9,9
5848,,Bakaaro,H.Wadaag 2,2,2,3
5849,,Bakaaro,H.Wadaag 2,5,4,4
5850,,Bakaaro,H.Wadaag 2,12,13,15
5851,,Bakaaro,H.Wadaag 2,8,9,8
5852,,Bakaaro,H.Wadaag 2,8,14,17
5853,,Bakaaro,H.Wadaag 2,8,5,6
5854,,Bakaaro,H.Wadaag 2,7,7,6
5855,,Bakaaro,H.Wadaag 2,14,10,12
5856,,Bakaaro,H.Wadaag 2,10,11,8
5857,,Bakaaro,H.Wadaag 2,15,7,11
5858,,Bakaaro,H.Wadaag 2,13,10,7
5859,,Bakaaro,H.Wadaag 2,23,20,24
5860,,Bakaaro,H.Wadaag 2,2,2,3
5861,,Bakaaro,H.Wadaag 2,4,4,8
6387,,Bakaaro,H.Wadaag 2,22,22,21
6504,,Bakaaro,H.Wadaag 2,21,20,20
6505,,Bakaaro,H.Wadaag 2,30,32,34
6506,,Bakaaro,H.Wadaag 2,9,9,11
6507,,Bakaaro,H.Wadaag 2,32,30,33
6508,,Bakaaro,H.Wadaag 2,16,19,21
6509,,Bakaaro,H.Wadaag 2,8,7,10
6510,,Bakaaro,H.Wadaag 2,9,8,10
6511,,Bakaaro,H.Wadaag 2,3,2,3
6512,,Bakaaro,H.Wadaag 2,30,26,27
6744,,Bakaaro,H.Wadaag 2,18,14,11
6925,,Bakaaro,H.Wadaag 2,15,19,18
6926,,Bakaaro,H.Wadaag 2,19,27,1
6927,,Bakaaro,H.Wadaag 2,12,17,9
6928,,Bakaaro,H.Wadaag 2,17,14,15
6929,,Bakaaro,H.Wadaag 2,23,23,27
6930,,Bakaaro,H.Wadaag 2,14,14,17
6931,,Bakaaro,H.Wadaag 2,13,12,15
6932,,Bakaaro,H.Wadaag 2,16,16,16
6933,,Bakaaro,H.Wadaag 2,13,13,13
6934,,Bakaaro,H.Wadaag 2,14,20,20
6935,,Bakaaro,H.Wadaag 2,16,13,19
6936,,Bakaaro,H.Wadaag 2,15,13,15
6937,,Bakaaro,H.Wadaag 2,12,12,24
6938,,Bakaaro,H.Wadaag 2,13,11,9
6939,,Bakaaro,H.Wadaag 2,29,29,21
6940,,Bakaaro,H.Wadaag 2,8,8,8
6941,,Bakaaro,H.Wadaag 2,20,16,19
6942,,Bakaaro,H.Wadaag 2,15,14,9
6943,,Bakaaro,H.Wadaag 2,15,15,19
6944,,Bakaaro,H.Wadaag 2,2,1,4
6945,,Bakaaro,H.Wadaag 2,3,1,3
6946,,Bakaaro,H.Wadaag 2,8,7,10
6947,,Bakaaro,H.Wadaag 2,17,18,16
6948,,Bakaaro,H.Wadaag 2,14,13,16
6949,,Bakaaro,H.Wadaag 2,15,16,15
6950,,Bakaaro,H.Wadaag 2,5,4,6
6951,,Bakaaro,H.Wadaag 2,14,14,17
6952,,Bakaaro,H.Wadaag 2,9,7,9
6953,,Bakaaro,H.Wadaag 2,8,7,9
6954,,Bakaaro,H.Wadaag 2,14,13,19
6955,,Bakaaro,H.Wadaag 2,7,7,7
6956,,Bakaaro,H.Wadaag 2,2,1,2
6957,,Bakaaro,H.Wadaag 2,21,9,17
6958,,Bakaaro,H.Wadaag 2,12,11,17
6959,,Bakaaro,H.Wadaag 2,10,9,12
6960,,Bakaaro,H.Wadaag 2,11,11,14
6961,,Bakaaro,H.Wadaag 2,22,17,15
7343,,Bakaaro,H.Wadaag 2,17,18,17
7344,,Bakaaro,H.Wadaag 2,5,4,7
7345,,Bakaaro,H.Wadaag 2,20,18,14
7446,,Bakaaro,H.Wadaag 2,32,34,30
7449,,Bakaaro,H.Wadaag 2,3,3,1
7592,,Bakaaro,H.Wadaag 2,16,29,38
7593,,Bakaaro,H.Wadaag 2,5,4,9
7594,,Bakaaro,H.Wadaag 2,26,25,30
7595,,Bakaaro,H.Wadaag 2,39,39,38
7596,,Bakaaro,H.Wadaag 2,19,22,18
7597,,Bakaaro,H.Wadaag 2,4,4,3
7598,,Bakaaro,H.Wadaag 2,11,10,12
7599,,Bakaaro,H.Wadaag 2,28,28,22
7600,,Bakaaro,H.Wadaag 2,14,14,12
7601,,Bakaaro,H.Wadaag 2,12,11,13
7602,,Bakaaro,H.Wadaag 2,12,9,11
7603,,Bakaaro,H.Wadaag 2,5,5,3
7604,,Bakaaro,H.Wadaag 2,16,15,16
7605,,Bakaaro,H.Wadaag 2,17,17,18
7606,,Bakaaro,H.Wadaag 2,9,10,12
7607,,Bakaaro,H.Wadaag 2,13,15,21
7608,,Bakaaro,H.Wadaag 2,18,14,18
7609,,Bakaaro,H.Wadaag 2,9,7,9
7610,,Bakaaro,H.Wadaag 2,7,8,11
7611,,Bakaaro,H.Wadaag 2,7,19,33
7612,,Bakaaro,H.Wadaag 2,14,15,16
7613,,Bakaaro,H.Wadaag 2,21,18,18
7614,,Bakaaro,H.Wadaag 2,7,3,4
7913,,Bakaaro,H.Wadaag 2,18,19,14
7914,,Bakaaro,H.Wadaag 2,17,24,22
7915,,Bakaaro,H.Wadaag 2,21,19,16
8109,,Bakaaro,H.Wadaag 2,23,29,39
8110,,Bakaaro,H.Wadaag 2,12,15,11
8111,,Bakaaro,H.Wadaag 2,13,13,16
8112,,Bakaaro,H.Wadaag 2,4,4,2
8113,,Bakaaro,H.Wadaag 2,2,0,0
8114,,Bakaaro,H.Wadaag 2,27,25,27
8115,,Bakaaro,H.Wadaag 2,26,20,15
8116,,Bakaaro,H.Wadaag 2,16,20,18
8117,,Bakaaro,H.Wadaag 2,13,17,20
8118,,Bakaaro,H.Wadaag 2,30,24,25
8119,,Bakaaro,H.Wadaag 2,8,4,7
8120,,Bakaaro,H.Wadaag 2,18,17,18
8121,,Bakaaro,H.Wadaag 2,10,11,11
8122,,Bakaaro,H.Wadaag 2,12,10,11
8123,,Bakaaro,H.Wadaag 2,9,10,10
8124,,Bakaaro,H.Wadaag 2,12,9,8
8125,,Bakaaro,H.Wadaag 2,18,8,12
8126,,Bakaaro,H.Wadaag 2,12,9,12
8394,,Bakaaro,H.Wadaag 2,13,14,13
8395,,Bakaaro,H.Wadaag 2,20,18,21
8396,,Bakaaro,H.Wadaag 2,20,21,17
8397,,Bakaaro,H.Wadaag 2,31,26,28
8398,,Bakaaro,H.Wadaag 2,14,9,7
8399,,Bakaaro,H.Wadaag 2,11,15,15
8488,,Bakaaro,H.Wadaag 2,11,10,10
8489,,Bakaaro,H.Wadaag 2,11,14,15
8490,,Bakaaro,H.Wadaag 2,16,8,13
8570,,Bakaaro,H.Wadaag 2,17,17,20
8571,,Bakaaro,H.Wadaag 2,8,11,10
8616,,Bakaaro,H.Wadaag 2,14,12,20
8617,,Bakaaro,H.Wadaag 2,7,9,14
8618,,Bakaaro,H.Wadaag 2,22,26,15
8673,,Bakaaro,H.Wadaag 2,13,12,7
8674,,Bakaaro,H.Wadaag 2,11,11,15
8675,,Bakaaro,H.Wadaag 2,4,5,6
8724,,Bakaaro,H.Wadaag 2,10,7,6
8826,,Bakaaro,H.Wadaag 2,78,80,87
8827,,Bakaaro,H.Wadaag 2,3,2,3
8828,,Bakaaro,H.Wadaag 2,39,37,39
8829,,Bakaaro,H.Wadaag 2,0,0,0
8920,,Bakaaro,H.Wadaag 2,28,20,20
9031,,Bakaaro,H.Wadaag 2,10,9,9
9091,,Bakaaro,H.Wadaag 2,14,13,13
9174,,Bakaaro,H.Wadaag 2,15,7,7
9175,,Bakaaro,H.Wadaag 2,12,11,11
9176,,Bakaaro,H.Wadaag 2,22,21,24
9216,,Bakaaro,H.Wadaag 2,13,9,15
9217,,Bakaaro,H.Wadaag 2,18,24,19
9289,,Bakaaro,H.Wadaag 2,14,13,14
9290,,Bakaaro,H.Wadaag 2,8,6,6
9515,,Bakaaro,H.Wadaag 2,23,26,28
9516,,Bakaaro,H.Wadaag 2,0,0,3
9517,,Bakaaro,H.Wadaag 2,6,8,9
9539,,Bakaaro,H.Wadaag 2,1,2,3
9543,,Bakaaro,H.Wadaag 2,12,15,15
9547,,Bakaaro,H.Wadaag 2,36,22,17
9608,,Bakaaro,H.Wadaag 2,31,28,30
9650,,Bakaaro,H.Wadaag 2,7,5,5
9651,,Bakaaro,H.Wadaag 2,7,2,5
9652,,Bakaaro,H.Wadaag 2,3,4,3
9672,,Bakaaro,H.Wadaag 2,3,2,2
9684,,Bakaaro,H.Wadaag 2,3,3,3
9742,,Bakaaro,H.Wadaag 2,33,28,32
9781,,Bakaaro,H.Wadaag 2,300,260,249
9785,,Bakaaro,H.Wadaag 2,38,33,37
9877,,Bakaaro,H.Wadaag 2,7,7,8
9888,,Bakaaro,H.Wadaag 2,8,8.125,9
9953,,Bakaaro,H.Wadaag 2,8,7,8
10015,,Bakaaro,H.Wadaag 2,20,18,18
10066,,Bakaaro,H.Wadaag 2,344,1,2
10071,,Bakaaro,H.Wadaag 2,10,12,11
10095,,Bakaaro,H.Wadaag 2,0,0,0
10112,,Bakaaro,H.Wadaag 2,12,11,10
10221,,Bakaaro,H.Wadaag 2,20,23,44
10222,,Bakaaro,H.Wadaag 2,7,9,15
10223,,Bakaaro,H.Wadaag 2,10,10,15
10224,,Bakaaro,H.Wadaag 2,9,8,13
10225,,Bakaaro,H.Wadaag 2,30,12,8
10226,,Bakaaro,H.Wadaag 2,16,11,11
10227,,Bakaaro,H.Wadaag 2,6,6,6
10228,,Bakaaro,H.Wadaag 2,24,21,17
10962,,Bakaaro,H.Wadaag 2,0,17,14
10963,,Bakaaro,H.Wadaag 2,0,19,23
10964,,Bakaaro,H.Wadaag 2,0,46,21
10965,,Bakaaro,H.Wadaag 2,0,26,13
10966,,Bakaaro,H.Wadaag 2,0,2,2
10967,,Bakaaro,H.Wadaag 2,0,23,26
10968,,Bakaaro,H.Wadaag 2,0,5,3
10969,,Bakaaro,H.Wadaag 2,0,8,26
10970,,Bakaaro,H.Wadaag 2,0,6,9
10971,,Bakaaro,H.Wadaag 2,0,11,20
10972,,Bakaaro,H.Wadaag 2,0,40,36
10973,,Bakaaro,H.Wadaag 2,0,12,15
10974,,Bakaaro,H.Wadaag 2,0,13,14
10975,,Bakaaro,H.Wadaag 2,0,20,31
10976,,Bakaaro,H.Wadaag 2,0,6,7
10977,,Bakaaro,H.Wadaag 2,0,12,36
10978,,Bakaaro,H.Wadaag 2,0,5,22
3,,Bakaaro,H.Wadaag 1,13,18,24
61,,Bakaaro,H.Wadaag 1,24,25,25
185,,Bakaaro,H.Wadaag 1,4,3,6
264,,Bakaaro,H.Wadaag 1,7,7,9
265,,Bakaaro,H.Wadaag 1,20,23,28
266,,Bakaaro,H.Wadaag 1,101,72,69
267,,Bakaaro,H.Wadaag 1,2,9,22
2701,,Bakaaro,H.Wadaag 1,13,13,11
2702,,Bakaaro,H.Wadaag 1,24,15,15
2703,,Bakaaro,H.Wadaag 1,23,21,19
2704,,Bakaaro,H.Wadaag 1,13,14,45
2705,,Bakaaro,H.Wadaag 1,8,8,8
2706,,Bakaaro,H.Wadaag 1,13,11,14
2707,,Bakaaro,H.Wadaag 1,29,30,26
2708,,Bakaaro,H.Wadaag 1,3,1,2
2709,,Bakaaro,H.Wadaag 1,2,6,7
2710,,Bakaaro,H.Wadaag 1,2,2,2
2711,,Bakaaro,H.Wadaag 1,3,3,4
2712,,Bakaaro,H.Wadaag 1,10,10,10
2713,,Bakaaro,H.Wadaag 1,10,8,9
2714,,Bakaaro,H.Wadaag 1,8,9,7
2715,,Bakaaro,H.Wadaag 1,7,3,7
2716,,Bakaaro,H.Wadaag 1,5,7,4
2717,,Bakaaro,H.Wadaag 1,9,7,8
2718,,Bakaaro,H.Wadaag 1,6,7,4
2719,,Bakaaro,H.Wadaag 1,5,5,5
2720,,Bakaaro,H.Wadaag 1,21,20,14
2721,,Bakaaro,H.Wadaag 1,5,5,5
2722,,Bakaaro,H.Wadaag 1,15,14,16
2723,,Bakaaro,H.Wadaag 1,3,4,4
2724,,Bakaaro,H.Wadaag 1,11,12,13
2725,,Bakaaro,H.Wadaag 1,44,45,54
2726,,Bakaaro,H.Wadaag 1,14,10,15
2727,,Bakaaro,H.Wadaag 1,24,32,31
2728,,Bakaaro,H.Wadaag 1,19,18,13
2729,,Bakaaro,H.Wadaag 1,11,10,10
2730,,Bakaaro,H.Wadaag 1,10,11,14
2731,,Bakaaro,H.Wadaag 1,15,16,15
2732,,Bakaaro,H.Wadaag 1,17,23,28
2733,,Bakaaro,H.Wadaag 1,25,32,33
2734,,Bakaaro,H.Wadaag 1,14,9,25
2735,,Bakaaro,H.Wadaag 1,15,8,14
2736,,Bakaaro,H.Wadaag 1,4,4,4
2737,,Bakaaro,H.Wadaag 1,10,12,10
2738,,Bakaaro,H.Wadaag 1,10,10,16
2739,,Bakaaro,H.Wadaag 1,7,8,8
2740,,Bakaaro,H.Wadaag 1,8,8,10
2741,,Bakaaro,H.Wadaag 1,14,11,13
2742,,Bakaaro,H.Wadaag 1,101,100,114
2743,,Bakaaro,H.Wadaag 1,16,15,16
2744,,Bakaaro,H.Wadaag 1,16,24,27
2745,,Bakaaro,H.Wadaag 1,15,14,12
2746,,Bakaaro,H.Wadaag 1,8,10,10
2747,,Bakaaro,H.Wadaag 1,259,291,310
2748,,Bakaaro,H.Wadaag 1,43,40,49
2749,,Bakaaro,H.Wadaag 1,6,8,5
2750,,Bakaaro,H.Wadaag 1,38,38,42
2751,,Bakaaro,H.Wadaag 1,2,5,7
2752,,Bakaaro,H.Wadaag 1,9,6,8
2753,,Bakaaro,H.Wadaag 1,7,1,11
2754,,Bakaaro,H.Wadaag 1,22,23,22
2755,,Bakaaro,H.Wadaag 1,19,17,20
2756,,Bakaaro,H.Wadaag 1,12,14,15
2757,,Bakaaro,H.Wadaag 1,32,30,29
2758,,Bakaaro,H.Wadaag 1,20,18,16
2759,,Bakaaro,H.Wadaag 1,5,7,4
2760,,Bakaaro,H.Wadaag 1,12,10,13
2761,,Bakaaro,H.Wadaag 1,15,14,16
2762,,Bakaaro,H.Wadaag 1,9,8,11
2763,,Bakaaro,H.Wadaag 1,8,6,8
2764,,Bakaaro,H.Wadaag 1,6,9,12
2765,,Bakaaro,H.Wadaag 1,18,20,14
2766,,Bakaaro,H.Wadaag 1,19,15,12
2767,,Bakaaro,H.Wadaag 1,531,496,392
2768,,Bakaaro,H.Wadaag 1,5,4,4
2769,,Bakaaro,H.Wadaag 1,6,4,7
2770,,Bakaaro,H.Wadaag 1,0,0,0
2771,,Bakaaro,H.Wadaag 1,21,19,12
2772,,Bakaaro,H.Wadaag 1,3,19,7
2773,,Bakaaro,H.Wadaag 1,15,15,28
2774,,Bakaaro,H.Wadaag 1,32,18,28
2775,,Bakaaro,H.Wadaag 1,14,16,8
2776,,Bakaaro,H.Wadaag 1,14,17,19
2777,,Bakaaro,H.Wadaag 1,4,4,9
2778,,Bakaaro,H.Wadaag 1,16,16,16
2779,,Bakaaro,H.Wadaag 1,5,5,6
2780,,Bakaaro,H.Wadaag 1,17,15,11
2781,,Bakaaro,H.Wadaag 1,51,53,51
2782,,Bakaaro,H.Wadaag 1,42,43,23
2783,,Bakaaro,H.Wadaag 1,10,10,11
2784,,Bakaaro,H.Wadaag 1,16,16,22
2785,,Bakaaro,H.Wadaag 1,10,5,11
2786,,Bakaaro,H.Wadaag 1,17,13,14
2787,,Bakaaro,H.Wadaag 1,27,31,32
2788,,Bakaaro,H.Wadaag 1,15,16,17
2789,,Bakaaro,H.Wadaag 1,8,9,8
2790,,Bakaaro,H.Wadaag 1,13,17,12
2791,,Bakaaro,H.Wadaag 1,14,14,15
2792,,Bakaaro,H.Wadaag 1,7,7,8
2793,,Bakaaro,H.Wadaag 1,6,7,7
2794,,Bakaaro,H.Wadaag 1,5,4,5
2795,,Bakaaro,H.Wadaag 1,9,6,9
2796,,Bakaaro,H.Wadaag 1,9,14,14
2797,,Bakaaro,H.Wadaag 1,6,6,4
2798,,Bakaaro,H.Wadaag 1,11,15,15
2799,,Bakaaro,H.Wadaag 1,10,13,14
2800,,Bakaaro,H.Wadaag 1,14,13,18
2801,,Bakaaro,H.Wadaag 1,6,6,5
2802,,Bakaaro,H.Wadaag 1,17,20,23
2803,,Bakaaro,H.Wadaag 1,12,15,17
2804,,Bakaaro,H.Wadaag 1,10,9,9
2805,,Bakaaro,H.Wadaag 1,15,16,20
2806,,Bakaaro,H.Wadaag 1,10,11,10
2807,,Bakaaro,H.Wadaag 1,15,22,19
2808,,Bakaaro,H.Wadaag 1,17,17,12
2809,,Bakaaro,H.Wadaag 1,12,11,14
2810,,Bakaaro,H.Wadaag 1,8,10,11
2811,,Bakaaro,H.Wadaag 1,3,4,3
2812,,Bakaaro,H.Wadaag 1,12,14,14
2813,,Bakaaro,H.Wadaag 1,11,12,13
2814,,Bakaaro,H.Wadaag 1,11,13,10
2815,,Bakaaro,H.Wadaag 1,63,89,51
2816,,Bakaaro,H.Wadaag 1,5,4,3
2817,,Bakaaro,H.Wadaag 1,32,33,32
2818,,Bakaaro,H.Wadaag 1,2,2,2
2819,,Bakaaro,H.Wadaag 1,11,7,7
2820,,Bakaaro,H.Wadaag 1,55,18,16
2821,,Bakaaro,H.Wadaag 1,31,36,29
2822,,Bakaaro,H.Wadaag 1,21,19,22
2823,,Bakaaro,H.Wadaag 1,1,2,2
2824,,Bakaaro,H.Wadaag 1,39,27,33
2825,,Bakaaro,H.Wadaag 1,51,54,60
2826,,Bakaaro,H.Wadaag 1,31,22,26
2827,,Bakaaro,H.Wadaag 1,6,5,7
2828,,Bakaaro,H.Wadaag 1,21,22,20
2829,,Bakaaro,H.Wadaag 1,25,20,23
2830,,Bakaaro,H.Wadaag 1,30,31,29
2831,,Bakaaro,H.Wadaag 1,89,92,97
2832,,Bakaaro,H.Wadaag 1,32,28,28
2833,,Bakaaro,H.Wadaag 1,17,18,17
2834,,Bakaaro,H.Wadaag 1,21,14,13
2835,,Bakaaro,H.Wadaag 1,10,12,14
2836,,Bakaaro,H.Wadaag 1,13,6,8
2837,,Bakaaro,H.Wadaag 1,4,5,6
2838,,Bakaaro,H.Wadaag 1,20,13,16
2839,,Bakaaro,H.Wadaag 1,13,12,14
2840,,Bakaaro,H.Wadaag 1,3,5,4
2841,,Bakaaro,H.Wadaag 1,6,6,5
2842,,Bakaaro,H.Wadaag 1,5,5,4
2843,,Bakaaro,H.Wadaag 1,7,7,6
2844,,Bakaaro,H.Wadaag 1,4,2,3
2845,,Bakaaro,H.Wadaag 1,10,6,12
2846,,Bakaaro,H.Wadaag 1,20,19,21
2847,,Bakaaro,H.Wadaag 1,9,12,14
2848,,Bakaaro,H.Wadaag 1,20,19,21
2849,,Bakaaro,H.Wadaag 1,5,4,5
2850,,Bakaaro,H.Wadaag 1,7,8,9
2851,,Bakaaro,H.Wadaag 1,10,8,13
2852,,Bakaaro,H.Wadaag 1,15,16,5
2853,,Bakaaro,H.Wadaag 1,5,5,5
2854,,Bakaaro,H.Wadaag 1,9,10,11
2855,,Bakaaro,H.Wadaag 1,16,18,16
2856,,Bakaaro,H.Wadaag 1,23,21,22
2857,,Bakaaro,H.Wadaag 1,9,10,13
2858,,Bakaaro,H.Wadaag 1,20,21,18
2859,,Bakaaro,H.Wadaag 1,7,7,8
2860,,Bakaaro,H.Wadaag 1,10,10,10
2861,,Bakaaro,H.Wadaag 1,27,52,9
2862,,Bakaaro,H.Wadaag 1,15,18,19
2863,,Bakaaro,H.Wadaag 1,12,2,17
2864,,Bakaaro,H.Wadaag 1,28,11,29
2865,,Bakaaro,H.Wadaag 1,7,9,9
2866,,Bakaaro,H.Wadaag 1,11,11,13
2867,,Bakaaro,H.Wadaag 1,1,1,6
2868,,Bakaaro,H.Wadaag 1,11,3,20
2869,,Bakaaro,H.Wadaag 1,15,15,16
2870,,Bakaaro,H.Wadaag 1,15,21,16
2871,,Bakaaro,H.Wadaag 1,4,7,4
2872,,Bakaaro,H.Wadaag 1,5,5,6
2873,,Bakaaro,H.Wadaag 1,21,16,16
2874,,Bakaaro,H.Wadaag 1,18,15,22
2875,,Bakaaro,H.Wadaag 1,15,14,15
2876,,Bakaaro,H.Wadaag 1,11,5,7
2877,,Bakaaro,H.Wadaag 1,8,8,10
2878,,Bakaaro,H.Wadaag 1,14,12,13
2879,,Bakaaro,H.Wadaag 1,17,18,21
2880,,Bakaaro,H.Wadaag 1,25,22,26
2881,,Bakaaro,H.Wadaag 1,9,10,11
2882,,Bakaaro,H.Wadaag 1,20,18,20
2883,,Bakaaro,H.Wadaag 1,8,10,13
2884,,Bakaaro,H.Wadaag 1,9,8,10
2885,,Bakaaro,H.Wadaag 1,9,7,10
2886,,Bakaaro,H.Wadaag 1,6,7,6
2887,,Bakaaro,H.Wadaag 1,4,3,4
2888,,Bakaaro,H.Wadaag 1,23,19,20
2889,,Bakaaro,H.Wadaag 1,26,25,26
2890,,Bakaaro,H.Wadaag 1,15,25,25
2891,,Bakaaro,H.Wadaag 1,20,22,18
2892,,Bakaaro,H.Wadaag 1,11,11,10
2893,,Bakaaro,H.Wadaag 1,12,6,10
2894,,Bakaaro,H.Wadaag 1,3,5,5
2895,,Bakaaro,H.Wadaag 1,15,5,15
2896,,Bakaaro,H.Wadaag 1,11,15,14
2897,,Bakaaro,H.Wadaag 1,10,18,15
2898,,Bakaaro,H.Wadaag 1,11,10,11
2899,,Bakaaro,H.Wadaag 1,9,10,11
2900,,Bakaaro,H.Wadaag 1,11,13,12
2901,,Bakaaro,H.Wadaag 1,13,11,12
2902,,Bakaaro,H.Wadaag 1,5,8,6
2903,,Bakaaro,H.Wadaag 1,11,11,11
2904,,Bakaaro,H.Wadaag 1,45,88,111
2905,,Bakaaro,H.Wadaag 1,7,9,8
2906,,Bakaaro,H.Wadaag 1,6,8,9
2907,,Bakaaro,H.Wadaag 1,9,6,4
2908,,Bakaaro,H.Wadaag 1,74,86,90
2909,,Bakaaro,H.Wadaag 1,164,149,161
2910,,Bakaaro,H.Wadaag 1,13,14,12
2911,,Bakaaro,H.Wadaag 1,4,4,3
2912,,Bakaaro,H.Wadaag 1,9,11,14
2913,,Bakaaro,H.Wadaag 1,6,8,8
2914,,Bakaaro,H.Wadaag 1,18,23,25
2915,,Bakaaro,H.Wadaag 1,16,12,17
2916,,Bakaaro,H.Wadaag 1,13,11,10
2917,,Bakaaro,H.Wadaag 1,23,20,14
2918,,Bakaaro,H.Wadaag 1,8,4,10
2919,,Bakaaro,H.Wadaag 1,3,3,3
2920,,Bakaaro,H.Wadaag 1,4,6,6
2921,,Bakaaro,H.Wadaag 1,14,9,22
2922,,Bakaaro,H.Wadaag 1,5,5,4
2923,,Bakaaro,H.Wadaag 1,1,1,1
2924,,Bakaaro,H.Wadaag 1,3,3,5
2925,,Bakaaro,H.Wadaag 1,11,12,11
2926,,Bakaaro,H.Wadaag 1,11,6,7
2927,,Bakaaro,H.Wadaag 1,3,4,2
2928,,Bakaaro,H.Wadaag 1,9,7,8
2929,,Bakaaro,H.Wadaag 1,45,57,97
2930,,Bakaaro,H.Wadaag 1,3,3,3
2931,,Bakaaro,H.Wadaag 1,14,15,18
2932,,Bakaaro,H.Wadaag 1,19,2,1
2933,,Bakaaro,H.Wadaag 1,12,13,12
2934,,Bakaaro,H.Wadaag 1,1,4,2
2935,,Bakaaro,H.Wadaag 1,8,6,10
2936,,Bakaaro,H.Wadaag 1,19,18,20
2937,,Bakaaro,H.Wadaag 1,6,3,5
2938,,Bakaaro,H.Wadaag 1,10,9,11
2939,,Bakaaro,H.Wadaag 1,4,2,2
2940,,Bakaaro,H.Wadaag 1,5,4,4
2941,,Bakaaro,H.Wadaag 1,4,6,6
2942,,Bakaaro,H.Wadaag 1,22,18,21
2943,,Bakaaro,H.Wadaag 1,8,7,7
2944,,Bakaaro,H.Wadaag 1,23,12,14
2945,,Bakaaro,H.Wadaag 1,15,16,15
2946,,Bakaaro,H.Wadaag 1,14,16,4
2947,,Bakaaro,H.Wadaag 1,10,7,6
2948,,Bakaaro,H.Wadaag 1,14,13,13
2949,,Bakaaro,H.Wadaag 1,14,17,14
2950,,Bakaaro,H.Wadaag 1,2,7,7
2951,,Bakaaro,H.Wadaag 1,6,5,6
2952,,Bakaaro,H.Wadaag 1,16,17,17
5077,,Bakaaro,H.Wadaag 1,44,50,46
5260,,Bakaaro,H.Wadaag 1,13,12,13
5261,,Bakaaro,H.Wadaag 1,19,22,22
5262,,Bakaaro,H.Wadaag 1,12,13,16
5263,,Bakaaro,H.Wadaag 1,11,9,11
5264,,Bakaaro,H.Wadaag 1,14,15,17
5265,,Bakaaro,H.Wadaag 1,48,44,48
5266,,Bakaaro,H.Wadaag 1,14,12,14
5267,,Bakaaro,H.Wadaag 1,8,12,10
5268,,Bakaaro,H.Wadaag 1,8,9,12
5862,,Bakaaro,H.Wadaag 1,26,26,23
5863,,Bakaaro,H.Wadaag 1,17,16,17
5864,,Bakaaro,H.Wadaag 1,15,17,16
5865,,Bakaaro,H.Wadaag 1,14,18,18
5866,,Bakaaro,H.Wadaag 1,17,16,16
5867,,Bakaaro,H.Wadaag 1,7,7,7
5868,,Bakaaro,H.Wadaag 1,28,26,25
5869,,Bakaaro,H.Wadaag 1,16,17,16
5870,,Bakaaro,H.Wadaag 1,20,23,18
5871,,Bakaaro,H.Wadaag 1,10,12,13
5872,,Bakaaro,H.Wadaag 1,9,8,13
5873,,Bakaaro,H.Wadaag 1,5,7,7
5874,,Bakaaro,H.Wadaag 1,25,32,29
5875,,Bakaaro,H.Wadaag 1,18,18,18
5876,,Bakaaro,H.Wadaag 1,7,10,11
5877,,Bakaaro,H.Wadaag 1,13,15,18
5878,,Bakaaro,H.Wadaag 1,12,12,14
5879,,Bakaaro,H.Wadaag 1,14,14,16
5880,,Bakaaro,H.Wadaag 1,9,9,8
5881,,Bakaaro,H.Wadaag 1,15,15,14
5882,,Bakaaro,H.Wadaag 1,17,18,17
5883,,Bakaaro,H.Wadaag 1,26,25,29
5884,,Bakaaro,H.Wadaag 1,13,10,14
5885,,Bakaaro,H.Wadaag 1,10,9,3
5886,,Bakaaro,H.Wadaag 1,7,7,5
5887,,Bakaaro,H.Wadaag 1,13,11,11
5888,,Bakaaro,H.Wadaag 1,2,1,11
5889,,Bakaaro,H.Wadaag 1,11,11,14
5890,,Bakaaro,H.Wadaag 1,22,19,21
5891,,Bakaaro,H.Wadaag 1,11,10,14
5892,,Bakaaro,H.Wadaag 1,15,14,14
5893,,Bakaaro,H.Wadaag 1,22,26,27
5894,,Bakaaro,H.Wadaag 1,8,8,9
5895,,Bakaaro,H.Wadaag 1,15,17,22
5896,,Bakaaro,H.Wadaag 1,23,28,26
5897,,Bakaaro,H.Wadaag 1,15,15,13
5898,,Bakaaro,H.Wadaag 1,18,21,22
5899,,Bakaaro,H.Wadaag 1,17,14,17
5900,,Bakaaro,H.Wadaag 1,12,11,11
5901,,Bakaaro,H.Wadaag 1,38,39,41
5902,,Bakaaro,H.Wadaag 1,9,20,17
5903,,Bakaaro,H.Wadaag 1,13,14,20
5904,,Bakaaro,H.Wadaag 1,18,17,21
5905,,Bakaaro,H.Wadaag 1,11,10,10
5906,,Bakaaro,H.Wadaag 1,17,16,23
5907,,Bakaaro,H.Wadaag 1,16,27,21
5908,,Bakaaro,H.Wadaag 1,12,6,8
5909,,Bakaaro,H.Wadaag 1,18,15,21
5910,,Bakaaro,H.Wadaag 1,27,27,26
5911,,Bakaaro,H.Wadaag 1,17,19,17
5912,,Bakaaro,H.Wadaag 1,8,7,9
5913,,Bakaaro,H.Wadaag 1,1,1,1
5914,,Bakaaro,H.Wadaag 1,15,22,16
5915,,Bakaaro,H.Wadaag 1,0,0,0
5916,,Bakaaro,H.Wadaag 1,1,1,2
5917,,Bakaaro,H.Wadaag 1,10,11,13
5918,,Bakaaro,H.Wadaag 1,15,16,18
6388,,Bakaaro,H.Wadaag 1,146,156,159
6513,,Bakaaro,H.Wadaag 1,8,7,8
6514,,Bakaaro,H.Wadaag 1,7,6,4
6515,,Bakaaro,H.Wadaag 1,35,30,30
6516,,Bakaaro,H.Wadaag 1,15,14,14
6517,,Bakaaro,H.Wadaag 1,15,17,13
6518,,Bakaaro,H.Wadaag 1,16,16,18
6519,,Bakaaro,H.Wadaag 1,9,9,11
6520,,Bakaaro,H.Wadaag 1,17,17,22
6521,,Bakaaro,H.Wadaag 1,30,29,31
6522,,Bakaaro,H.Wadaag 1,15,13,15
6523,,Bakaaro,H.Wadaag 1,13,10,12
6524,,Bakaaro,H.Wadaag 1,10,8,10
6525,,Bakaaro,H.Wadaag 1,9,6,9
6962,,Bakaaro,H.Wadaag 1,13,16,13
6963,,Bakaaro,H.Wadaag 1,7,7,11
6964,,Bakaaro,H.Wadaag 1,20,19,20
6965,,Bakaaro,H.Wadaag 1,15,15,25
6966,,Bakaaro,H.Wadaag 1,0,0,0
6967,,Bakaaro,H.Wadaag 1,27,24,24
6968,,Bakaaro,H.Wadaag 1,18,20,25
6969,,Bakaaro,H.Wadaag 1,24,24,26
6970,,Bakaaro,H.Wadaag 1,8,9,8
6971,,Bakaaro,H.Wadaag 1,3,3,2
6972,,Bakaaro,H.Wadaag 1,12,23,19
6973,,Bakaaro,H.Wadaag 1,67,54,56
6974,,Bakaaro,H.Wadaag 1,43,24,23
6975,,Bakaaro,H.Wadaag 1,23,18,16
6976,,Bakaaro,H.Wadaag 1,13,13,6
6977,,Bakaaro,H.Wadaag 1,19,21,24
6978,,Bakaaro,H.Wadaag 1,5,5,4
6979,,Bakaaro,H.Wadaag 1,7,7,11
6980,,Bakaaro,H.Wadaag 1,9,11,6
6981,,Bakaaro,H.Wadaag 1,27,25,24
6982,,Bakaaro,H.Wadaag 1,12,14,16
6983,,Bakaaro,H.Wadaag 1,22,13,14
6984,,Bakaaro,H.Wadaag 1,25,41,36
6985,,Bakaaro,H.Wadaag 1,7,6,8
6986,,Bakaaro,H.Wadaag 1,15,11,14
6987,,Bakaaro,H.Wadaag 1,17,18,19
6988,,Bakaaro,H.Wadaag 1,49,48,44
6989,,Bakaaro,H.Wadaag 1,34,33,21
6990,,Bakaaro,H.Wadaag 1,11,9,8
6991,,Bakaaro,H.Wadaag 1,9,8,9
6992,,Bakaaro,H.Wadaag 1,16,14,17
6993,,Bakaaro,H.Wadaag 1,13,12,11
6994,,Bakaaro,H.Wadaag 1,25,26,23
6995,,Bakaaro,H.Wadaag 1,10,10,12
6996,,Bakaaro,H.Wadaag 1,41,33,6
6997,,Bakaaro,H.Wadaag 1,25,28,30
6998,,Bakaaro,H.Wadaag 1,12,11,13
6999,,Bakaaro,H.Wadaag 1,107,115,133
7000,,Bakaaro,H.Wadaag 1,32,30,29
7001,,Bakaaro,H.Wadaag 1,14,13,20
7002,,Bakaaro,H.Wadaag 1,7,7,6
7003,,Bakaaro,H.Wadaag 1,6,6,8
7004,,Bakaaro,H.Wadaag 1,18,19,20
7005,,Bakaaro,H.Wadaag 1,9,7,8
7006,,Bakaaro,H.Wadaag 1,10,10,10
7007,,Bakaaro,H.Wadaag 1,12,11,11
7008,,Bakaaro,H.Wadaag 1,21,20,22
7009,,Bakaaro,H.Wadaag 1,13,20,22
7010,,Bakaaro,H.Wadaag 1,8,16,19
7011,,Bakaaro,H.Wadaag 1,37,27,45
7346,,Bakaaro,H.Wadaag 1,11,13,8
7347,,Bakaaro,H.Wadaag 1,15,13,11
7348,,Bakaaro,H.Wadaag 1,7,8,11
7349,,Bakaaro,H.Wadaag 1,17,18,17
7350,,Bakaaro,H.Wadaag 1,10,10,14
7351,,Bakaaro,H.Wadaag 1,3,2,1
7352,,Bakaaro,H.Wadaag 1,6,6,7
7615,,Bakaaro,H.Wadaag 1,20,20,19
7616,,Bakaaro,H.Wadaag 1,16,9,12
7617,,Bakaaro,H.Wadaag 1,6,6,12
7618,,Bakaaro,H.Wadaag 1,13,19,18
7619,,Bakaaro,H.Wadaag 1,14,3,16
7620,,Bakaaro,H.Wadaag 1,7,8,10
7621,,Bakaaro,H.Wadaag 1,20,19,12
7622,,Bakaaro,H.Wadaag 1,18,18,17
7623,,Bakaaro,H.Wadaag 1,9,10,10
7624,,Bakaaro,H.Wadaag 1,19,23,21
7625,,Bakaaro,H.Wadaag 1,9,6,6
7626,,Bakaaro,H.Wadaag 1,14,18,19
7627,,Bakaaro,H.Wadaag 1,5,10,9
7628,,Bakaaro,H.Wadaag 1,12,11,16
7629,,Bakaaro,H.Wadaag 1,5,5,3
7630,,Bakaaro,H.Wadaag 1,7,8,9
7631,,Bakaaro,H.Wadaag 1,30,31,36
7632,,Bakaaro,H.Wadaag 1,11,10,10
7633,,Bakaaro,H.Wadaag 1,11,13,24
7634,,Bakaaro,H.Wadaag 1,30,33,34
7635,,Bakaaro,H.Wadaag 1,20,22,22
7636,,Bakaaro,H.Wadaag 1,22,20,28
7637,,Bakaaro,H.Wadaag 1,20,14,6
7638,,Bakaaro,H.Wadaag 1,14,14,14
7639,,Bakaaro,H.Wadaag 1,23,24,21
7640,,Bakaaro,H.Wadaag 1,9,11,15
7641,,Bakaaro,H.Wadaag 1,15,14,14
7642,,Bakaaro,H.Wadaag 1,28,26,28
7643,,Bakaaro,H.Wadaag 1,8,7,8
7644,,Bakaaro,H.Wadaag 1,29,17,19
7645,,Bakaaro,H.Wadaag 1,26,21,24
7916,,Bakaaro,H.Wadaag 1,10,11,13
7917,,Bakaaro,H.Wadaag 1,1282,1298,1677
7918,,Bakaaro,H.Wadaag 1,20,20,21
7919,,Bakaaro,H.Wadaag 1,10,10,13
8127,,Bakaaro,H.Wadaag 1,8,8,9
8128,,Bakaaro,H.Wadaag 1,20,21,24
8129,,Bakaaro,H.Wadaag 1,4,3,4
8130,,Bakaaro,H.Wadaag 1,28,20,20
8131,,Bakaaro,H.Wadaag 1,43,19,29
8132,,Bakaaro,H.Wadaag 1,25,29,24
8133,,Bakaaro,H.Wadaag 1,54,47,46
8134,,Bakaaro,H.Wadaag 1,17,18,23
8135,,Bakaaro,H.Wadaag 1,17,16,18
8136,,Bakaaro,H.Wadaag 1,19,16,19
8137,,Bakaaro,H.Wadaag 1,4,6,6
8138,,Bakaaro,H.Wadaag 1,10,10,15
8139,,Bakaaro,H.Wadaag 1,14,13,16
8140,,Bakaaro,H.Wadaag 1,18,19,18
8141,,Bakaaro,H.Wadaag 1,10,5,6
8400,,Bakaaro,H.Wadaag 1,8,7,5
8491,,Bakaaro,H.Wadaag 1,14,20,24
8492,,Bakaaro,H.Wadaag 1,10,6,7
8493,,Bakaaro,H.Wadaag 1,16,17,20
8494,,Bakaaro,H.Wadaag 1,8,17,17
8495,,Bakaaro,H.Wadaag 1,38,39,38
8496,,Bakaaro,H.Wadaag 1,21,21,23
8572,,Bakaaro,H.Wadaag 1,12,13,16
8619,,Bakaaro,H.Wadaag 1,13,15,15
8620,,Bakaaro,H.Wadaag 1,6,6,7
8621,,Bakaaro,H.Wadaag 1,19,17,20
8622,,Bakaaro,H.Wadaag 1,12,13,9
8623,,Bakaaro,H.Wadaag 1,21,19,17
8676,,Bakaaro,H.Wadaag 1,7,7,7
8725,,Bakaaro,H.Wadaag 1,10,12,12
8726,,Bakaaro,H.Wadaag 1,14,13,12
8727,,Bakaaro,H.Wadaag 1,49,85,99
8728,,Bakaaro,H.Wadaag 1,16,14,17
8830,,Bakaaro,H.Wadaag 1,5,2,1
8831,,Bakaaro,H.Wadaag 1,2,4,3
8832,,Bakaaro,H.Wadaag 1,13,13,18
8951,,Bakaaro,H.Wadaag 1,29,32,24
8952,,Bakaaro,H.Wadaag 1,8,10,10
8953,,Bakaaro,H.Wadaag 1,13,12,13
8954,,Bakaaro,H.Wadaag 1,8,15,17
8955,,Bakaaro,H.Wadaag 1,5,6,5
8956,,Bakaaro,H.Wadaag 1,5,8,10
8957,,Bakaaro,H.Wadaag 1,15,14,16
8958,,Bakaaro,H.Wadaag 1,20,14,15
9000,,Bakaaro,H.Wadaag 1,13,10,10
9001,,Bakaaro,H.Wadaag 1,30,18,24
9002,,Bakaaro,H.Wadaag 1,12,7,9
9032,,Bakaaro,H.Wadaag 1,16,15,16
9092,,Bakaaro,H.Wadaag 1,14,17,19
9093,,Bakaaro,H.Wadaag 1,14,26,20
9136,,Bakaaro,H.Wadaag 1,16,13,12
9177,,Bakaaro,H.Wadaag 1,62,64,76
9197,,Bakaaro,H.Wadaag 1,13,15,17
9218,,Bakaaro,H.Wadaag 1,16,17,20
9235,,Bakaaro,H.Wadaag 1,27,25,30
9236,,Bakaaro,H.Wadaag 1,15,13,17
9251,,Bakaaro,H.Wadaag 1,17,15,15
9291,,Bakaaro,H.Wadaag 1,2,2,3
9292,,Bakaaro,H.Wadaag 1,65,35,50
9293,,Bakaaro,H.Wadaag 1,2,2,1
9329,,Bakaaro,H.Wadaag 1,15,11,15
9330,,Bakaaro,H.Wadaag 1,15,15,14
9369,,Bakaaro,H.Wadaag 1,16,15,12
9380,,Bakaaro,H.Wadaag 1,26,16,13
9398,,Bakaaro,H.Wadaag 1,7,4,9
9411,,Bakaaro,H.Wadaag 1,26,32,28
9437,,Bakaaro,H.Wadaag 1,13,14,13
9464,,Bakaaro,H.Wadaag 1,16,17,17
9490,,Bakaaro,H.Wadaag 1,6,6,5
9491,,Bakaaro,H.Wadaag 1,35,34,27
9518,,Bakaaro,H.Wadaag 1,36,37,43
9540,,Bakaaro,H.Wadaag 1,7,6,6
9559,,Bakaaro,H.Wadaag 1,30,26,27
9599,,Bakaaro,H.Wadaag 1,7,6,7
9673,,Bakaaro,H.Wadaag 1,33,41,44
9685,,Bakaaro,H.Wadaag 1,34,38,35
9694,,Bakaaro,H.Wadaag 1,20,19,24
9728,,Bakaaro,H.Wadaag 1,13,11,11
9772,,Bakaaro,H.Wadaag 1,23,23,29
9773,,Bakaaro,H.Wadaag 1,21,17,27
9819,,Bakaaro,H.Wadaag 1,69,59,59
9884,,Bakaaro,H.Wadaag 1,18,20,21
9889,,Bakaaro,H.Wadaag 1,6,5,7
9900,,Bakaaro,H.Wadaag 1,8,7,8
9901,,Bakaaro,H.Wadaag 1,6,3,1
9917,,Bakaaro,H.Wadaag 1,9,8,9
9933,,Bakaaro,H.Wadaag 1,10,7,9
9970,,Bakaaro,H.Wadaag 1,1,0,0
9991,,Bakaaro,H.Wadaag 1,11,10,13
9996,,Bakaaro,H.Wadaag 1,1,14,19
10002,,Bakaaro,H.Wadaag 1,14,15,17
10003,,Bakaaro,H.Wadaag 1,23,1,17
10007,,Bakaaro,H.Wadaag 1,2029,3920,4436
10010,,Bakaaro,H.Wadaag 1,12,11,13
10044,,Bakaaro,H.Wadaag 1,50,46,57
10078,,Bakaaro,H.Wadaag 1,17,6,1
10100,,Bakaaro,H.Wadaag 1,14,14,15
10104,,Bakaaro,H.Wadaag 1,10,10,13
10127,,Bakaaro,H.Wadaag 1,19,15,16
10943,,Bakaaro,H.Wadaag 1,0,2,2
10944,,Bakaaro,H.Wadaag 1,0,11,19
18,,Bakaaro,W.Nabada 1,13,4,1
49,,Bakaaro,W.Nabada 1,4,2,2
62,,Bakaaro,W.Nabada 1,8,6,9
147,,Bakaaro,W.Nabada 1,4,4,1
188,,Bakaaro,W.Nabada 1,3,4,5
189,,Bakaaro,W.Nabada 1,3,17,16
190,,Bakaaro,W.Nabada 1,1,1,1
191,,Bakaaro,W.Nabada 1,1,1,1
279,,Bakaaro,W.Nabada 1,9,9,7
280,,Bakaaro,W.Nabada 1,11,11,12
281,,Bakaaro,W.Nabada 1,7,7,4
282,,Bakaaro,W.Nabada 1,18,16,14
438,,Bakaaro,W.Nabada 1,3,5,4
439,,Bakaaro,W.Nabada 1,10,10,10
440,,Bakaaro,W.Nabada 1,1,1,1
441,,Bakaaro,W.Nabada 1,16,14,11
442,,Bakaaro,W.Nabada 1,4,8,7
443,,Bakaaro,W.Nabada 1,5,4,5
444,,Bakaaro,W.Nabada 1,8,0,0
3285,,Bakaaro,W.Nabada 1,24,19,17
3286,,Bakaaro,W.Nabada 1,1,0,1
3287,,Bakaaro,W.Nabada 1,12,10,13
3288,,Bakaaro,W.Nabada 1,5,5,1
3289,,Bakaaro,W.Nabada 1,5,8,16
3290,,Bakaaro,W.Nabada 1,4,4,5
3291,,Bakaaro,W.Nabada 1,10,11,10
3292,,Bakaaro,W.Nabada 1,24,17,21
3293,,Bakaaro,W.Nabada 1,1,8,10
3294,,Bakaaro,W.Nabada 1,25,18,20
3295,,Bakaaro,W.Nabada 1,9,5,1
3296,,Bakaaro,W.Nabada 1,19,2,24
3297,,Bakaaro,W.Nabada 1,10,8,9
3298,,Bakaaro,W.Nabada 1,28,16,15
3299,,Bakaaro,W.Nabada 1,9,8,10
3300,,Bakaaro,W.Nabada 1,16,13,14
3301,,Bakaaro,W.Nabada 1,3,6,5
3302,,Bakaaro,W.Nabada 1,28,20,15
3303,,Bakaaro,W.Nabada 1,13,8,14
3304,,Bakaaro,W.Nabada 1,10,11,12
3305,,Bakaaro,W.Nabada 1,3,4,5
3306,,Bakaaro,W.Nabada 1,14,15,18
3307,,Bakaaro,W.Nabada 1,11,3,7
3308,,Bakaaro,W.Nabada 1,9,9,11
3309,,Bakaaro,W.Nabada 1,8,3,3
3310,,Bakaaro,W.Nabada 1,10,10,6
3311,,Bakaaro,W.Nabada 1,10,14,18
3312,,Bakaaro,W.Nabada 1,4,3,2
3313,,Bakaaro,W.Nabada 1,13,4,11
3314,,Bakaaro,W.Nabada 1,31,27,27
3315,,Bakaaro,W.Nabada 1,14,32,84
3316,,Bakaaro,W.Nabada 1,4,4,4
3317,,Bakaaro,W.Nabada 1,1,1,1
3318,,Bakaaro,W.Nabada 1,3,3,3
3319,,Bakaaro,W.Nabada 1,10,14,11
3320,,Bakaaro,W.Nabada 1,10,24,19
3321,,Bakaaro,W.Nabada 1,10,10,10
3322,,Bakaaro,W.Nabada 1,10,13,14
3323,,Bakaaro,W.Nabada 1,7,8,3
3324,,Bakaaro,W.Nabada 1,8,6,7
3325,,Bakaaro,W.Nabada 1,6,11,12
3326,,Bakaaro,W.Nabada 1,6,6,5
3327,,Bakaaro,W.Nabada 1,20,21,20
3328,,Bakaaro,W.Nabada 1,28,30,30
3329,,Bakaaro,W.Nabada 1,4,4,3
3330,,Bakaaro,W.Nabada 1,3,7,6
3331,,Bakaaro,W.Nabada 1,18,16,20
3332,,Bakaaro,W.Nabada 1,7,7,4
3333,,Bakaaro,W.Nabada 1,12,10,12
3334,,Bakaaro,W.Nabada 1,33,11,20
3335,,Bakaaro,W.Nabada 1,2,2,2
3336,,Bakaaro,W.Nabada 1,10,12,15
3337,,Bakaaro,W.Nabada 1,5,3,3
3338,,Bakaaro,W.Nabada 1,17,23,22
3339,,Bakaaro,W.Nabada 1,14,13,16
3340,,Bakaaro,W.Nabada 1,5,1,1
3341,,Bakaaro,W.Nabada 1,20,11,18
3342,,Bakaaro,W.Nabada 1,2,2,4
3343,,Bakaaro,W.Nabada 1,13,9,14
3344,,Bakaaro,W.Nabada 1,9,16,14
3345,,Bakaaro,W.Nabada 1,21,23,24
3346,,Bakaaro,W.Nabada 1,6,5,6
3347,,Bakaaro,W.Nabada 1,2,5,27
3348,,Bakaaro,W.Nabada 1,0,0,1
3349,,Bakaaro,W.Nabada 1,9,11,11
3350,,Bakaaro,W.Nabada 1,3,2,1
3351,,Bakaaro,W.Nabada 1,12,9,11
3352,,Bakaaro,W.Nabada 1,19,16,16
3353,,Bakaaro,W.Nabada 1,6,7,9
3354,,Bakaaro,W.Nabada 1,17,17,20
3355,,Bakaaro,W.Nabada 1,15,14,18
3356,,Bakaaro,W.Nabada 1,11,12,10
3357,,Bakaaro,W.Nabada 1,12,7,19
3358,,Bakaaro,W.Nabada 1,7,4,5
3359,,Bakaaro,W.Nabada 1,3,3,2
3360,,Bakaaro,W.Nabada 1,41,45,45
3361,,Bakaaro,W.Nabada 1,23,20,21
3362,,Bakaaro,W.Nabada 1,15,17,24
3363,,Bakaaro,W.Nabada 1,1,1,1
3364,,Bakaaro,W.Nabada 1,5,6,6
3365,,Bakaaro,W.Nabada 1,26,22,26
3366,,Bakaaro,W.Nabada 1,4,2,2
3367,,Bakaaro,W.Nabada 1,23,19,20
3368,,Bakaaro,W.Nabada 1,24,19,22
3369,,Bakaaro,W.Nabada 1,18,16,17
3370,,Bakaaro,W.Nabada 1,2,0,4
3371,,Bakaaro,W.Nabada 1,9,7,9
3372,,Bakaaro,W.Nabada 1,18,16,18
3373,,Bakaaro,W.Nabada 1,27,30,27
3374,,Bakaaro,W.Nabada 1,32,24,30
3375,,Bakaaro,W.Nabada 1,4,4,4
3376,,Bakaaro,W.Nabada 1,1,1,2
3377,,Bakaaro,W.Nabada 1,9,20,12
3378,,Bakaaro,W.Nabada 1,13,11,14
3379,,Bakaaro,W.Nabada 1,1,1,1
3380,,Bakaaro,W.Nabada 1,12,12,6
3381,,Bakaaro,W.Nabada 1,2,2,2
3382,,Bakaaro,W.Nabada 1,0,0,0
3383,,Bakaaro,W.Nabada 1,18,16,18
3384,,Bakaaro,W.Nabada 1,1,1,1
3385,,Bakaaro,W.Nabada 1,4,4,4
3386,,Bakaaro,W.Nabada 1,8,8,15
3387,,Bakaaro,W.Nabada 1,13,7,12
3388,,Bakaaro,W.Nabada 1,2,1,2
3389,,Bakaaro,W.Nabada 1,7,10,8
3390,,Bakaaro,W.Nabada 1,18,13,18
3391,,Bakaaro,W.Nabada 1,7,8,13
3392,,Bakaaro,W.Nabada 1,13,6,6
3393,,Bakaaro,W.Nabada 1,8,9,6
3394,,Bakaaro,W.Nabada 1,13,12,15
3395,,Bakaaro,W.Nabada 1,12,10,10
3396,,Bakaaro,W.Nabada 1,18,20,14
3397,,Bakaaro,W.Nabada 1,14,13,13
3398,,Bakaaro,W.Nabada 1,1,0,0
3399,,Bakaaro,W.Nabada 1,23,17,15
3400,,Bakaaro,W.Nabada 1,2,2,2
3401,,Bakaaro,W.Nabada 1,33,25,32
3402,,Bakaaro,W.Nabada 1,8,8,10
3403,,Bakaaro,W.Nabada 1,8,8,9
3404,,Bakaaro,W.Nabada 1,16,14,16
3405,,Bakaaro,W.Nabada 1,11,9,10
3406,,Bakaaro,W.Nabada 1,11,9,10
3407,,Bakaaro,W.Nabada 1,8,7,10
3408,,Bakaaro,W.Nabada 1,5,7,5
3409,,Bakaaro,W.Nabada 1,3,4,3
3410,,Bakaaro,W.Nabada 1,11,11,11
3411,,Bakaaro,W.Nabada 1,12,14,14
3412,,Bakaaro,W.Nabada 1,21,19,27
3413,,Bakaaro,W.Nabada 1,17,18,10
3414,,Bakaaro,W.Nabada 1,33,9,22
3415,,Bakaaro,W.Nabada 1,11,6,10
3416,,Bakaaro,W.Nabada 1,3,2,6
3417,,Bakaaro,W.Nabada 1,13,10,11
3418,,Bakaaro,W.Nabada 1,14,14,15
3419,,Bakaaro,W.Nabada 1,6,6,11
3420,,Bakaaro,W.Nabada 1,25,22,25
3421,,Bakaaro,W.Nabada 1,12,12,14
3422,,Bakaaro,W.Nabada 1,7,10,18
3423,,Bakaaro,W.Nabada 1,20,20,21
3424,,Bakaaro,W.Nabada 1,7,6,5
3425,,Bakaaro,W.Nabada 1,4,0,9
3426,,Bakaaro,W.Nabada 1,13,13,15
3427,,Bakaaro,W.Nabada 1,5,5,3
3428,,Bakaaro,W.Nabada 1,2,3,2
3429,,Bakaaro,W.Nabada 1,4,3,3
3430,,Bakaaro,W.Nabada 1,12,12,16
3431,,Bakaaro,W.Nabada 1,51,48,49
3432,,Bakaaro,W.Nabada 1,3,1,5
3433,,Bakaaro,W.Nabada 1,7,4,6
3434,,Bakaaro,W.Nabada 1,7,8,9
3435,,Bakaaro,W.Nabada 1,0,0,0
3436,,Bakaaro,W.Nabada 1,7,6,8
3437,,Bakaaro,W.Nabada 1,19,17,22
3438,,Bakaaro,W.Nabada 1,11,11,13
3439,,Bakaaro,W.Nabada 1,24,24,24
3440,,Bakaaro,W.Nabada 1,6,4,6
3441,,Bakaaro,W.Nabada 1,6,5,6
3442,,Bakaaro,W.Nabada 1,9,8,10
3443,,Bakaaro,W.Nabada 1,14,14,19
3444,,Bakaaro,W.Nabada 1,18,20,25
3445,,Bakaaro,W.Nabada 1,7,9,7
3446,,Bakaaro,W.Nabada 1,4,4,3
3447,,Bakaaro,W.Nabada 1,9,8,8
3448,,Bakaaro,W.Nabada 1,14,5,5
3449,,Bakaaro,W.Nabada 1,19,13,14
3450,,Bakaaro,W.Nabada 1,16,5,16
3451,,Bakaaro,W.Nabada 1,1,1,7
3452,,Bakaaro,W.Nabada 1,19,17,18
3453,,Bakaaro,W.Nabada 1,22,29,31
3454,,Bakaaro,W.Nabada 1,9,12,20
3455,,Bakaaro,W.Nabada 1,8,7,9
3456,,Bakaaro,W.Nabada 1,5,4,5
3457,,Bakaaro,W.Nabada 1,6,8,18
3458,,Bakaaro,W.Nabada 1,20,19,21
3459,,Bakaaro,W.Nabada 1,7,4,1
3460,,Bakaaro,W.Nabada 1,4,5,5
3461,,Bakaaro,W.Nabada 1,10,9,12
3462,,Bakaaro,W.Nabada 1,8,6,10
3463,,Bakaaro,W.Nabada 1,30,39,48
3464,,Bakaaro,W.Nabada 1,6,5,8
3465,,Bakaaro,W.Nabada 1,20,20,1
3466,,Bakaaro,W.Nabada 1,24,19,19
3467,,Bakaaro,W.Nabada 1,2,1,1
3468,,Bakaaro,W.Nabada 1,5,3,13
3469,,Bakaaro,W.Nabada 1,5,5,5
3470,,Bakaaro,W.Nabada 1,36,30,38
3471,,Bakaaro,W.Nabada 1,18,18,24
3472,,Bakaaro,W.Nabada 1,0,7,13
3473,,Bakaaro,W.Nabada 1,7,8,9
3474,,Bakaaro,W.Nabada 1,26,28,29
3475,,Bakaaro,W.Nabada 1,13,11,13
3476,,Bakaaro,W.Nabada 1,38,39,33
3477,,Bakaaro,W.Nabada 1,2,1,2
3478,,Bakaaro,W.Nabada 1,7,6,14
3479,,Bakaaro,W.Nabada 1,3,4,2
3480,,Bakaaro,W.Nabada 1,15,12,21
3481,,Bakaaro,W.Nabada 1,6,4,6
3482,,Bakaaro,W.Nabada 1,1,0,0
3483,,Bakaaro,W.Nabada 1,4,7,6
3484,,Bakaaro,W.Nabada 1,1,9,11
3485,,Bakaaro,W.Nabada 1,0,0,0
3486,,Bakaaro,W.Nabada 1,6,1,3
3487,,Bakaaro,W.Nabada 1,3,0,14
3488,,Bakaaro,W.Nabada 1,7,9,5
3489,,Bakaaro,W.Nabada 1,5,4,4
3490,,Bakaaro,W.Nabada 1,13,8,10
3491,,Bakaaro,W.Nabada 1,13,2,26
3492,,Bakaaro,W.Nabada 1,5,11,12
3493,,Bakaaro,W.Nabada 1,0,0,0
3494,,Bakaaro,W.Nabada 1,9,8,10
3495,,Bakaaro,W.Nabada 1,10,13,13
3496,,Bakaaro,W.Nabada 1,3,8,7
3497,,Bakaaro,W.Nabada 1,1,1,1
3498,,Bakaaro,W.Nabada 1,1,1,2
3499,,Bakaaro,W.Nabada 1,11,8,13
3500,,Bakaaro,W.Nabada 1,7,1,5
3501,,Bakaaro,W.Nabada 1,5,8,1
3502,,Bakaaro,W.Nabada 1,1,1,10
3503,,Bakaaro,W.Nabada 1,2,2,1
3504,,Bakaaro,W.Nabada 1,27,44,38
3505,,Bakaaro,W.Nabada 1,14,15,16
3506,,Bakaaro,W.Nabada 1,0,0,0
3507,,Bakaaro,W.Nabada 1,4,0,7
3508,,Bakaaro,W.Nabada 1,13,16,13
3509,,Bakaaro,W.Nabada 1,10,10,13
3510,,Bakaaro,W.Nabada 1,16,16,14
3511,,Bakaaro,W.Nabada 1,3,2,2
3512,,Bakaaro,W.Nabada 1,20,13,18
3513,,Bakaaro,W.Nabada 1,17,8,2
3514,,Bakaaro,W.Nabada 1,18,28,29
3515,,Bakaaro,W.Nabada 1,2,4,1
3516,,Bakaaro,W.Nabada 1,5,5,4
3517,,Bakaaro,W.Nabada 1,29,34,37
3518,,Bakaaro,W.Nabada 1,2,4,3
3519,,Bakaaro,W.Nabada 1,1,1,1
3520,,Bakaaro,W.Nabada 1,20,14,21
3521,,Bakaaro,W.Nabada 1,5,2,2
3522,,Bakaaro,W.Nabada 1,12,13,18
3523,,Bakaaro,W.Nabada 1,2,4,1
3524,,Bakaaro,W.Nabada 1,3,3,3
5078,,Bakaaro,W.Nabada 1,28,32,14
5318,,Bakaaro,W.Nabada 1,16,9,11
5319,,Bakaaro,W.Nabada 1,16,16,9
5320,,Bakaaro,W.Nabada 1,10,14,13
5321,,Bakaaro,W.Nabada 1,15,17,12
5322,,Bakaaro,W.Nabada 1,19,20,16
5323,,Bakaaro,W.Nabada 1,7,7,7
5324,,Bakaaro,W.Nabada 1,27,30,33
5325,,Bakaaro,W.Nabada 1,20,20,21
5326,,Bakaaro,W.Nabada 1,10,6,1
5327,,Bakaaro,W.Nabada 1,6,6,5
5328,,Bakaaro,W.Nabada 1,13,14,17
5329,,Bakaaro,W.Nabada 1,28,24,30
5330,,Bakaaro,W.Nabada 1,1,2,2
5331,,Bakaaro,W.Nabada 1,9,10,14
5332,,Bakaaro,W.Nabada 1,11,10,13
5333,,Bakaaro,W.Nabada 1,12,10,14
5334,,Bakaaro,W.Nabada 1,16,8,11
5335,,Bakaaro,W.Nabada 1,7,8,7
5336,,Bakaaro,W.Nabada 1,11,11,12
5337,,Bakaaro,W.Nabada 1,12,11,7
5338,,Bakaaro,W.Nabada 1,6,6,6
6003,,Bakaaro,W.Nabada 1,1,0,2
6004,,Bakaaro,W.Nabada 1,9,8,9
6005,,Bakaaro,W.Nabada 1,15,13,17
6006,,Bakaaro,W.Nabada 1,24,29,30
6007,,Bakaaro,W.Nabada 1,10,9,16
6008,,Bakaaro,W.Nabada 1,12,14,12
6009,,Bakaaro,W.Nabada 1,24,20,21
6010,,Bakaaro,W.Nabada 1,3,3,4
6011,,Bakaaro,W.Nabada 1,5,6,8
6012,,Bakaaro,W.Nabada 1,5,1,15
6013,,Bakaaro,W.Nabada 1,9,8,12
6014,,Bakaaro,W.Nabada 1,5,4,3
6015,,Bakaaro,W.Nabada 1,1,3,3
6016,,Bakaaro,W.Nabada 1,12,12,13
6017,,Bakaaro,W.Nabada 1,7,7,8
6018,,Bakaaro,W.Nabada 1,6,8,10
6019,,Bakaaro,W.Nabada 1,5,5,6
6020,,Bakaaro,W.Nabada 1,0,0,0
6021,,Bakaaro,W.Nabada 1,22,21,23
6022,,Bakaaro,W.Nabada 1,0,2,6
6023,,Bakaaro,W.Nabada 1,16,16,12
6024,,Bakaaro,W.Nabada 1,4,5,4
6025,,Bakaaro,W.Nabada 1,17,15,11
6026,,Bakaaro,W.Nabada 1,9,8,8
6027,,Bakaaro,W.Nabada 1,20,15,19
6028,,Bakaaro,W.Nabada 1,18,16,15
6029,,Bakaaro,W.Nabada 1,27,21,23
6030,,Bakaaro,W.Nabada 1,18,19,17
6031,,Bakaaro,W.Nabada 1,12,10,8
6032,,Bakaaro,W.Nabada 1,1,1,2
6033,,Bakaaro,W.Nabada 1,11,10,14
6034,,Bakaaro,W.Nabada 1,16,17,16
6035,,Bakaaro,W.Nabada 1,5,5,5
6036,,Bakaaro,W.Nabada 1,25,25,19
6037,,Bakaaro,W.Nabada 1,6,13,11
6038,,Bakaaro,W.Nabada 1,12,8,10
6039,,Bakaaro,W.Nabada 1,3,2,3
6040,,Bakaaro,W.Nabada 1,9,8,8
6041,,Bakaaro,W.Nabada 1,16,16,16
6042,,Bakaaro,W.Nabada 1,5,3,5
6043,,Bakaaro,W.Nabada 1,10,3,1
6044,,Bakaaro,W.Nabada 1,8,10,6
6045,,Bakaaro,W.Nabada 1,1,3,3
6046,,Bakaaro,W.Nabada 1,1,0,0
6047,,Bakaaro,W.Nabada 1,15,17,19
6048,,Bakaaro,W.Nabada 1,50,63,48
6397,,Bakaaro,W.Nabada 1,22,17,18
6560,,Bakaaro,W.Nabada 1,4,6,7
6561,,Bakaaro,W.Nabada 1,1,3,3
6562,,Bakaaro,W.Nabada 1,10,13,21
6563,,Bakaaro,W.Nabada 1,1,1,1
6564,,Bakaaro,W.Nabada 1,5,4,6
6565,,Bakaaro,W.Nabada 1,10,9,10
6566,,Bakaaro,W.Nabada 1,2,2,1
6567,,Bakaaro,W.Nabada 1,4,2,3
6568,,Bakaaro,W.Nabada 1,27,20,23
6569,,Bakaaro,W.Nabada 1,9,10,9
6570,,Bakaaro,W.Nabada 1,15,4,19
6571,,Bakaaro,W.Nabada 1,13,14,13
6572,,Bakaaro,W.Nabada 1,11,11,11
6573,,Bakaaro,W.Nabada 1,4,5,6
6574,,Bakaaro,W.Nabada 1,17,18,14
6575,,Bakaaro,W.Nabada 1,6,7,5
6576,,Bakaaro,W.Nabada 1,10,8,10
6577,,Bakaaro,W.Nabada 1,16,13,3
6578,,Bakaaro,W.Nabada 1,9,10,10
6579,,Bakaaro,W.Nabada 1,4,4,5
6580,,Bakaaro,W.Nabada 1,8,9,8
6581,,Bakaaro,W.Nabada 1,12,13,13
6739,,Bakaaro,W.Nabada 1,10,10,11
7046,,Bakaaro,W.Nabada 1,3,3,1
7047,,Bakaaro,W.Nabada 1,7,8,11
7048,,Bakaaro,W.Nabada 1,16,19,19
7049,,Bakaaro,W.Nabada 1,3,4,7
7050,,Bakaaro,W.Nabada 1,37,29,39
7051,,Bakaaro,W.Nabada 1,21,19,22
7052,,Bakaaro,W.Nabada 1,11,10,11
7053,,Bakaaro,W.Nabada 1,17,11,11
7054,,Bakaaro,W.Nabada 1,12,5,13
7055,,Bakaaro,W.Nabada 1,12,12,15
7056,,Bakaaro,W.Nabada 1,13,13,7
7057,,Bakaaro,W.Nabada 1,7,5,2
7058,,Bakaaro,W.Nabada 1,26,25,19
7059,,Bakaaro,W.Nabada 1,28,32,41
7060,,Bakaaro,W.Nabada 1,5,2,2
7061,,Bakaaro,W.Nabada 1,11,11,12
7062,,Bakaaro,W.Nabada 1,8,9,12
7063,,Bakaaro,W.Nabada 1,15,12,15
7064,,Bakaaro,W.Nabada 1,2,5,1
7065,,Bakaaro,W.Nabada 1,9,9,11
7066,,Bakaaro,W.Nabada 1,6,6,6
7067,,Bakaaro,W.Nabada 1,7,9,11
7068,,Bakaaro,W.Nabada 1,9,8,12
7069,,Bakaaro,W.Nabada 1,14,13,15
7070,,Bakaaro,W.Nabada 1,16,14,19
7071,,Bakaaro,W.Nabada 1,4,6,5
7072,,Bakaaro,W.Nabada 1,8,13,19
7073,,Bakaaro,W.Nabada 1,34,38,31
7074,,Bakaaro,W.Nabada 1,13,12,15
7075,,Bakaaro,W.Nabada 1,37,35,41
7076,,Bakaaro,W.Nabada 1,27,29,18
7077,,Bakaaro,W.Nabada 1,16,13,11
7078,,Bakaaro,W.Nabada 1,3,2,4
7079,,Bakaaro,W.Nabada 1,15,20,21
7080,,Bakaaro,W.Nabada 1,19,19,10
7081,,Bakaaro,W.Nabada 1,1,0,1
7371,,Bakaaro,W.Nabada 1,12,10,10
7372,,Bakaaro,W.Nabada 1,13,13,14
7373,,Bakaaro,W.Nabada 1,24,20,17
7374,,Bakaaro,W.Nabada 1,34,21,26
7375,,Bakaaro,W.Nabada 1,21,7,13
7376,,Bakaaro,W.Nabada 1,10,11,11
7377,,Bakaaro,W.Nabada 1,20,19,26
7378,,Bakaaro,W.Nabada 1,8,10,10
7379,,Bakaaro,W.Nabada 1,7,0,2
7380,,Bakaaro,W.Nabada 1,7,6,7
7381,,Bakaaro,W.Nabada 1,24,25,27
7382,,Bakaaro,W.Nabada 1,23,21,20
7383,,Bakaaro,W.Nabada 1,0,5,1
7384,,Bakaaro,W.Nabada 1,23,24,19
7676,,Bakaaro,W.Nabada 1,28,11,11
7677,,Bakaaro,W.Nabada 1,6,14,15
7678,,Bakaaro,W.Nabada 1,7,6,4
7679,,Bakaaro,W.Nabada 1,2,10,15
7680,,Bakaaro,W.Nabada 1,7,6,5
7681,,Bakaaro,W.Nabada 1,8,10,21
7682,,Bakaaro,W.Nabada 1,1,0,2
7683,,Bakaaro,W.Nabada 1,45,54,11
7684,,Bakaaro,W.Nabada 1,19,16,22
7685,,Bakaaro,W.Nabada 1,18,17,19
7686,,Bakaaro,W.Nabada 1,2,6,4
7687,,Bakaaro,W.Nabada 1,1291,1264,1367
7688,,Bakaaro,W.Nabada 1,11,19,22
7689,,Bakaaro,W.Nabada 1,12,9,8
7690,,Bakaaro,W.Nabada 1,11,10,12
7691,,Bakaaro,W.Nabada 1,14,15,16
7692,,Bakaaro,W.Nabada 1,21,19,20
7693,,Bakaaro,W.Nabada 1,6,6,5
7694,,Bakaaro,W.Nabada 1,38,40,42
7695,,Bakaaro,W.Nabada 1,21,22,20
7696,,Bakaaro,W.Nabada 1,8,8,10
7697,,Bakaaro,W.Nabada 1,13,16,18
7698,,Bakaaro,W.Nabada 1,7,8,7
7699,,Bakaaro,W.Nabada 1,7,10,10
7700,,Bakaaro,W.Nabada 1,14,12,13
7701,,Bakaaro,W.Nabada 1,25,24,27
7702,,Bakaaro,W.Nabada 1,4,16,19
7703,,Bakaaro,W.Nabada 1,28,25,39
7704,,Bakaaro,W.Nabada 1,11,8,5
7932,,Bakaaro,W.Nabada 1,6,6,11
7933,,Bakaaro,W.Nabada 1,5,3,5
7934,,Bakaaro,W.Nabada 1,22,21,24
7935,,Bakaaro,W.Nabada 1,7,3,7
7936,,Bakaaro,W.Nabada 1,15,15,17
7937,,Bakaaro,W.Nabada 1,16,17,17
7938,,Bakaaro,W.Nabada 1,16,25,18
7939,,Bakaaro,W.Nabada 1,6,5,6
7940,,Bakaaro,W.Nabada 1,6719,6728,6658
8171,,Bakaaro,W.Nabada 1,7,8,8
8172,,Bakaaro,W.Nabada 1,35,40,41
8173,,Bakaaro,W.Nabada 1,5,4,5
8174,,Bakaaro,W.Nabada 1,19,18,19
8175,,Bakaaro,W.Nabada 1,7,9,6
8176,,Bakaaro,W.Nabada 1,6,6,7
8177,,Bakaaro,W.Nabada 1,10,8,11
8178,,Bakaaro,W.Nabada 1,10,10,9
8179,,Bakaaro,W.Nabada 1,9,7,8
8180,,Bakaaro,W.Nabada 1,5,6,5
8181,,Bakaaro,W.Nabada 1,13,12,11
8182,,Bakaaro,W.Nabada 1,28,17,22
8183,,Bakaaro,W.Nabada 1,6,6,13
8184,,Bakaaro,W.Nabada 1,15,16,13
8185,,Bakaaro,W.Nabada 1,3,1,3
8186,,Bakaaro,W.Nabada 1,5,5,5
8187,,Bakaaro,W.Nabada 1,18,16,17
8188,,Bakaaro,W.Nabada 1,21,20,19
8189,,Bakaaro,W.Nabada 1,8,8,10
8190,,Bakaaro,W.Nabada 1,7,20,22
8191,,Bakaaro,W.Nabada 1,3,3,3
8192,,Bakaaro,W.Nabada 1,9,10,8
8193,,Bakaaro,W.Nabada 1,25,22,23
8194,,Bakaaro,W.Nabada 1,1,0,3
8195,,Bakaaro,W.Nabada 1,0,0,0
8196,,Bakaaro,W.Nabada 1,14,10,13
8411,,Bakaaro,W.Nabada 1,16,11,13
8412,,Bakaaro,W.Nabada 1,13,13,9
8413,,Bakaaro,W.Nabada 1,11,11,11
8503,,Bakaaro,W.Nabada 1,3,2,2
8504,,Bakaaro,W.Nabada 1,15,29,21
8505,,Bakaaro,W.Nabada 1,6,6,8
8506,,Bakaaro,W.Nabada 1,10,14,15
8580,,Bakaaro,W.Nabada 1,8,7,7
8581,,Bakaaro,W.Nabada 1,5,4,5
8582,,Bakaaro,W.Nabada 1,1,0,3
8629,,Bakaaro,W.Nabada 1,1,73,32
8630,,Bakaaro,W.Nabada 1,4,4,7
8631,,Bakaaro,W.Nabada 1,8,10,11
8632,,Bakaaro,W.Nabada 1,24,9,3
8682,,Bakaaro,W.Nabada 1,25,25,20
8683,,Bakaaro,W.Nabada 1,25,25,27
8684,,Bakaaro,W.Nabada 1,17,16,18
8685,,Bakaaro,W.Nabada 1,0,0,0
8732,,Bakaaro,W.Nabada 1,19,20,10
8733,,Bakaaro,W.Nabada 1,15,13,9
8734,,Bakaaro,W.Nabada 1,14,13,15
8762,,Bakaaro,W.Nabada 1,5,1,80
8775,,Bakaaro,W.Nabada 1,19,20,20
8776,,Bakaaro,W.Nabada 1,1,7,17
8858,,Bakaaro,W.Nabada 1,10,11,11
8859,,Bakaaro,W.Nabada 1,6,6,1
8860,,Bakaaro,W.Nabada 1,8,9,8
8861,,Bakaaro,W.Nabada 1,19,18,17
8862,,Bakaaro,W.Nabada 1,3,4,5
8863,,Bakaaro,W.Nabada 1,13,15,9
8921,,Bakaaro,W.Nabada 1,9,9,8
8969,,Bakaaro,W.Nabada 1,3,3,3
8970,,Bakaaro,W.Nabada 1,6,8,6
9008,,Bakaaro,W.Nabada 1,2,4,4
9009,,Bakaaro,W.Nabada 1,49,8,6
9037,,Bakaaro,W.Nabada 1,5,5,5
9038,,Bakaaro,W.Nabada 1,10,9,10
9039,,Bakaaro,W.Nabada 1,7,7,8
9040,,Bakaaro,W.Nabada 1,6,4,8
9041,,Bakaaro,W.Nabada 1,15,13,10
9072,,Bakaaro,W.Nabada 1,30,26,23
9073,,Bakaaro,W.Nabada 1,1,0,0
9074,,Bakaaro,W.Nabada 1,10,8,10
9094,,Bakaaro,W.Nabada 1,3,3,4
9095,,Bakaaro,W.Nabada 1,16,14,14
9096,,Bakaaro,W.Nabada 1,7,5,4
9113,,Bakaaro,W.Nabada 1,11,10,13
9114,,Bakaaro,W.Nabada 1,7,9,9
9166,,Bakaaro,W.Nabada 1,40,24,28
9167,,Bakaaro,W.Nabada 1,6,6,3
9168,,Bakaaro,W.Nabada 1,24,23,27
9169,,Bakaaro,W.Nabada 1,4,15,3
9198,,Bakaaro,W.Nabada 1,2,2,3
9220,,Bakaaro,W.Nabada 1,12,9,9
9255,,Bakaaro,W.Nabada 1,32,26,28
9256,,Bakaaro,W.Nabada 1,17,15,14
9304,,Bakaaro,W.Nabada 1,11,5,4
9333,,Bakaaro,W.Nabada 1,13,15,13
9334,,Bakaaro,W.Nabada 1,37,36,31
9335,,Bakaaro,W.Nabada 1,8,9,10
9336,,Bakaaro,W.Nabada 1,18,17,4
9352,,Bakaaro,W.Nabada 1,5,5,7
9353,,Bakaaro,W.Nabada 1,10,7,6
9383,,Bakaaro,W.Nabada 1,22,15,16
9400,,Bakaaro,W.Nabada 1,37,40,38
9401,,Bakaaro,W.Nabada 1,58,36,62
9402,,Bakaaro,W.Nabada 1,0,0,0
9439,,Bakaaro,W.Nabada 1,14,13,13
9440,,Bakaaro,W.Nabada 1,86,82,80
9448,,Bakaaro,W.Nabada 1,9,9,12
9449,,Bakaaro,W.Nabada 1,12,31,30
9459,,Bakaaro,W.Nabada 1,17,11,14
9472,,Bakaaro,W.Nabada 1,17,16,15
9482,,Bakaaro,W.Nabada 1,4,3,3
9524,,Bakaaro,W.Nabada 1,25,22,23
9525,,Bakaaro,W.Nabada 1,33,21,4
9548,,Bakaaro,W.Nabada 1,3,3,3
9549,,Bakaaro,W.Nabada 1,28,27,29
9560,,Bakaaro,W.Nabada 1,15,13,15
9561,,Bakaaro,W.Nabada 1,10,10,7
9570,,Bakaaro,W.Nabada 1,7,8,6
9578,,Bakaaro,W.Nabada 1,0,0,0
9593,,Bakaaro,W.Nabada 1,10,11,14
9600,,Bakaaro,W.Nabada 1,32,28,26
9660,,Bakaaro,W.Nabada 1,6,6,8
9675,,Bakaaro,W.Nabada 1,2,0,0
9687,,Bakaaro,W.Nabada 1,30,19,24
9715,,Bakaaro,W.Nabada 1,4,19,8
9718,,Bakaaro,W.Nabada 1,2,4,5
9735,,Bakaaro,W.Nabada 1,4,3,4
9736,,Bakaaro,W.Nabada 1,6,5,4
9758,,Bakaaro,W.Nabada 1,6,7,6
9759,,Bakaaro,W.Nabada 1,45,15,11
9771,,Bakaaro,W.Nabada 1,22,22,25
9811,,Bakaaro,W.Nabada 1,2,2,4
9829,,Bakaaro,W.Nabada 1,4,5,10
9878,,Bakaaro,W.Nabada 1,6,6,7
9908,,Bakaaro,W.Nabada 1,2,1,2
9920,,Bakaaro,W.Nabada 1,6,5,6
9934,,Bakaaro,W.Nabada 1,6,10,8
9945,,Bakaaro,W.Nabada 1,12,13,13
9964,,Bakaaro,W.Nabada 1,10,11,8
9990,,Bakaaro,W.Nabada 1,2,0,1
9997,,Bakaaro,W.Nabada 1,9,9,8
9998,,Bakaaro,W.Nabada 1,8,14,17
10005,,Bakaaro,W.Nabada 1,11,14,11
10031,,Bakaaro,W.Nabada 1,6,7,6
10050,,Bakaaro,W.Nabada 1,12,9,2
10056,,Bakaaro,W.Nabada 1,16,13,5
10067,,Bakaaro,W.Nabada 1,14,13,10
10079,,Bakaaro,W.Nabada 1,14,13,15
10092,,Bakaaro,W.Nabada 1,4,0,1
10111,,Bakaaro,W.Nabada 1,11,12,14
10121,,Bakaaro,W.Nabada 1,16,15,18
10132,,Bakaaro,W.Nabada 1,23,14,8
10133,,Bakaaro,W.Nabada 1,13,17,17
10134,,Bakaaro,W.Nabada 1,8,7,10
10135,,Bakaaro,W.Nabada 1,12,14,13
10136,,Bakaaro,W.Nabada 1,8,6,8
10137,,Bakaaro,W.Nabada 1,15,12,11
10138,,Bakaaro,W.Nabada 1,15,9,15
10139,,Bakaaro,W.Nabada 1,10,8,8
10140,,Bakaaro,W.Nabada 1,2,3,3
10141,,Bakaaro,W.Nabada 1,5,3,4
10157,,Bakaaro,W.Nabada 1,1,1,1
10158,,Bakaaro,W.Nabada 1,7,6,6
10230,,Bakaaro,W.Nabada 1,1,1,1
10282,,Bakaaro,W.Nabada 1,4,2,3
29,,Bakaaro,W.Nabada 2,0,0,6
63,,Bakaaro,W.Nabada 2,0,0,1
64,,Bakaaro,W.Nabada 2,5,3,11
70,,Bakaaro,W.Nabada 2,16,18,30
92,,Bakaaro,W.Nabada 2,9,8,9
93,,Bakaaro,W.Nabada 2,1,0,0
102,,Bakaaro,W.Nabada 2,12,17,14
110,,Bakaaro,W.Nabada 2,26,22,25
111,,Bakaaro,W.Nabada 2,16,18,21
112,,Bakaaro,W.Nabada 2,16,0,1
148,,Bakaaro,W.Nabada 2,11,10,10
152,,Bakaaro,W.Nabada 2,4,3,4
192,,Bakaaro,W.Nabada 2,4,4,4
274,,Bakaaro,W.Nabada 2,5,16,11
275,,Bakaaro,W.Nabada 2,0,0,12
277,,Bakaaro,W.Nabada 2,10,11,14
278,,Bakaaro,W.Nabada 2,9,8,10
283,,Bakaaro,W.Nabada 2,11,10,14
284,,Bakaaro,W.Nabada 2,6,19,22
285,,Bakaaro,W.Nabada 2,5,2,1
286,,Bakaaro,W.Nabada 2,13,11,15
287,,Bakaaro,W.Nabada 2,9,6,7
288,,Bakaaro,W.Nabada 2,8,6,6
289,,Bakaaro,W.Nabada 2,7,7,7
290,,Bakaaro,W.Nabada 2,8,11,1
291,,Bakaaro,W.Nabada 2,16,11,15
297,,Bakaaro,W.Nabada 2,6,2,6
298,,Bakaaro,W.Nabada 2,9,7,5
329,,Bakaaro,W.Nabada 2,2,3,2
424,,Bakaaro,W.Nabada 2,9,9,10
428,,Bakaaro,W.Nabada 2,18,6,6
429,,Bakaaro,W.Nabada 2,32,29,20
430,,Bakaaro,W.Nabada 2,22,31,22
431,,Bakaaro,W.Nabada 2,0,7,9
445,,Bakaaro,W.Nabada 2,17,7,2
446,,Bakaaro,W.Nabada 2,6,6,5
447,,Bakaaro,W.Nabada 2,12,20,17
448,,Bakaaro,W.Nabada 2,3,0,0
449,,Bakaaro,W.Nabada 2,6,5,5
450,,Bakaaro,W.Nabada 2,9,13,20
451,,Bakaaro,W.Nabada 2,5,6,5
452,,Bakaaro,W.Nabada 2,9,10,9
453,,Bakaaro,W.Nabada 2,4,7,3
454,,Bakaaro,W.Nabada 2,5,9,14
457,,Bakaaro,W.Nabada 2,19,18,19
458,,Bakaaro,W.Nabada 2,20,10,1
548,,Bakaaro,W.Nabada 2,18,19,18
549,,Bakaaro,W.Nabada 2,13,16,17
3164,,Bakaaro,W.Nabada 2,36,31,33
3165,,Bakaaro,W.Nabada 2,1,1,2
3166,,Bakaaro,W.Nabada 2,5,5,6
3168,,Bakaaro,W.Nabada 2,5,6,8
3169,,Bakaaro,W.Nabada 2,7,10,13
3170,,Bakaaro,W.Nabada 2,10,8,6
3171,,Bakaaro,W.Nabada 2,5,7,6
3172,,Bakaaro,W.Nabada 2,7,6,3
3174,,Bakaaro,W.Nabada 2,23,10,10
3181,,Bakaaro,W.Nabada 2,15,17,10
3182,,Bakaaro,W.Nabada 2,6,16,17
3183,,Bakaaro,W.Nabada 2,7,14,7
3193,,Bakaaro,W.Nabada 2,6,89,14
3198,,Bakaaro,W.Nabada 2,11,14,16
3199,,Bakaaro,W.Nabada 2,5,12,19
3201,,Bakaaro,W.Nabada 2,13,16,21
3202,,Bakaaro,W.Nabada 2,12,13,14
3203,,Bakaaro,W.Nabada 2,14,14,15
3205,,Bakaaro,W.Nabada 2,6,7,16
3206,,Bakaaro,W.Nabada 2,5,8,6
3209,,Bakaaro,W.Nabada 2,3,3,4
3210,,Bakaaro,W.Nabada 2,7,7,5
3211,,Bakaaro,W.Nabada 2,5,8,6
3212,,Bakaaro,W.Nabada 2,0,4,6
3214,,Bakaaro,W.Nabada 2,2,2,4
3216,,Bakaaro,W.Nabada 2,20,23,17
3217,,Bakaaro,W.Nabada 2,8,9,11
3220,,Bakaaro,W.Nabada 2,16,18,14
3221,,Bakaaro,W.Nabada 2,0,46,23
3245,,Bakaaro,W.Nabada 2,4,6,6
3246,,Bakaaro,W.Nabada 2,10,10,12
3247,,Bakaaro,W.Nabada 2,0,76,4
3248,,Bakaaro,W.Nabada 2,10,14,9
3249,,Bakaaro,W.Nabada 2,23,28,27
3250,,Bakaaro,W.Nabada 2,3,3,12
3251,,Bakaaro,W.Nabada 2,9,6,5
3252,,Bakaaro,W.Nabada 2,4,5,3
3253,,Bakaaro,W.Nabada 2,0,0,7
3254,,Bakaaro,W.Nabada 2,17,15,17
3255,,Bakaaro,W.Nabada 2,17,33,32
3256,,Bakaaro,W.Nabada 2,7,10,10
3257,,Bakaaro,W.Nabada 2,9,18,16
3258,,Bakaaro,W.Nabada 2,9,6,5
3259,,Bakaaro,W.Nabada 2,12,12,14
3260,,Bakaaro,W.Nabada 2,11,9,9
3261,,Bakaaro,W.Nabada 2,25,15,15
3262,,Bakaaro,W.Nabada 2,7,8,8
3263,,Bakaaro,W.Nabada 2,6,7,7
3264,,Bakaaro,W.Nabada 2,6,10,8
3265,,Bakaaro,W.Nabada 2,10,5,4
3266,,Bakaaro,W.Nabada 2,1,2,2
3271,,Bakaaro,W.Nabada 2,20,21,17
3275,,Bakaaro,W.Nabada 2,3,0,0
3278,,Bakaaro,W.Nabada 2,6,10,2
3279,,Bakaaro,W.Nabada 2,6,6,10
3280,,Bakaaro,W.Nabada 2,17,18,20
3281,,Bakaaro,W.Nabada 2,16,15,13
3282,,Bakaaro,W.Nabada 2,3,4,5
3283,,Bakaaro,W.Nabada 2,1,1,5
3284,,Bakaaro,W.Nabada 2,8,5,10
3525,,Bakaaro,W.Nabada 2,95,130,109
3526,,Bakaaro,W.Nabada 2,11,7,3
3527,,Bakaaro,W.Nabada 2,91,89,71
3528,,Bakaaro,W.Nabada 2,10,10,10
3529,,Bakaaro,W.Nabada 2,10,11,12
3530,,Bakaaro,W.Nabada 2,11,10,9
3531,,Bakaaro,W.Nabada 2,0,0,0
3532,,Bakaaro,W.Nabada 2,51,47,41
3533,,Bakaaro,W.Nabada 2,1,1,1
3534,,Bakaaro,W.Nabada 2,15,13,17
3535,,Bakaaro,W.Nabada 2,12,10,10
3536,,Bakaaro,W.Nabada 2,10,14,14
3537,,Bakaaro,W.Nabada 2,1,1,1
3538,,Bakaaro,W.Nabada 2,7,7,7
3539,,Bakaaro,W.Nabada 2,22,27,15
3540,,Bakaaro,W.Nabada 2,37,15,16
3541,,Bakaaro,W.Nabada 2,3,1,1
3542,,Bakaaro,W.Nabada 2,15,12,15
3543,,Bakaaro,W.Nabada 2,7,6,5
3544,,Bakaaro,W.Nabada 2,2,6,6
3545,,Bakaaro,W.Nabada 2,2,1,2
3546,,Bakaaro,W.Nabada 2,1,1,4
3547,,Bakaaro,W.Nabada 2,20,23,44
3548,,Bakaaro,W.Nabada 2,21,21,25
3549,,Bakaaro,W.Nabada 2,23,19,26
3550,,Bakaaro,W.Nabada 2,2,1,1
3551,,Bakaaro,W.Nabada 2,7,8,10
3552,,Bakaaro,W.Nabada 2,9,10,10
3553,,Bakaaro,W.Nabada 2,10,10,10
3554,,Bakaaro,W.Nabada 2,10,0,0
3555,,Bakaaro,W.Nabada 2,5,4,4
3556,,Bakaaro,W.Nabada 2,12,7,6
3557,,Bakaaro,W.Nabada 2,25,17,1
3558,,Bakaaro,W.Nabada 2,6,5,4
3559,,Bakaaro,W.Nabada 2,57,44,65
3560,,Bakaaro,W.Nabada 2,18,18,16
3561,,Bakaaro,W.Nabada 2,6,7,10
3562,,Bakaaro,W.Nabada 2,0,0,0
3563,,Bakaaro,W.Nabada 2,10,10,9
3564,,Bakaaro,W.Nabada 2,8,6,5
3565,,Bakaaro,W.Nabada 2,0,3,2
3566,,Bakaaro,W.Nabada 2,7,5,10
3567,,Bakaaro,W.Nabada 2,3,3,3
3568,,Bakaaro,W.Nabada 2,12,11,12
3569,,Bakaaro,W.Nabada 2,1,2,1
3570,,Bakaaro,W.Nabada 2,147,153,112
3571,,Bakaaro,W.Nabada 2,21,24,22
3572,,Bakaaro,W.Nabada 2,8,8,10
3573,,Bakaaro,W.Nabada 2,1,1,3
3574,,Bakaaro,W.Nabada 2,3,4,4
3575,,Bakaaro,W.Nabada 2,11,7,7
3576,,Bakaaro,W.Nabada 2,3,1,1
3577,,Bakaaro,W.Nabada 2,1,2,1
3578,,Bakaaro,W.Nabada 2,2,1,0
3579,,Bakaaro,W.Nabada 2,9,10,9
3580,,Bakaaro,W.Nabada 2,8,9,7
3581,,Bakaaro,W.Nabada 2,10,10,12
3582,,Bakaaro,W.Nabada 2,38,45,47
3583,,Bakaaro,W.Nabada 2,9,8,2
3584,,Bakaaro,W.Nabada 2,12,16,16
3585,,Bakaaro,W.Nabada 2,9,8,8
3586,,Bakaaro,W.Nabada 2,12,13,13
3587,,Bakaaro,W.Nabada 2,32,34,31
3588,,Bakaaro,W.Nabada 2,18,13,14
3589,,Bakaaro,W.Nabada 2,5,4,4
3590,,Bakaaro,W.Nabada 2,3,9,11
3591,,Bakaaro,W.Nabada 2,7,7,8
3592,,Bakaaro,W.Nabada 2,7,5,6
3593,,Bakaaro,W.Nabada 2,16,17,11
3594,,Bakaaro,W.Nabada 2,28,26,24
3595,,Bakaaro,W.Nabada 2,27,28,19
3596,,Bakaaro,W.Nabada 2,16,18,15
3597,,Bakaaro,W.Nabada 2,4,6,4
3598,,Bakaaro,W.Nabada 2,0,0,21
3599,,Bakaaro,W.Nabada 2,11,12,10
3600,,Bakaaro,W.Nabada 2,15,30,4
3601,,Bakaaro,W.Nabada 2,25,25,26
3602,,Bakaaro,W.Nabada 2,29,29,25
3604,,Bakaaro,W.Nabada 2,0,0,0
3609,,Bakaaro,W.Nabada 2,2,1,1
3613,,Bakaaro,W.Nabada 2,2,1,1
3614,,Bakaaro,W.Nabada 2,7,8,7
3616,,Bakaaro,W.Nabada 2,94,128,214
3617,,Bakaaro,W.Nabada 2,1,1,1
3618,,Bakaaro,W.Nabada 2,5,7,9
3619,,Bakaaro,W.Nabada 2,0,0,12
3620,,Bakaaro,W.Nabada 2,6,5,6
3621,,Bakaaro,W.Nabada 2,0,0,5
3622,,Bakaaro,W.Nabada 2,21,27,13
3627,,Bakaaro,W.Nabada 2,0,10,9
3628,,Bakaaro,W.Nabada 2,8,9,8
3629,,Bakaaro,W.Nabada 2,0,1,31
3630,,Bakaaro,W.Nabada 2,0,4,0
3631,,Bakaaro,W.Nabada 2,10,9,23
3632,,Bakaaro,W.Nabada 2,5,5,5
3633,,Bakaaro,W.Nabada 2,6,4,4
3634,,Bakaaro,W.Nabada 2,8,5,7
3635,,Bakaaro,W.Nabada 2,29,43,61
3636,,Bakaaro,W.Nabada 2,1,0,1
3637,,Bakaaro,W.Nabada 2,0,0,6
3638,,Bakaaro,W.Nabada 2,2,2,2
3639,,Bakaaro,W.Nabada 2,26,9,16
3640,,Bakaaro,W.Nabada 2,41,26,37
3641,,Bakaaro,W.Nabada 2,23,20,18
3642,,Bakaaro,W.Nabada 2,22,19,18
3643,,Bakaaro,W.Nabada 2,9,9,10
3644,,Bakaaro,W.Nabada 2,16,15,18
3645,,Bakaaro,W.Nabada 2,8,0,13
3646,,Bakaaro,W.Nabada 2,20,27,21
3647,,Bakaaro,W.Nabada 2,2,1,0
3648,,Bakaaro,W.Nabada 2,8,9,8
3649,,Bakaaro,W.Nabada 2,5,11,16
3650,,Bakaaro,W.Nabada 2,1,1,5
3651,,Bakaaro,W.Nabada 2,24,27,32
3652,,Bakaaro,W.Nabada 2,0,2,17
3653,,Bakaaro,W.Nabada 2,8,8,7
3654,,Bakaaro,W.Nabada 2,14,10,14
3656,,Bakaaro,W.Nabada 2,0,0,0
3657,,Bakaaro,W.Nabada 2,15,16,18
3658,,Bakaaro,W.Nabada 2,2,2,3
3659,,Bakaaro,W.Nabada 2,0,0,0
3663,,Bakaaro,W.Nabada 2,13,2,5
3668,,Bakaaro,W.Nabada 2,8,8,7
3698,,Bakaaro,W.Nabada 2,1,1,0
3700,,Bakaaro,W.Nabada 2,7,5,4
3703,,Bakaaro,W.Nabada 2,2,2,1
3705,,Bakaaro,W.Nabada 2,2,1,2
3706,,Bakaaro,W.Nabada 2,7,8,7
3707,,Bakaaro,W.Nabada 2,8,6,6
3709,,Bakaaro,W.Nabada 2,2,2,2
3710,,Bakaaro,W.Nabada 2,17,20,14
3711,,Bakaaro,W.Nabada 2,23,24,1
3716,,Bakaaro,W.Nabada 2,20,31,31
3719,,Bakaaro,W.Nabada 2,16,18,21
3720,,Bakaaro,W.Nabada 2,12,8,9
3721,,Bakaaro,W.Nabada 2,10,2,1
3722,,Bakaaro,W.Nabada 2,0,0,0
3723,,Bakaaro,W.Nabada 2,7,7,10
3724,,Bakaaro,W.Nabada 2,13,6,1
3725,,Bakaaro,W.Nabada 2,11,9,11
3726,,Bakaaro,W.Nabada 2,6,4,5
3727,,Bakaaro,W.Nabada 2,12,3,7
3729,,Bakaaro,W.Nabada 2,28,25,22
3730,,Bakaaro,W.Nabada 2,4,4,1
3731,,Bakaaro,W.Nabada 2,30,12,24
3732,,Bakaaro,W.Nabada 2,0,0,0
3733,,Bakaaro,W.Nabada 2,12,9,7
3734,,Bakaaro,W.Nabada 2,8,6,2
3736,,Bakaaro,W.Nabada 2,3,4,4
3739,,Bakaaro,W.Nabada 2,5,6,7
3740,,Bakaaro,W.Nabada 2,10,2,5
3741,,Bakaaro,W.Nabada 2,15,10,11
3742,,Bakaaro,W.Nabada 2,6,8,6
3743,,Bakaaro,W.Nabada 2,6,5,4
3744,,Bakaaro,W.Nabada 2,10,9,10
3745,,Bakaaro,W.Nabada 2,1,0,1
3746,,Bakaaro,W.Nabada 2,4,3,4
3747,,Bakaaro,W.Nabada 2,2,2,0
3748,,Bakaaro,W.Nabada 2,2,4,5
3750,,Bakaaro,W.Nabada 2,3,2,3
3751,,Bakaaro,W.Nabada 2,4,20,7
3752,,Bakaaro,W.Nabada 2,16,18,17
3753,,Bakaaro,W.Nabada 2,28,23,20
3754,,Bakaaro,W.Nabada 2,0,1,21
3755,,Bakaaro,W.Nabada 2,12,2,1
3756,,Bakaaro,W.Nabada 2,11,11,12
3757,,Bakaaro,W.Nabada 2,11,7,8
3758,,Bakaaro,W.Nabada 2,9,9,10
3759,,Bakaaro,W.Nabada 2,7,8,9
3760,,Bakaaro,W.Nabada 2,3,3,4
3761,,Bakaaro,W.Nabada 2,5,10,9
3762,,Bakaaro,W.Nabada 2,39,23,0
3763,,Bakaaro,W.Nabada 2,7,7,6
3764,,Bakaaro,W.Nabada 2,0,15,14
3765,,Bakaaro,W.Nabada 2,14,10,6
3766,,Bakaaro,W.Nabada 2,15,12,15
3767,,Bakaaro,W.Nabada 2,10,9,1
3768,,Bakaaro,W.Nabada 2,1,1,1
3769,,Bakaaro,W.Nabada 2,1,1,1
3770,,Bakaaro,W.Nabada 2,19,15,15
3771,,Bakaaro,W.Nabada 2,7,5,12
3772,,Bakaaro,W.Nabada 2,35,23,27
3774,,Bakaaro,W.Nabada 2,1,0,1
3775,,Bakaaro,W.Nabada 2,4,3,3
3777,,Bakaaro,W.Nabada 2,41,37,46
3778,,Bakaaro,W.Nabada 2,12,11,13
3779,,Bakaaro,W.Nabada 2,1,1,1
3780,,Bakaaro,W.Nabada 2,53,49,63
3781,,Bakaaro,W.Nabada 2,4,1,5
3782,,Bakaaro,W.Nabada 2,16,18,17
3783,,Bakaaro,W.Nabada 2,9,5,5
3784,,Bakaaro,W.Nabada 2,8,9,7
3785,,Bakaaro,W.Nabada 2,8,9,7
3787,,Bakaaro,W.Nabada 2,7,8,8
3788,,Bakaaro,W.Nabada 2,5,3,3
3790,,Bakaaro,W.Nabada 2,0,0,0
3791,,Bakaaro,W.Nabada 2,6,5,2
3792,,Bakaaro,W.Nabada 2,4,3,1
3793,,Bakaaro,W.Nabada 2,0,0,0
5071,,Bakaaro,W.Nabada 2,25,25,15
5079,,Bakaaro,W.Nabada 2,20,21,19
5086,,Bakaaro,W.Nabada 2,27,23,29
5286,,Bakaaro,W.Nabada 2,15,14,15
5288,,Bakaaro,W.Nabada 2,10,7,10
5289,,Bakaaro,W.Nabada 2,17,16,12
5290,,Bakaaro,W.Nabada 2,6,7,8
5291,,Bakaaro,W.Nabada 2,13,13,16
5295,,Bakaaro,W.Nabada 2,4,4,5
5299,,Bakaaro,W.Nabada 2,6,12,12
5309,,Bakaaro,W.Nabada 2,5,6,7
5310,,Bakaaro,W.Nabada 2,7,8,9
5311,,Bakaaro,W.Nabada 2,22,12,12
5312,,Bakaaro,W.Nabada 2,2,10,11
5313,,Bakaaro,W.Nabada 2,9,6,6
5339,,Bakaaro,W.Nabada 2,9,9,8
5340,,Bakaaro,W.Nabada 2,2,11,3
5341,,Bakaaro,W.Nabada 2,4,5,5
5342,,Bakaaro,W.Nabada 2,17,19,17
5343,,Bakaaro,W.Nabada 2,3,1,1
5344,,Bakaaro,W.Nabada 2,12,11,11
5346,,Bakaaro,W.Nabada 2,23,15,20
5348,,Bakaaro,W.Nabada 2,7,4,5
5349,,Bakaaro,W.Nabada 2,11,8,10
5350,,Bakaaro,W.Nabada 2,67,105,110
5355,,Bakaaro,W.Nabada 2,1,1,1
5357,,Bakaaro,W.Nabada 2,1,1,1
5358,,Bakaaro,W.Nabada 2,8,1,0
5359,,Bakaaro,W.Nabada 2,2,0,1
5535,,Bakaaro,W.Nabada 2,14,13,15
5957,,Bakaaro,W.Nabada 2,16,21,10
5958,,Bakaaro,W.Nabada 2,18,18,9
5959,,Bakaaro,W.Nabada 2,18,27,21
5962,,Bakaaro,W.Nabada 2,0,7,11
5963,,Bakaaro,W.Nabada 2,12,18,8
5964,,Bakaaro,W.Nabada 2,8,12,10
5968,,Bakaaro,W.Nabada 2,22,8,5
5969,,Bakaaro,W.Nabada 2,17,15,12
5970,,Bakaaro,W.Nabada 2,5,8,9
5971,,Bakaaro,W.Nabada 2,4,5,5
5972,,Bakaaro,W.Nabada 2,10,15,11
5976,,Bakaaro,W.Nabada 2,7,10,6
5978,,Bakaaro,W.Nabada 2,5,5,6
5987,,Bakaaro,W.Nabada 2,23,29,28
5988,,Bakaaro,W.Nabada 2,13,10,9
5989,,Bakaaro,W.Nabada 2,12,11,12
5990,,Bakaaro,W.Nabada 2,2,1,1
5991,,Bakaaro,W.Nabada 2,1,1,1
5992,,Bakaaro,W.Nabada 2,6,6,4
5993,,Bakaaro,W.Nabada 2,2,1,9
6000,,Bakaaro,W.Nabada 2,4,20,1
6049,,Bakaaro,W.Nabada 2,2,2,2
6050,,Bakaaro,W.Nabada 2,9,4,3
6051,,Bakaaro,W.Nabada 2,19,24,22
6052,,Bakaaro,W.Nabada 2,12,12,13
6053,,Bakaaro,W.Nabada 2,12,8,8
6054,,Bakaaro,W.Nabada 2,12,12,11
6055,,Bakaaro,W.Nabada 2,18,18,16
6056,,Bakaaro,W.Nabada 2,10,11,11
6057,,Bakaaro,W.Nabada 2,4,6,4
6058,,Bakaaro,W.Nabada 2,1,1,1
6059,,Bakaaro,W.Nabada 2,13,16,15
6060,,Bakaaro,W.Nabada 2,25,23,23
6061,,Bakaaro,W.Nabada 2,11,16,12
6062,,Bakaaro,W.Nabada 2,40,44,36
6063,,Bakaaro,W.Nabada 2,12,15,15
6065,,Bakaaro,W.Nabada 2,4,6,5
6066,,Bakaaro,W.Nabada 2,21,12,15
6067,,Bakaaro,W.Nabada 2,166,229,460
6068,,Bakaaro,W.Nabada 2,8,11,14
6069,,Bakaaro,W.Nabada 2,31,16,19
6072,,Bakaaro,W.Nabada 2,10,11,9
6079,,Bakaaro,W.Nabada 2,4,3,3
6084,,Bakaaro,W.Nabada 2,22,18,7
6085,,Bakaaro,W.Nabada 2,3,2,6
6086,,Bakaaro,W.Nabada 2,16,16,17
6087,,Bakaaro,W.Nabada 2,13,11,10
6089,,Bakaaro,W.Nabada 2,14,9,11
6090,,Bakaaro,W.Nabada 2,1,1,20
6091,,Bakaaro,W.Nabada 2,2,2,2
6092,,Bakaaro,W.Nabada 2,0,2,2
6093,,Bakaaro,W.Nabada 2,5,5,4
6094,,Bakaaro,W.Nabada 2,5,6,5
6544,,Bakaaro,W.Nabada 2,28,10,11
6545,,Bakaaro,W.Nabada 2,0,10,5
6550,,Bakaaro,W.Nabada 2,4,4,4
6553,,Bakaaro,W.Nabada 2,7,12,9
6555,,Bakaaro,W.Nabada 2,11,13,11
6556,,Bakaaro,W.Nabada 2,2,6,7
6557,,Bakaaro,W.Nabada 2,11,11,13
6558,,Bakaaro,W.Nabada 2,7,10,2
6582,,Bakaaro,W.Nabada 2,9,13,13
6583,,Bakaaro,W.Nabada 2,9,16,14
6584,,Bakaaro,W.Nabada 2,17,15,8
6587,,Bakaaro,W.Nabada 2,4,3,4
6590,,Bakaaro,W.Nabada 2,0,0,4
6591,,Bakaaro,W.Nabada 2,4,2,3
6740,,Bakaaro,W.Nabada 2,5,7,9
7026,,Bakaaro,W.Nabada 2,6,9,9
7032,,Bakaaro,W.Nabada 2,6,6,7
7033,,Bakaaro,W.Nabada 2,0,20,8
7034,,Bakaaro,W.Nabada 2,10,17,12
7035,,Bakaaro,W.Nabada 2,0,2,5
7043,,Bakaaro,W.Nabada 2,14,11,12
7045,,Bakaaro,W.Nabada 2,7,7,5
7082,,Bakaaro,W.Nabada 2,10,9,11
7083,,Bakaaro,W.Nabada 2,13,13.125,15
7084,,Bakaaro,W.Nabada 2,19,24,28
7085,,Bakaaro,W.Nabada 2,5,5,5
7086,,Bakaaro,W.Nabada 2,5,6,6
7087,,Bakaaro,W.Nabada 2,29,25,20
7088,,Bakaaro,W.Nabada 2,10,29,22
7089,,Bakaaro,W.Nabada 2,29,27,22
7090,,Bakaaro,W.Nabada 2,8,6,6
7091,,Bakaaro,W.Nabada 2,15,31,16
7092,,Bakaaro,W.Nabada 2,5,7,5
7093,,Bakaaro,W.Nabada 2,4,5,4
7094,,Bakaaro,W.Nabada 2,8,8,8
7095,,Bakaaro,W.Nabada 2,1,1,1
7096,,Bakaaro,W.Nabada 2,18,19,17
7097,,Bakaaro,W.Nabada 2,14,15,16
7098,,Bakaaro,W.Nabada 2,8,6,6
7102,,Bakaaro,W.Nabada 2,10,20,14
7103,,Bakaaro,W.Nabada 2,6,4,1
7104,,Bakaaro,W.Nabada 2,19,17,17
7105,,Bakaaro,W.Nabada 2,10,10,11
7106,,Bakaaro,W.Nabada 2,24,21,20
7107,,Bakaaro,W.Nabada 2,1,9,8
7108,,Bakaaro,W.Nabada 2,17,11,13
7109,,Bakaaro,W.Nabada 2,12,8,7
7110,,Bakaaro,W.Nabada 2,0,0,0
7111,,Bakaaro,W.Nabada 2,8,5,5
7362,,Bakaaro,W.Nabada 2,18,19,18
7364,,Bakaaro,W.Nabada 2,7,6,6
7366,,Bakaaro,W.Nabada 2,4,5,7
7368,,Bakaaro,W.Nabada 2,5,8,5
7385,,Bakaaro,W.Nabada 2,12,14,15
7386,,Bakaaro,W.Nabada 2,0,0,8
7387,,Bakaaro,W.Nabada 2,10,15,14
7388,,Bakaaro,W.Nabada 2,10,8,9
7659,,Bakaaro,W.Nabada 2,5,6,5
7662,,Bakaaro,W.Nabada 2,10,12,15
7673,,Bakaaro,W.Nabada 2,0,7,3
7674,,Bakaaro,W.Nabada 2,0,6,4
7675,,Bakaaro,W.Nabada 2,11,15,10
7705,,Bakaaro,W.Nabada 2,23,25,26
7706,,Bakaaro,W.Nabada 2,9,9,11
7707,,Bakaaro,W.Nabada 2,11,9,12
7708,,Bakaaro,W.Nabada 2,15,9,13
7709,,Bakaaro,W.Nabada 2,20,22,21
7710,,Bakaaro,W.Nabada 2,6,6,5
7711,,Bakaaro,W.Nabada 2,8,7,8
7715,,Bakaaro,W.Nabada 2,23,30,31
7717,,Bakaaro,W.Nabada 2,1,1,2
7718,,Bakaaro,W.Nabada 2,5,2,4
7720,,Bakaaro,W.Nabada 2,4,23,10
7867,,Bakaaro,W.Nabada 2,26,26,23
7868,,Bakaaro,W.Nabada 2,5,1,0
7930,,Bakaaro,W.Nabada 2,7,13,10
7931,,Bakaaro,W.Nabada 2,14,22,15
7941,,Bakaaro,W.Nabada 2,15,20,23
7943,,Bakaaro,W.Nabada 2,2,10,9
8157,,Bakaaro,W.Nabada 2,9,6,12
8163,,Bakaaro,W.Nabada 2,5,8,11
8166,,Bakaaro,W.Nabada 2,17,20,20
8169,,Bakaaro,W.Nabada 2,15,22,15
8170,,Bakaaro,W.Nabada 2,10,7,5
8197,,Bakaaro,W.Nabada 2,14,8,12
8198,,Bakaaro,W.Nabada 2,9,8,9
8199,,Bakaaro,W.Nabada 2,13,18,12
8200,,Bakaaro,W.Nabada 2,11,11,11
8201,,Bakaaro,W.Nabada 2,18,19,18
8203,,Bakaaro,W.Nabada 2,4,5,5
8204,,Bakaaro,W.Nabada 2,19,14,17
8205,,Bakaaro,W.Nabada 2,8,7,9
8211,,Bakaaro,W.Nabada 2,9,8,6
8406,,Bakaaro,W.Nabada 2,3,3,3
8409,,Bakaaro,W.Nabada 2,4,4,6
8410,,Bakaaro,W.Nabada 2,5,5,4
8414,,Bakaaro,W.Nabada 2,15,12,11
8415,,Bakaaro,W.Nabada 2,30,36,30
8416,,Bakaaro,W.Nabada 2,5,7,10
8500,,Bakaaro,W.Nabada 2,0,19,11
8507,,Bakaaro,W.Nabada 2,20,1,10
8508,,Bakaaro,W.Nabada 2,8,9,10
8576,,Bakaaro,W.Nabada 2,56,52,47
8579,,Bakaaro,W.Nabada 2,24,21,7
8583,,Bakaaro,W.Nabada 2,23,15,12
8628,,Bakaaro,W.Nabada 2,8,12,13
8633,,Bakaaro,W.Nabada 2,17,18,19
8634,,Bakaaro,W.Nabada 2,5,4,7
8686,,Bakaaro,W.Nabada 2,19,13,13
8687,,Bakaaro,W.Nabada 2,5,4,4
8774,,Bakaaro,W.Nabada 2,1,2,1
8845,,Bakaaro,W.Nabada 2,9,12,10
8848,,Bakaaro,W.Nabada 2,8,10,9
8849,,Bakaaro,W.Nabada 2,38,28,12
8850,,Bakaaro,W.Nabada 2,5,13,11
8853,,Bakaaro,W.Nabada 2,5,13,11
8854,,Bakaaro,W.Nabada 2,25,17,17
8864,,Bakaaro,W.Nabada 2,8,8,10
8865,,Bakaaro,W.Nabada 2,8,8,8
8922,,Bakaaro,W.Nabada 2,3,4,3
8966,,Bakaaro,W.Nabada 2,7,5,4
8968,,Bakaaro,W.Nabada 2,23,6,7
9071,,Bakaaro,W.Nabada 2,2,2,3
9075,,Bakaaro,W.Nabada 2,16,18,16
9139,,Bakaaro,W.Nabada 2,8,8,10
9140,,Bakaaro,W.Nabada 2,21,20,20
9178,,Bakaaro,W.Nabada 2,6,14,10
9180,,Bakaaro,W.Nabada 2,5,8,5
9199,,Bakaaro,W.Nabada 2,15,12,13
9219,,Bakaaro,W.Nabada 2,9,15,14
9221,,Bakaaro,W.Nabada 2,19,24,19
9222,,Bakaaro,W.Nabada 2,8,21,20
9254,,Bakaaro,W.Nabada 2,35,30,18
9350,,Bakaaro,W.Nabada 2,22,23,24
9351,,Bakaaro,W.Nabada 2,7,8,6
9399,,Bakaaro,W.Nabada 2,6,6,5
9413,,Bakaaro,W.Nabada 2,9,6,6
9415,,Bakaaro,W.Nabada 2,4,4,6
9416,,Bakaaro,W.Nabada 2,8,10,11
9427,,Bakaaro,W.Nabada 2,4,5,5
9460,,Bakaaro,W.Nabada 2,3,4,5
9473,,Bakaaro,W.Nabada 2,9,3,11
9522,,Bakaaro,W.Nabada 2,24,27,23
9523,,Bakaaro,W.Nabada 2,7,4,7
9526,,Bakaaro,W.Nabada 2,19,17,7
9527,,Bakaaro,W.Nabada 2,15,6,1
9605,,Bakaaro,W.Nabada 2,5,6,4
9610,,Bakaaro,W.Nabada 2,6,7,17
9636,,Bakaaro,W.Nabada 2,6,6,4
9661,,Bakaaro,W.Nabada 2,4,1,1
9707,,Bakaaro,W.Nabada 2,69,43,41
9757,,Bakaaro,W.Nabada 2,12,22,9
9802,,Bakaaro,W.Nabada 2,6,7,5
9841,,Bakaaro,W.Nabada 2,10,10,10
9845,,Bakaaro,W.Nabada 2,2,3,4
9902,,Bakaaro,W.Nabada 2,5,8,4
9921,,Bakaaro,W.Nabada 2,1,0,0
9935,,Bakaaro,W.Nabada 2,6,4,5
9965,,Bakaaro,W.Nabada 2,24,21,20
9985,,Bakaaro,W.Nabada 2,0,0,0
10025,,Bakaaro,W.Nabada 2,13,17,18
10036,,Bakaaro,W.Nabada 2,10,6,17
10199,,Bakaaro,W.Nabada 2,8,10,11
10285,,Bakaaro,W.Nabada 2,4,4,5
10289,,Bakaaro,W.Nabada 2,77,165,69
10994,,Bakaaro,W.Nabada 2,0,0,16
10995,,Bakaaro,W.Nabada 2,0,0,11
10996,,Bakaaro,W.Nabada 2,0,0,15
10997,,Bakaaro,W.Nabada 2,0,0,7
10998,,Bakaaro,W.Nabada 2,0,0,19
10999,,Bakaaro,W.Nabada 2,0,0,1
11000,,Bakaaro,W.Nabada 2,0,0,16
11001,,Bakaaro,W.Nabada 2,0,0,14
11002,,Bakaaro,W.Nabada 2,0,0,23
11003,,Bakaaro,W.Nabada 2,0,0,34
11004,,Bakaaro,W.Nabada 2,0,0,5
11012,,Bakaaro,W.Nabada 2,0,0,2
11046,,Bakaaro,W.Nabada 2,0,0,1
50,,Bakaaro,Yaaqshiid,20,19,20
85,,Bakaaro,Yaaqshiid,6,6,7
89,,Bakaaro,Yaaqshiid,10,8,9
116,,Bakaaro,Yaaqshiid,20,22,26
124,,Bakaaro,Yaaqshiid,1,30,28
125,,Bakaaro,Yaaqshiid,8,7,10
159,,Bakaaro,Yaaqshiid,27,20,20
160,,Bakaaro,Yaaqshiid,6,7,6
209,,Bakaaro,Yaaqshiid,13,12,15
316,,Bakaaro,Yaaqshiid,12,6,5
317,,Bakaaro,Yaaqshiid,11,10,1
318,,Bakaaro,Yaaqshiid,3,2,2
319,,Bakaaro,Yaaqshiid,5,6,6
320,,Bakaaro,Yaaqshiid,7,9,10
321,,Bakaaro,Yaaqshiid,5,6,7
322,,Bakaaro,Yaaqshiid,4,4,5
530,,Bakaaro,Yaaqshiid,15,15,19
531,,Bakaaro,Yaaqshiid,3,7,15
532,,Bakaaro,Yaaqshiid,3,4,4
533,,Bakaaro,Yaaqshiid,12,10,15
534,,Bakaaro,Yaaqshiid,2,3,1
535,,Bakaaro,Yaaqshiid,5,6,5
536,,Bakaaro,Yaaqshiid,10,9,11
537,,Bakaaro,Yaaqshiid,1,3,1
538,,Bakaaro,Yaaqshiid,12,5,5
553,,Bakaaro,Yaaqshiid,14,12,12
3270,,Bakaaro,Yaaqshiid,0,6,2
4696,,Bakaaro,Yaaqshiid,15,13,14
4697,,Bakaaro,Yaaqshiid,21,20,16
4698,,Bakaaro,Yaaqshiid,17,18,23
4699,,Bakaaro,Yaaqshiid,2,2,2
4700,,Bakaaro,Yaaqshiid,7,7,8
4701,,Bakaaro,Yaaqshiid,16,15,21
4702,,Bakaaro,Yaaqshiid,6,4,8
4703,,Bakaaro,Yaaqshiid,8,8,6
4704,,Bakaaro,Yaaqshiid,4,3,4
4705,,Bakaaro,Yaaqshiid,12,15,15
4706,,Bakaaro,Yaaqshiid,12,12,15
4707,,Bakaaro,Yaaqshiid,15,15,12
4708,,Bakaaro,Yaaqshiid,4,4,4
4709,,Bakaaro,Yaaqshiid,3,4,4
4710,,Bakaaro,Yaaqshiid,9,17,7
4711,,Bakaaro,Yaaqshiid,0,1,1
4712,,Bakaaro,Yaaqshiid,2,3,4
4713,,Bakaaro,Yaaqshiid,1,2,1
4714,,Bakaaro,Yaaqshiid,3,2,3
4715,,Bakaaro,Yaaqshiid,5,5,4
4716,,Bakaaro,Yaaqshiid,9,11,10
4717,,Bakaaro,Yaaqshiid,8,7,8
4718,,Bakaaro,Yaaqshiid,4,6,3
4719,,Bakaaro,Yaaqshiid,6,5,8
4720,,Bakaaro,Yaaqshiid,9,10,13
4721,,Bakaaro,Yaaqshiid,1,1,1
4722,,Bakaaro,Yaaqshiid,11,14,13
4723,,Bakaaro,Yaaqshiid,10,15,8
4724,,Bakaaro,Yaaqshiid,8,9,9
4725,,Bakaaro,Yaaqshiid,1,7,1
4726,,Bakaaro,Yaaqshiid,1,2,3
4727,,Bakaaro,Yaaqshiid,14,7,11
4728,,Bakaaro,Yaaqshiid,14,10,9
4729,,Bakaaro,Yaaqshiid,7,8,10
4730,,Bakaaro,Yaaqshiid,5,8,8
4731,,Bakaaro,Yaaqshiid,3,5,4
4732,,Bakaaro,Yaaqshiid,17,16,20
4733,,Bakaaro,Yaaqshiid,25,30,33
4734,,Bakaaro,Yaaqshiid,49,38,36
4735,,Bakaaro,Yaaqshiid,18,18,15
4736,,Bakaaro,Yaaqshiid,10,9,7
4737,,Bakaaro,Yaaqshiid,12,5,7
4738,,Bakaaro,Yaaqshiid,11,13,12
4739,,Bakaaro,Yaaqshiid,14,17,16
4740,,Bakaaro,Yaaqshiid,19,15,18
4741,,Bakaaro,Yaaqshiid,15,23,21
4742,,Bakaaro,Yaaqshiid,23,22,25
4743,,Bakaaro,Yaaqshiid,20,23,23
4744,,Bakaaro,Yaaqshiid,3,7,4
4745,,Bakaaro,Yaaqshiid,13,11,13
4746,,Bakaaro,Yaaqshiid,9,8,13
4747,,Bakaaro,Yaaqshiid,5,6,6
4748,,Bakaaro,Yaaqshiid,1,1,1
4749,,Bakaaro,Yaaqshiid,8,7,7
4750,,Bakaaro,Yaaqshiid,1,1,1
4751,,Bakaaro,Yaaqshiid,3,5,6
4752,,Bakaaro,Yaaqshiid,20,17,16
4753,,Bakaaro,Yaaqshiid,9,6,8
4754,,Bakaaro,Yaaqshiid,11,13,12
4755,,Bakaaro,Yaaqshiid,7,5,8
4756,,Bakaaro,Yaaqshiid,2,3,2
4757,,Bakaaro,Yaaqshiid,4,5,14
4758,,Bakaaro,Yaaqshiid,7,6,8
4759,,Bakaaro,Yaaqshiid,2,1,3
4760,,Bakaaro,Yaaqshiid,4,7,3
4761,,Bakaaro,Yaaqshiid,20,23,20
4762,,Bakaaro,Yaaqshiid,308,325,357
4763,,Bakaaro,Yaaqshiid,1,1,1
4764,,Bakaaro,Yaaqshiid,10,13,13
4765,,Bakaaro,Yaaqshiid,5,5,6
4766,,Bakaaro,Yaaqshiid,3,3,6
4767,,Bakaaro,Yaaqshiid,3,4,4
4768,,Bakaaro,Yaaqshiid,10,11,10
4769,,Bakaaro,Yaaqshiid,3,10,13
4770,,Bakaaro,Yaaqshiid,4,4,5
4771,,Bakaaro,Yaaqshiid,18,21,19
4772,,Bakaaro,Yaaqshiid,3,8,7
4773,,Bakaaro,Yaaqshiid,1,1,1
4774,,Bakaaro,Yaaqshiid,5,4,3
4775,,Bakaaro,Yaaqshiid,3,2,9
4776,,Bakaaro,Yaaqshiid,25,25,25
4777,,Bakaaro,Yaaqshiid,17,10,10
4778,,Bakaaro,Yaaqshiid,17,12,13
4779,,Bakaaro,Yaaqshiid,7,6,8
4780,,Bakaaro,Yaaqshiid,1,3,2
4781,,Bakaaro,Yaaqshiid,0,0,11
4782,,Bakaaro,Yaaqshiid,8,7,7
4783,,Bakaaro,Yaaqshiid,8,8,12
4784,,Bakaaro,Yaaqshiid,1,2,1
4785,,Bakaaro,Yaaqshiid,9,11,10
4786,,Bakaaro,Yaaqshiid,12,19,12
4787,,Bakaaro,Yaaqshiid,19,4,15
4788,,Bakaaro,Yaaqshiid,11,12,15
4789,,Bakaaro,Yaaqshiid,4,4,1
4790,,Bakaaro,Yaaqshiid,23,40,33
4791,,Bakaaro,Yaaqshiid,1,1,1
4792,,Bakaaro,Yaaqshiid,7,8,10
4793,,Bakaaro,Yaaqshiid,4,4,5
4794,,Bakaaro,Yaaqshiid,14,15,15
4795,,Bakaaro,Yaaqshiid,8,6,6
4796,,Bakaaro,Yaaqshiid,6,4,3
4797,,Bakaaro,Yaaqshiid,3,3,5
4798,,Bakaaro,Yaaqshiid,10,12,10
4799,,Bakaaro,Yaaqshiid,5,7,7
4800,,Bakaaro,Yaaqshiid,31,22,18
4801,,Bakaaro,Yaaqshiid,4,3,2
4802,,Bakaaro,Yaaqshiid,4,6,2
4803,,Bakaaro,Yaaqshiid,6,5,4
4804,,Bakaaro,Yaaqshiid,1,1,1
4805,,Bakaaro,Yaaqshiid,9,3,9
4806,,Bakaaro,Yaaqshiid,1,1,1
4807,,Bakaaro,Yaaqshiid,5,4,3
4808,,Bakaaro,Yaaqshiid,2,4,7
4809,,Bakaaro,Yaaqshiid,3,4,4
4810,,Bakaaro,Yaaqshiid,1,1,1
4811,,Bakaaro,Yaaqshiid,19,15,18
4812,,Bakaaro,Yaaqshiid,4,5,5
4813,,Bakaaro,Yaaqshiid,3,2,2
4814,,Bakaaro,Yaaqshiid,11,10,13
4815,,Bakaaro,Yaaqshiid,17,13,12
4816,,Bakaaro,Yaaqshiid,12,10,11
4817,,Bakaaro,Yaaqshiid,1,1,3
4818,,Bakaaro,Yaaqshiid,21,18,16
4819,,Bakaaro,Yaaqshiid,5,5,5
4820,,Bakaaro,Yaaqshiid,26,31,39
4821,,Bakaaro,Yaaqshiid,1,1,1
4822,,Bakaaro,Yaaqshiid,13,12,13
4823,,Bakaaro,Yaaqshiid,9,13,16
4824,,Bakaaro,Yaaqshiid,2,6,5
4825,,Bakaaro,Yaaqshiid,11,9,10
4826,,Bakaaro,Yaaqshiid,4,5,6
4827,,Bakaaro,Yaaqshiid,29,40,21
4828,,Bakaaro,Yaaqshiid,13,9,7
4829,,Bakaaro,Yaaqshiid,7,7,4
4830,,Bakaaro,Yaaqshiid,0,0,27
4831,,Bakaaro,Yaaqshiid,8,18,11
4832,,Bakaaro,Yaaqshiid,12,10,13
4833,,Bakaaro,Yaaqshiid,9,10,11
4834,,Bakaaro,Yaaqshiid,6,6,5
4835,,Bakaaro,Yaaqshiid,6,3,4
4836,,Bakaaro,Yaaqshiid,0,0,29
4837,,Bakaaro,Yaaqshiid,2,4,4
4838,,Bakaaro,Yaaqshiid,65,74,59
4839,,Bakaaro,Yaaqshiid,24,24,26
4840,,Bakaaro,Yaaqshiid,2,2,2
4841,,Bakaaro,Yaaqshiid,10,11,12
4842,,Bakaaro,Yaaqshiid,22,23,22
4843,,Bakaaro,Yaaqshiid,0,0,0
4844,,Bakaaro,Yaaqshiid,0,0,22
4845,,Bakaaro,Yaaqshiid,7,9,8
4846,,Bakaaro,Yaaqshiid,16,19,16
4847,,Bakaaro,Yaaqshiid,4,5,3
4848,,Bakaaro,Yaaqshiid,5,5,5
4849,,Bakaaro,Yaaqshiid,9,8,10
4850,,Bakaaro,Yaaqshiid,11,10,9
4851,,Bakaaro,Yaaqshiid,1,2,9
4852,,Bakaaro,Yaaqshiid,4,3,4
4853,,Bakaaro,Yaaqshiid,7,5,6
4854,,Bakaaro,Yaaqshiid,1,1,2
5085,,Bakaaro,Yaaqshiid,11,10,13
5486,,Bakaaro,Yaaqshiid,23,19,23
5487,,Bakaaro,Yaaqshiid,7,12,14
5488,,Bakaaro,Yaaqshiid,6,6,5
5489,,Bakaaro,Yaaqshiid,2,2,2
5490,,Bakaaro,Yaaqshiid,1,1,36
5491,,Bakaaro,Yaaqshiid,3,3,1
5492,,Bakaaro,Yaaqshiid,15,15,15
5493,,Bakaaro,Yaaqshiid,13,15,10
5494,,Bakaaro,Yaaqshiid,13,12,13
5495,,Bakaaro,Yaaqshiid,5,4,6
5496,,Bakaaro,Yaaqshiid,10,12,10
5497,,Bakaaro,Yaaqshiid,28,27,27
5498,,Bakaaro,Yaaqshiid,3,5,4
5499,,Bakaaro,Yaaqshiid,19,17,22
5500,,Bakaaro,Yaaqshiid,8,9,8
5501,,Bakaaro,Yaaqshiid,6,6,6
5502,,Bakaaro,Yaaqshiid,2,2,3
5503,,Bakaaro,Yaaqshiid,14,13,14
5504,,Bakaaro,Yaaqshiid,4,4,2
5505,,Bakaaro,Yaaqshiid,2,2,2
5506,,Bakaaro,Yaaqshiid,2,1,1
5507,,Bakaaro,Yaaqshiid,13,12,11
5508,,Bakaaro,Yaaqshiid,8,7,11
5509,,Bakaaro,Yaaqshiid,13,12,14
5510,,Bakaaro,Yaaqshiid,2,1,12
5511,,Bakaaro,Yaaqshiid,1,1,1
6303,,Bakaaro,Yaaqshiid,2,3,2
6304,,Bakaaro,Yaaqshiid,17,16,13
6305,,Bakaaro,Yaaqshiid,10,10,7
6306,,Bakaaro,Yaaqshiid,9,3,3
6307,,Bakaaro,Yaaqshiid,5,4,4
6308,,Bakaaro,Yaaqshiid,7,7,5
6309,,Bakaaro,Yaaqshiid,18,19,18
6310,,Bakaaro,Yaaqshiid,3,3,3
6311,,Bakaaro,Yaaqshiid,34,54,24
6312,,Bakaaro,Yaaqshiid,9,10,10
6313,,Bakaaro,Yaaqshiid,7,5,8
6314,,Bakaaro,Yaaqshiid,19,18,23
6315,,Bakaaro,Yaaqshiid,1,1,1
6316,,Bakaaro,Yaaqshiid,24,24,22
6317,,Bakaaro,Yaaqshiid,21,17,14
6318,,Bakaaro,Yaaqshiid,4,2,3
6319,,Bakaaro,Yaaqshiid,5,5,4
6320,,Bakaaro,Yaaqshiid,10,15,15
6321,,Bakaaro,Yaaqshiid,11,9,8
6322,,Bakaaro,Yaaqshiid,17,8,11
6323,,Bakaaro,Yaaqshiid,10,5,8
6324,,Bakaaro,Yaaqshiid,7,8,7
6325,,Bakaaro,Yaaqshiid,14,12,8
6326,,Bakaaro,Yaaqshiid,14,10,6
6327,,Bakaaro,Yaaqshiid,4,2,2
6328,,Bakaaro,Yaaqshiid,10,4,15
6329,,Bakaaro,Yaaqshiid,3,1,1
6330,,Bakaaro,Yaaqshiid,10,9,6
6331,,Bakaaro,Yaaqshiid,3,20,18
6332,,Bakaaro,Yaaqshiid,4,4,2
6333,,Bakaaro,Yaaqshiid,7,8,25
6334,,Bakaaro,Yaaqshiid,4,6,5
6335,,Bakaaro,Yaaqshiid,11,12,13
6336,,Bakaaro,Yaaqshiid,7,7,11
6337,,Bakaaro,Yaaqshiid,1,1,1
6338,,Bakaaro,Yaaqshiid,31,14,21
6339,,Bakaaro,Yaaqshiid,10,9,10
6340,,Bakaaro,Yaaqshiid,23,11,14
6341,,Bakaaro,Yaaqshiid,8,9,9
6342,,Bakaaro,Yaaqshiid,3,1,4
6707,,Bakaaro,Yaaqshiid,5,5,5
6708,,Bakaaro,Yaaqshiid,5,4,3
6709,,Bakaaro,Yaaqshiid,6,6,8
6710,,Bakaaro,Yaaqshiid,12,11,11
6711,,Bakaaro,Yaaqshiid,9,8,10
6712,,Bakaaro,Yaaqshiid,7,5,7
6713,,Bakaaro,Yaaqshiid,6,5,5
6714,,Bakaaro,Yaaqshiid,8,9,7
6715,,Bakaaro,Yaaqshiid,21,17,19
6716,,Bakaaro,Yaaqshiid,2,2,1
6717,,Bakaaro,Yaaqshiid,6,6,5
6718,,Bakaaro,Yaaqshiid,2,2,2
6719,,Bakaaro,Yaaqshiid,5,2,5
6720,,Bakaaro,Yaaqshiid,12,20,23
6721,,Bakaaro,Yaaqshiid,15,13,13
6722,,Bakaaro,Yaaqshiid,16,15,14
6723,,Bakaaro,Yaaqshiid,7,10,8
6724,,Bakaaro,Yaaqshiid,8,15,11
6725,,Bakaaro,Yaaqshiid,10,13,15
6742,,Bakaaro,Yaaqshiid,14,10,13
7229,,Bakaaro,Yaaqshiid,10,10,10
7230,,Bakaaro,Yaaqshiid,8,15,15
7231,,Bakaaro,Yaaqshiid,5,11,11
7232,,Bakaaro,Yaaqshiid,31,29,29
7233,,Bakaaro,Yaaqshiid,7,5,2
7234,,Bakaaro,Yaaqshiid,17,18,13
7235,,Bakaaro,Yaaqshiid,36,36,40
7236,,Bakaaro,Yaaqshiid,10,11,8
7237,,Bakaaro,Yaaqshiid,8,9,8
7238,,Bakaaro,Yaaqshiid,11,10,13
7239,,Bakaaro,Yaaqshiid,17,8,8
7240,,Bakaaro,Yaaqshiid,12,10,10
7241,,Bakaaro,Yaaqshiid,11,14,13
7242,,Bakaaro,Yaaqshiid,22,25,12
7243,,Bakaaro,Yaaqshiid,5,15,5
7244,,Bakaaro,Yaaqshiid,17,17,15
7245,,Bakaaro,Yaaqshiid,16,17,13
7246,,Bakaaro,Yaaqshiid,10,11,10
7247,,Bakaaro,Yaaqshiid,15,19,19
7248,,Bakaaro,Yaaqshiid,22,27,23
7249,,Bakaaro,Yaaqshiid,20,12,25
7250,,Bakaaro,Yaaqshiid,17,15,18
7251,,Bakaaro,Yaaqshiid,18,2,31
7252,,Bakaaro,Yaaqshiid,0,1,1
7253,,Bakaaro,Yaaqshiid,5,7,10
7254,,Bakaaro,Yaaqshiid,14,11,17
7255,,Bakaaro,Yaaqshiid,11,11,10
7256,,Bakaaro,Yaaqshiid,6,12,14
7257,,Bakaaro,Yaaqshiid,34,25,26
7295,,Bakaaro,Yaaqshiid,17,24,17
7430,,Bakaaro,Yaaqshiid,6,7,6
7431,,Bakaaro,Yaaqshiid,8,11,15
7432,,Bakaaro,Yaaqshiid,6,6,9
7433,,Bakaaro,Yaaqshiid,7,7,6
7434,,Bakaaro,Yaaqshiid,16,11,9
7435,,Bakaaro,Yaaqshiid,8,9,8
7436,,Bakaaro,Yaaqshiid,13,14,25
7437,,Bakaaro,Yaaqshiid,10,12,12
7438,,Bakaaro,Yaaqshiid,20,23,24
7439,,Bakaaro,Yaaqshiid,18,16,19
7811,,Bakaaro,Yaaqshiid,12,9,12
7812,,Bakaaro,Yaaqshiid,12,12,18
7813,,Bakaaro,Yaaqshiid,6,6,5
7814,,Bakaaro,Yaaqshiid,36,45,46
7815,,Bakaaro,Yaaqshiid,14,18,17
7816,,Bakaaro,Yaaqshiid,6,5,7
7817,,Bakaaro,Yaaqshiid,3,3,3
7818,,Bakaaro,Yaaqshiid,2,3,4
7819,,Bakaaro,Yaaqshiid,18,12,14
7820,,Bakaaro,Yaaqshiid,14,14,12
7821,,Bakaaro,Yaaqshiid,8,2,24
7822,,Bakaaro,Yaaqshiid,16,16,21
7823,,Bakaaro,Yaaqshiid,17,16,17
7824,,Bakaaro,Yaaqshiid,12,13,14
7825,,Bakaaro,Yaaqshiid,8,6,1
7826,,Bakaaro,Yaaqshiid,7,7,6
7827,,Bakaaro,Yaaqshiid,5,14,15
7828,,Bakaaro,Yaaqshiid,39,34,31
7829,,Bakaaro,Yaaqshiid,7,10,10
7830,,Bakaaro,Yaaqshiid,13,8,7
7831,,Bakaaro,Yaaqshiid,8,7,6
7832,,Bakaaro,Yaaqshiid,13,22,22
7833,,Bakaaro,Yaaqshiid,9,7,12
7871,,Bakaaro,Yaaqshiid,3,5,3
7986,,Bakaaro,Yaaqshiid,17,12,17
7987,,Bakaaro,Yaaqshiid,12,10,11
7988,,Bakaaro,Yaaqshiid,6,3,8
7989,,Bakaaro,Yaaqshiid,2,1,2
7990,,Bakaaro,Yaaqshiid,2,3,2
7991,,Bakaaro,Yaaqshiid,10,10,8
7992,,Bakaaro,Yaaqshiid,1,2,3
7993,,Bakaaro,Yaaqshiid,20,43,20
7994,,Bakaaro,Yaaqshiid,16,17,22
7995,,Bakaaro,Yaaqshiid,44,45,44
8301,,Bakaaro,Yaaqshiid,31,19,21
8302,,Bakaaro,Yaaqshiid,7,7,3
8303,,Bakaaro,Yaaqshiid,12,9,11
8304,,Bakaaro,Yaaqshiid,7,8,9
8305,,Bakaaro,Yaaqshiid,5,8,7
8306,,Bakaaro,Yaaqshiid,7,8,10
8307,,Bakaaro,Yaaqshiid,5,6,6
8308,,Bakaaro,Yaaqshiid,17,15,18
8309,,Bakaaro,Yaaqshiid,8,7,7
8310,,Bakaaro,Yaaqshiid,15,15,14
8311,,Bakaaro,Yaaqshiid,13,6,12
8312,,Bakaaro,Yaaqshiid,25,23,31
8313,,Bakaaro,Yaaqshiid,19,20,2
8314,,Bakaaro,Yaaqshiid,16,14,17
8315,,Bakaaro,Yaaqshiid,15,20,17
8316,,Bakaaro,Yaaqshiid,6,8,7
8317,,Bakaaro,Yaaqshiid,13,8,10
8318,,Bakaaro,Yaaqshiid,13,17,5
8319,,Bakaaro,Yaaqshiid,14,33,33
8320,,Bakaaro,Yaaqshiid,5,9,4
8321,,Bakaaro,Yaaqshiid,2,3,1
8322,,Bakaaro,Yaaqshiid,17,15,14
8323,,Bakaaro,Yaaqshiid,8,8,8
8324,,Bakaaro,Yaaqshiid,5,8,7
8325,,Bakaaro,Yaaqshiid,11,9,11
8326,,Bakaaro,Yaaqshiid,4,5,4
8327,,Bakaaro,Yaaqshiid,12,12,13
8328,,Bakaaro,Yaaqshiid,39,46,45
8329,,Bakaaro,Yaaqshiid,3,1,3
8357,,Bakaaro,Yaaqshiid,36,37,42
8447,,Bakaaro,Yaaqshiid,14,15,19
8448,,Bakaaro,Yaaqshiid,6,5,5
8449,,Bakaaro,Yaaqshiid,10,8,13
8450,,Bakaaro,Yaaqshiid,18,18,19
8451,,Bakaaro,Yaaqshiid,0,0,0
8452,,Bakaaro,Yaaqshiid,6,8,8
8453,,Bakaaro,Yaaqshiid,12,15,18
8454,,Bakaaro,Yaaqshiid,10,12,5
8455,,Bakaaro,Yaaqshiid,32,33,32
8456,,Bakaaro,Yaaqshiid,1,4,4
8457,,Bakaaro,Yaaqshiid,12,14,12
8458,,Bakaaro,Yaaqshiid,8,15,19
8459,,Bakaaro,Yaaqshiid,9,10,2
8462,,Bakaaro,Yaaqshiid,12,12,10
8541,,Bakaaro,Yaaqshiid,17,19,20
8542,,Bakaaro,Yaaqshiid,19,19,18
8543,,Bakaaro,Yaaqshiid,8,7,7
8544,,Bakaaro,Yaaqshiid,12,22,22
8545,,Bakaaro,Yaaqshiid,21,15,13
8546,,Bakaaro,Yaaqshiid,6,3,5
8547,,Bakaaro,Yaaqshiid,68,20,34
8548,,Bakaaro,Yaaqshiid,6,7,5
8549,,Bakaaro,Yaaqshiid,12,15,13
8594,,Bakaaro,Yaaqshiid,12,15,14
8595,,Bakaaro,Yaaqshiid,15,15,20
8596,,Bakaaro,Yaaqshiid,1,0,0
8655,,Bakaaro,Yaaqshiid,10,9,8
8656,,Bakaaro,Yaaqshiid,20,20,21
8657,,Bakaaro,Yaaqshiid,5,4,4
8700,,Bakaaro,Yaaqshiid,22,19,19
8701,,Bakaaro,Yaaqshiid,12,12,15
8702,,Bakaaro,Yaaqshiid,7,5,6
8753,,Bakaaro,Yaaqshiid,17,19,16
8754,,Bakaaro,Yaaqshiid,6,5,12
8755,,Bakaaro,Yaaqshiid,9,7,6
8756,,Bakaaro,Yaaqshiid,8,15,9
8757,,Bakaaro,Yaaqshiid,7,7,8
8783,,Bakaaro,Yaaqshiid,7,7,7
8784,,Bakaaro,Yaaqshiid,20,20,23
8785,,Bakaaro,Yaaqshiid,0,1,2
8786,,Bakaaro,Yaaqshiid,5,6,7
8787,,Bakaaro,Yaaqshiid,9,6,10
8898,,Bakaaro,Yaaqshiid,2,2,2
8899,,Bakaaro,Yaaqshiid,4,5,4
8900,,Bakaaro,Yaaqshiid,15,15,15
8901,,Bakaaro,Yaaqshiid,0,0,0
8902,,Bakaaro,Yaaqshiid,19,12,9
8903,,Bakaaro,Yaaqshiid,1,1,1
8929,,Bakaaro,Yaaqshiid,26,20,16
8930,,Bakaaro,Yaaqshiid,1,1,1
8931,,Bakaaro,Yaaqshiid,17,16,8
8982,,Bakaaro,Yaaqshiid,7,8,9
9054,,Bakaaro,Yaaqshiid,11,12,10
9055,,Bakaaro,Yaaqshiid,2,2,3
9056,,Bakaaro,Yaaqshiid,10,4,2
9057,,Bakaaro,Yaaqshiid,15,14,14
9083,,Bakaaro,Yaaqshiid,6,6,6
9099,,Bakaaro,Yaaqshiid,25,10,15
9100,,Bakaaro,Yaaqshiid,2,4,2
9101,,Bakaaro,Yaaqshiid,6,9,7
9102,,Bakaaro,Yaaqshiid,6,6,6
9124,,Bakaaro,Yaaqshiid,17,18,23
9125,,Bakaaro,Yaaqshiid,1,1,1
9150,,Bakaaro,Yaaqshiid,20,14,20
9188,,Bakaaro,Yaaqshiid,5,4,10
9189,,Bakaaro,Yaaqshiid,11,11,11
9190,,Bakaaro,Yaaqshiid,8,10,10
9205,,Bakaaro,Yaaqshiid,12,12,15
9206,,Bakaaro,Yaaqshiid,7,7,7
9229,,Bakaaro,Yaaqshiid,38,29,53
9241,,Bakaaro,Yaaqshiid,0,1,1
9242,,Bakaaro,Yaaqshiid,15,16,14
9272,,Bakaaro,Yaaqshiid,15,11,12
9323,,Bakaaro,Yaaqshiid,1,1,3
9326,,Bakaaro,Yaaqshiid,1,3,2
9340,,Bakaaro,Yaaqshiid,10,7,10
9341,,Bakaaro,Yaaqshiid,20,19,25
9342,,Bakaaro,Yaaqshiid,3,3,3
9363,,Bakaaro,Yaaqshiid,12,15,20
9373,,Bakaaro,Yaaqshiid,6,5,7
9390,,Bakaaro,Yaaqshiid,30,30,32
9422,,Bakaaro,Yaaqshiid,15,14,12
9423,,Bakaaro,Yaaqshiid,7,5,18
9433,,Bakaaro,Yaaqshiid,3,4,5
9446,,Bakaaro,Yaaqshiid,23,29,31
9447,,Bakaaro,Yaaqshiid,10,17,16
9463,,Bakaaro,Yaaqshiid,20,22,25
9478,,Bakaaro,Yaaqshiid,8,8,10
9502,,Bakaaro,Yaaqshiid,4,2,3
9503,,Bakaaro,Yaaqshiid,10,13,18
9533,,Bakaaro,Yaaqshiid,9,3,9
9534,,Bakaaro,Yaaqshiid,0,0,0
9555,,Bakaaro,Yaaqshiid,2,2,2
9556,,Bakaaro,Yaaqshiid,13,6,6
9574,,Bakaaro,Yaaqshiid,4,5,6
9575,,Bakaaro,Yaaqshiid,23,24,24
9589,,Bakaaro,Yaaqshiid,18,17,22
9590,,Bakaaro,Yaaqshiid,7,2,1
9596,,Bakaaro,Yaaqshiid,25,25,25
9671,,Bakaaro,Yaaqshiid,14,23,25
9691,,Bakaaro,Yaaqshiid,13,12,15
9739,,Bakaaro,Yaaqshiid,2,2,3
9748,,Bakaaro,Yaaqshiid,14,12,14
9777,,Bakaaro,Yaaqshiid,2,8,9
9806,,Bakaaro,Yaaqshiid,26,16,15
9815,,Bakaaro,Yaaqshiid,13,12,20
9836,,Bakaaro,Yaaqshiid,8,10,9
9840,,Bakaaro,Yaaqshiid,3,4,2
9861,,Bakaaro,Yaaqshiid,5,4,7
9872,,Bakaaro,Yaaqshiid,8,4,1
9918,,Bakaaro,Yaaqshiid,10,12,14
9938,,Bakaaro,Yaaqshiid,4,4,8
9943,,Bakaaro,Yaaqshiid,2,8,9
9946,,Bakaaro,Yaaqshiid,7,5,7
9951,,Bakaaro,Yaaqshiid,10,11,9
9955,,Bakaaro,Yaaqshiid,22,20,22
10001,,Bakaaro,Yaaqshiid,77,70,52
10028,,Bakaaro,Yaaqshiid,3,4,5
10048,,Bakaaro,Yaaqshiid,3,3,3
10063,,Bakaaro,Yaaqshiid,8,8,7
10068,,Bakaaro,Yaaqshiid,10,8,7
10093,,Bakaaro,Yaaqshiid,12,24,3
10097,,Bakaaro,Yaaqshiid,16,24,17
10116,,Bakaaro,Yaaqshiid,16,18,16
10118,,Bakaaro,Yaaqshiid,1,0,0
10151,,Bakaaro,Yaaqshiid,0,0,3
10202,,Bakaaro,Yaaqshiid,3,8,6
10203,,Bakaaro,Yaaqshiid,1,2,1
10219,,Bakaaro,Yaaqshiid,4,3,3
10220,,Bakaaro,Yaaqshiid,3,1,1
10231,,Bakaaro,Yaaqshiid,5,7,6
10232,,Bakaaro,Yaaqshiid,5,4,7
10276,,Bakaaro,Yaaqshiid,83,0,0
10286,,Bakaaro,Yaaqshiid,11,10,11
10945,,Bakaaro,Yaaqshiid,0,6,3
10946,,Bakaaro,Yaaqshiid,0,6,3
10947,,Bakaaro,Yaaqshiid,0,10,7
10948,,Bakaaro,Yaaqshiid,0,2,1
10949,,Bakaaro,Yaaqshiid,0,6,3
10950,,Bakaaro,Yaaqshiid,0,6,14
10951,,Bakaaro,Yaaqshiid,0,5,1
10952,,Bakaaro,Yaaqshiid,0,3,5
10953,,Bakaaro,Yaaqshiid,0,10,5
10954,,Bakaaro,Yaaqshiid,0,4,3
10955,,Bakaaro,Yaaqshiid,0,9,5
10956,,Bakaaro,Yaaqshiid,0,12,10
10957,,Bakaaro,Yaaqshiid,0,3,1
10958,,Bakaaro,Yaaqshiid,0,11,10
10959,,Bakaaro,Yaaqshiid,0,7,9
10960,,Bakaaro,Yaaqshiid,0,5,4
10961,,Bakaaro,Yaaqshiid,0,3,1
10989,,Bakaaro,Yaaqshiid,0,12,4
10990,,Bakaaro,Yaaqshiid,0,3,4
11048,,Bakaaro,Yaaqshiid,0,0,8
,,,,,,
1,,Hodan,Seebiyaano ,3,3,2
2,,Hodan,Seebiyaano ,10,10,10
6,,Hodan,Seebiyaano ,14,14,15
7,,Hodan,Seebiyaano ,9,13,7
8,,Hodan,Seebiyaano ,10,12,14
12,,Hodan,Seebiyaano ,0,0,0
13,,Hodan,Seebiyaano ,12,10,10
14,,Hodan,Seebiyaano ,7,7,8
15,,Hodan,Seebiyaano ,2,2,9
16,,Hodan,Seebiyaano ,2,2,2
17,,Hodan,Seebiyaano ,7,9,6
18,,Hodan,Seebiyaano ,3,2,2
19,,Hodan,Seebiyaano ,25,25,23
20,,Hodan,Seebiyaano ,7,5,5
21,,Hodan,Seebiyaano ,1,1,1
22,,Hodan,Seebiyaano ,4,0,0
23,,Hodan,Seebiyaano ,2,5,5
24,,Hodan,Seebiyaano ,12,10,13
25,,Hodan,Seebiyaano ,1,2,2
26,,Hodan,Seebiyaano ,6,4,7
27,,Hodan,Seebiyaano ,9,10,5
28,,Hodan,Seebiyaano ,1,1,1
29,,Hodan,Seebiyaano ,6,4,4
30,,Hodan,Seebiyaano ,5,5,4
31,,Hodan,Seebiyaano ,5,2,2
32,,Hodan,Seebiyaano ,2,1,2
33,,Hodan,Seebiyaano ,6,5,6
34,,Hodan,Seebiyaano ,6,8,4
35,,Hodan,Seebiyaano ,27,20,24
36,,Hodan,Seebiyaano ,0,1,1
37,,Hodan,Seebiyaano ,2,2,1
38,,Hodan,Seebiyaano ,4,4,3
39,,Hodan,Seebiyaano ,11,9,10
40,,Hodan,Seebiyaano ,69,111,155
41,,Hodan,Seebiyaano ,5,3,4
42,,Hodan,Seebiyaano ,6,8,9
43,,Hodan,Seebiyaano ,1,10,14
44,,Hodan,Seebiyaano ,22,23,32
45,,Hodan,Seebiyaano ,5,6,5
46,,Hodan,Seebiyaano ,8,7,7
47,,Hodan,Seebiyaano ,8,2,4
48,,Hodan,Seebiyaano ,8,8,2
49,,Hodan,Seebiyaano ,1,1,1
50,,Hodan,Seebiyaano ,8,2,3
51,,Hodan,Seebiyaano ,10,15,20
52,,Hodan,Seebiyaano ,11,10,9
53,,Hodan,Seebiyaano ,30,42,47
54,,Hodan,Seebiyaano ,13,11,9
55,,Hodan,Seebiyaano ,21,12,13
56,,Hodan,Seebiyaano ,8,7,5
57,,Hodan,Seebiyaano ,8,4,7
58,,Hodan,Seebiyaano ,6,6,8
59,,Hodan,Seebiyaano ,0,0,0
60,,Hodan,Seebiyaano ,10,11,10
61,,Hodan,Seebiyaano ,7,5,5
62,,Hodan,Seebiyaano ,19,15,15
63,,Hodan,Seebiyaano ,4,5,6
64,,Hodan,Seebiyaano ,7,9,8
65,,Hodan,Seebiyaano ,10,8,8
66,,Hodan,Seebiyaano ,1,1,1
67,,Hodan,Seebiyaano ,21,22,20
68,,Hodan,Seebiyaano ,33,36,33
69,,Hodan,Seebiyaano ,12,11,9
70,,Hodan,Seebiyaano ,0,8,11
71,,Hodan,Seebiyaano ,16,7,11
72,,Hodan,Seebiyaano ,3,3,2
73,,Hodan,Seebiyaano ,3,4,2
74,,Hodan,Seebiyaano ,20,18,16
75,,Hodan,Seebiyaano ,5,4,3
76,,Hodan,Seebiyaano ,9,8,8
77,,Hodan,Seebiyaano ,7,6,6
78,,Hodan,Seebiyaano ,8,8,9
79,,Hodan,Seebiyaano ,0,0,0
80,,Hodan,Seebiyaano ,13,13,11
81,,Hodan,Seebiyaano ,14,14,16
82,,Hodan,Seebiyaano ,23,27,20
83,,Hodan,Seebiyaano ,19,22,20
84,,Hodan,Seebiyaano ,12,12,15
85,,Hodan,Seebiyaano ,8,7,8
86,,Hodan,Seebiyaano ,29,30,40
87,,Hodan,Seebiyaano ,3,3,2
88,,Hodan,Seebiyaano ,13,14,13
89,,Hodan,Seebiyaano ,15,12,14
90,,Hodan,Seebiyaano ,6,4,5
91,,Hodan,Seebiyaano ,7,5,5
92,,Hodan,Seebiyaano ,10,7,8
93,,Hodan,Seebiyaano ,7,6,7
94,,Hodan,Seebiyaano ,13,13,13
95,,Hodan,Seebiyaano ,1,0,1
96,,Hodan,Seebiyaano ,3,3,4
97,,Hodan,Seebiyaano ,2,3,2
98,,Hodan,Seebiyaano ,4,4,4
99,,Hodan,Seebiyaano ,6,5,5
100,,Hodan,Seebiyaano ,4,6,4
101,,Hodan,Seebiyaano ,2,2,2
102,,Hodan,Seebiyaano ,5,9,9
103,,Hodan,Seebiyaano ,7,7,5
104,,Hodan,Seebiyaano ,1,2,4
105,,Hodan,Seebiyaano ,1,2,3
106,,Hodan,Seebiyaano ,1,1,1
107,,Hodan,Seebiyaano ,2,3,2
108,,Hodan,Seebiyaano ,12,9,9
109,,Hodan,Seebiyaano ,15,20,15
110,,Hodan,Seebiyaano ,14,7,6
111,,Hodan,Seebiyaano ,11,20,2
112,,Hodan,Seebiyaano ,1,2,3
113,,Hodan,Seebiyaano ,21,26,17
114,,Hodan,Seebiyaano ,4,3,3
115,,Hodan,Seebiyaano ,53,54,51
116,,Hodan,Seebiyaano ,18,18,7
117,,Hodan,Seebiyaano ,9,13,11
118,,Hodan,Seebiyaano ,7,6,3
119,,Hodan,Seebiyaano ,2,4,1
120,,Hodan,Seebiyaano ,4,1,1
121,,Hodan,Seebiyaano ,3,3,3
122,,Hodan,Seebiyaano ,4,3,3
123,,Hodan,Seebiyaano ,3,3,2
124,,Hodan,Seebiyaano ,10,11,10
125,,Hodan,Seebiyaano ,10,8,9
126,,Hodan,Seebiyaano ,3,7,5
127,,Hodan,Seebiyaano ,2,4,4
128,,Hodan,Seebiyaano ,8,7,8
129,,Hodan,Seebiyaano ,12,12,12
130,,Hodan,Seebiyaano ,3,1,2
131,,Hodan,Seebiyaano ,4,10,5
132,,Hodan,Seebiyaano ,9,10,1
133,,Hodan,Seebiyaano ,1,1,2
134,,Hodan,Seebiyaano ,7,6,4
135,,Hodan,Seebiyaano ,5,6,5
136,,Hodan,Seebiyaano ,11,15,12
137,,Hodan,Seebiyaano ,6,6,3
138,,Hodan,Seebiyaano ,5,4,4
139,,Hodan,Seebiyaano ,3,4,17
140,,Hodan,Seebiyaano ,25,5,8
141,,Hodan,Seebiyaano ,14,13,9
142,,Hodan,Seebiyaano ,27,2,10
143,,Hodan,Seebiyaano ,12,11,9
144,,Hodan,Seebiyaano ,14,10,10
410,,Hodan,Seebiyaano ,5,7,7
411,,Hodan,Seebiyaano ,17,21,18
412,,Hodan,Seebiyaano ,15,11,11
413,,Hodan,Seebiyaano ,6,10,9
414,,Hodan,Seebiyaano ,10,10,9
415,,Hodan,Seebiyaano ,11,8,11
416,,Hodan,Seebiyaano ,15,15,13
417,,Hodan,Seebiyaano ,17,7,7
418,,Hodan,Seebiyaano ,3,12,18
419,,Hodan,Seebiyaano ,5,7,3
420,,Hodan,Seebiyaano ,12,17,14
421,,Hodan,Seebiyaano ,49,125,9
422,,Hodan,Seebiyaano ,12,11,8
423,,Hodan,Seebiyaano ,5,8,7
424,,Hodan,Seebiyaano ,3,4,4
425,,Hodan,Seebiyaano ,1,9,8
426,,Hodan,Seebiyaano ,10,22,14
427,,Hodan,Seebiyaano ,1,1,1
428,,Hodan,Seebiyaano ,4,3,2
446,,Hodan,Seebiyaano ,5,6,7
450,,Hodan,Seebiyaano ,43,35,23
451,,Hodan,Seebiyaano ,8,10,9
452,,Hodan,Seebiyaano ,6,5,8
453,,Hodan,Seebiyaano ,21,29,12
454,,Hodan,Seebiyaano ,3,4,4
455,,Hodan,Seebiyaano ,3,3,2
456,,Hodan,Seebiyaano ,10,9,8
457,,Hodan,Seebiyaano ,5,6,4
458,,Hodan,Seebiyaano ,9,10,8
459,,Hodan,Seebiyaano ,8,8,9
460,,Hodan,Seebiyaano ,13,17,18
461,,Hodan,Seebiyaano ,11,12,12
462,,Hodan,Seebiyaano ,1,3,3
463,,Hodan,Seebiyaano ,5,5,4
464,,Hodan,Seebiyaano ,14,19,20
465,,Hodan,Seebiyaano ,3,3,2
466,,Hodan,Seebiyaano ,10,13,6
467,,Hodan,Seebiyaano ,6,8,8
468,,Hodan,Seebiyaano ,11,13,19
469,,Hodan,Seebiyaano ,1,1,1
470,,Hodan,Seebiyaano ,25,26,26
471,,Hodan,Seebiyaano ,13,15,16
472,,Hodan,Seebiyaano ,6,4,5
473,,Hodan,Seebiyaano ,14,13,18
505,,Hodan,Seebiyaano ,25,35,35
506,,Hodan,Seebiyaano ,1,1,1
508,,Hodan,Seebiyaano ,1,1,1
509,,Hodan,Seebiyaano ,18,10,8
510,,Hodan,Seebiyaano ,7,6,5
511,,Hodan,Seebiyaano ,5,5,5
512,,Hodan,Seebiyaano ,8,5,5
513,,Hodan,Seebiyaano ,13,13,9
514,,Hodan,Seebiyaano ,10,10,13
515,,Hodan,Seebiyaano ,2,2,1
516,,Hodan,Seebiyaano ,26,25,24
517,,Hodan,Seebiyaano ,4,4,1
518,,Hodan,Seebiyaano ,16,14,12
519,,Hodan,Seebiyaano ,27,17,23
520,,Hodan,Seebiyaano ,9,8,10
521,,Hodan,Seebiyaano ,1,3,2
522,,Hodan,Seebiyaano ,5,3,6
523,,Hodan,Seebiyaano ,17,15,10
524,,Hodan,Seebiyaano ,30,1,86
525,,Hodan,Seebiyaano ,6,7,6
526,,Hodan,Seebiyaano ,2,1,1
527,,Hodan,Seebiyaano ,1,1,1
540,,Hodan,Seebiyaano ,6,4,5
541,,Hodan,Seebiyaano ,1,3,2
542,,Hodan,Seebiyaano ,18,18,13
543,,Hodan,Seebiyaano ,2,2,2
544,,Hodan,Seebiyaano ,20,20,22
545,,Hodan,Seebiyaano ,11,12,5
546,,Hodan,Seebiyaano ,2,4,4
547,,Hodan,Seebiyaano ,5,5,6
548,,Hodan,Seebiyaano ,17,20,17
549,,Hodan,Seebiyaano ,5,6,5
550,,Hodan,Seebiyaano ,20,15,17
551,,Hodan,Seebiyaano ,45,20,32
552,,Hodan,Seebiyaano ,9,8,7
553,,Hodan,Seebiyaano ,13,13,12
554,,Hodan,Seebiyaano ,4,4,3
555,,Hodan,Seebiyaano ,10,13,12
556,,Hodan,Seebiyaano ,22,36,35
557,,Hodan,Seebiyaano ,0,3,3
558,,Hodan,Seebiyaano ,3,2,3
575,,Hodan,Seebiyaano ,8,8,10
576,,Hodan,Seebiyaano ,4,5,1
577,,Hodan,Seebiyaano ,20,15,20
578,,Hodan,Seebiyaano ,10,10,10
579,,Hodan,Seebiyaano ,7,8,8
580,,Hodan,Seebiyaano ,26,19,4
583,,Hodan,Seebiyaano ,2,2,2
584,,Hodan,Seebiyaano ,5,7,5
585,,Hodan,Seebiyaano ,7,6,8
586,,Hodan,Seebiyaano ,8,14,10
587,,Hodan,Seebiyaano ,17,13,15
588,,Hodan,Seebiyaano ,5,6,4
589,,Hodan,Seebiyaano ,5,6,4
590,,Hodan,Seebiyaano ,4,6,4
591,,Hodan,Seebiyaano ,5,5,7
592,,Hodan,Seebiyaano ,8,7,6
593,,Hodan,Seebiyaano ,170,231,87
594,,Hodan,Seebiyaano ,8,12,9
595,,Hodan,Seebiyaano ,4,0,2
596,,Hodan,Seebiyaano ,9,11,21
597,,Hodan,Seebiyaano ,11,3,10
598,,Hodan,Seebiyaano ,3,3,4
599,,Hodan,Seebiyaano ,14,13,13
600,,Hodan,Seebiyaano ,8,10,8
615,,Hodan,Seebiyaano ,12,15,18
616,,Hodan,Seebiyaano ,8,5,4
617,,Hodan,Seebiyaano ,15,15,15
618,,Hodan,Seebiyaano ,19,15,12
619,,Hodan,Seebiyaano ,5,7,7
620,,Hodan,Seebiyaano ,19,11,18
621,,Hodan,Seebiyaano ,8,9,9
622,,Hodan,Seebiyaano ,13,15,13
627,,Hodan,Seebiyaano ,4,4,3
628,,Hodan,Seebiyaano ,10,3,3
629,,Hodan,Seebiyaano ,13,12,4
630,,Hodan,Seebiyaano ,6,9,8
631,,Hodan,Seebiyaano ,21,18,16
632,,Hodan,Seebiyaano ,27,24,25
633,,Hodan,Seebiyaano ,5,6,7
634,,Hodan,Seebiyaano ,3,3,5
635,,Hodan,Seebiyaano ,58,89,70
636,,Hodan,Seebiyaano ,6,8,7
637,,Hodan,Seebiyaano ,9,8,10
638,,Hodan,Seebiyaano ,11,5,1
639,,Hodan,Seebiyaano ,11,11,11
640,,Hodan,Seebiyaano ,1,1,1
641,,Hodan,Seebiyaano ,2,5,4
642,,Hodan,Seebiyaano ,8,7,6
651,,Hodan,Seebiyaano ,11,10,10
652,,Hodan,Seebiyaano ,3,4,4
653,,Hodan,Seebiyaano ,10,8,9
654,,Hodan,Seebiyaano ,7,7,7
655,,Hodan,Seebiyaano ,13,11,14
657,,Hodan,Seebiyaano ,15,20,15
658,,Hodan,Seebiyaano ,8,6,5
662,,Hodan,Seebiyaano ,7,6,5
663,,Hodan,Seebiyaano ,17,14,20
664,,Hodan,Seebiyaano ,14,12,13
665,,Hodan,Seebiyaano ,4.8,10,11
666,,Hodan,Seebiyaano ,18,15,15
667,,Hodan,Seebiyaano ,13,11,11
668,,Hodan,Seebiyaano ,20,24,19
669,,Hodan,Seebiyaano ,5,7,7
672,,Hodan,Seebiyaano ,16,13,12
673,,Hodan,Seebiyaano ,4,12,7
674,,Hodan,Seebiyaano ,10,10,10
675,,Hodan,Seebiyaano ,29,22,26
677,,Hodan,Seebiyaano ,6,14,15
678,,Hodan,Seebiyaano ,13,14,14
680,,Hodan,Seebiyaano ,10,10,5
685,,Hodan,Seebiyaano ,8,8,8
686,,Hodan,Seebiyaano ,25,22,20
687,,Hodan,Seebiyaano ,11,10,12
691,,Hodan,Seebiyaano ,12,8,15
693,,Hodan,Seebiyaano ,15,25,25
694,,Hodan,Seebiyaano ,14,14,15
697,,Hodan,Seebiyaano ,6,7,5
698,,Hodan,Seebiyaano ,10,10,11
699,,Hodan,Seebiyaano ,7,7,6
700,,Hodan,Seebiyaano ,4,3,4
701,,Hodan,Seebiyaano ,25,26,26
702,,Hodan,Seebiyaano ,20,16,15
703,,Hodan,Seebiyaano ,7,7,7
704,,Hodan,Seebiyaano ,10,10,8
705,,Hodan,Seebiyaano ,13,9,14
708,,Hodan,Seebiyaano ,6,11,8
709,,Hodan,Seebiyaano ,3,4,3
710,,Hodan,Seebiyaano ,52,37,33
711,,Hodan,Seebiyaano ,13,11,10
715,,Hodan,Seebiyaano ,3,2,3
716,,Hodan,Seebiyaano ,8,8,9
717,,Hodan,Seebiyaano ,2,1,1
720,,Hodan,Seebiyaano ,10,13,15
721,,Hodan,Seebiyaano ,63,69,135
722,,Hodan,Seebiyaano ,7,7,5
723,,Hodan,Seebiyaano ,15,16,15
724,,Hodan,Seebiyaano ,1,1,3
727,,Hodan,Seebiyaano ,27,16,31
728,,Hodan,Seebiyaano ,3,4,5
729,,Hodan,Seebiyaano ,8,7,5
730,,Hodan,Seebiyaano ,0,18,20
731,,Hodan,Seebiyaano ,6,6,6
732,,Hodan,Seebiyaano ,28,31,40
733,,Hodan,Seebiyaano ,22,26,30
734,,Hodan,Seebiyaano ,5,5,4
735,,Hodan,Seebiyaano ,8,10,0
738,,Hodan,Seebiyaano ,17,20,17
739,,Hodan,Seebiyaano ,14,12,13
740,,Hodan,Seebiyaano ,15,12,10
741,,Hodan,Seebiyaano ,9,13,11
742,,Hodan,Seebiyaano ,8,8,8
744,,Hodan,Seebiyaano ,2,2,1
745,,Hodan,Seebiyaano ,14,13,16
746,,Hodan,Seebiyaano ,14,16,12
747,,Hodan,Seebiyaano ,20,15,15
748,,Hodan,Seebiyaano ,8,5,5
750,,Hodan,Seebiyaano ,13,9,13
751,,Hodan,Seebiyaano ,21,20,16
752,,Hodan,Seebiyaano ,6,6,5
753,,Hodan,Seebiyaano ,78,78,75
754,,Hodan,Seebiyaano ,8,9,10
755,,Hodan,Seebiyaano ,13,12,10
756,,Hodan,Seebiyaano ,6,2,8
757,,Hodan,Seebiyaano ,5,5,5
758,,Hodan,Seebiyaano ,5,6,3
759,,Hodan,Seebiyaano ,3,5,4
760,,Hodan,Seebiyaano ,1,1,2
761,,Hodan,Seebiyaano ,12,8,8
762,,Hodan,Seebiyaano ,10,11,10
764,,Hodan,Seebiyaano ,3,7,7
767,,Hodan,Seebiyaano ,19,17,14
768,,Hodan,Seebiyaano ,3,3,4
770,,Hodan,Seebiyaano ,8,7,6
772,,Hodan,Seebiyaano ,11,12,10
773,,Hodan,Seebiyaano ,17,15,2
774,,Hodan,Seebiyaano ,6,4,4
775,,Hodan,Seebiyaano ,71,68,73
777,,Hodan,Seebiyaano ,13,13,9
779,,Hodan,Seebiyaano ,25,10,10
780,,Hodan,Seebiyaano ,7,5,7
781,,Hodan,Seebiyaano ,11,14,13
782,,Hodan,Seebiyaano ,19,7,10
783,,Hodan,Seebiyaano ,13,19,15
784,,Hodan,Seebiyaano ,13,14,11
786,,Hodan,Seebiyaano ,20,22,20
787,,Hodan,Seebiyaano ,18,19,12
792,,Hodan,Seebiyaano ,10,10,9
793,,Hodan,Seebiyaano ,7,6,4
794,,Hodan,Seebiyaano ,4,2,0
795,,Hodan,Seebiyaano ,1,1,1
796,,Hodan,Seebiyaano ,66,70,59
797,,Hodan,Seebiyaano ,14,5,6
3,,Hodan,Zope,6,3,6
4,,Hodan,Zope,9,10,7
5,,Hodan,Zope,14,20,20
9,,Hodan,Zope,10,8,10
10,,Hodan,Zope,10,8,10
11,,Hodan,Zope,13,14,14
145,,Hodan,Zope,6,6,4
146,,Hodan,Zope,6,7,8
147,,Hodan,Zope,4,3,4
148,,Hodan,Zope,10,2,9
149,,Hodan,Zope,7,7,8
150,,Hodan,Zope,4,3,3
151,,Hodan,Zope,2,2,3
152,,Hodan,Zope,10,10,10
153,,Hodan,Zope,5,7,4
154,,Hodan,Zope,30,21,24
155,,Hodan,Zope,5,5,7
156,,Hodan,Zope,2,2,2
157,,Hodan,Zope,3,6,11
158,,Hodan,Zope,4,5,6
159,,Hodan,Zope,10,16,6
160,,Hodan,Zope,3,3,3
161,,Hodan,Zope,16,7,9
162,,Hodan,Zope,5,8,7
163,,Hodan,Zope,2,2,2
164,,Hodan,Zope,7,5,3
165,,Hodan,Zope,2,2,3
166,,Hodan,Zope,11,10,10
167,,Hodan,Zope,7,5,8
168,,Hodan,Zope,6,8,10
169,,Hodan,Zope,11,13,11
170,,Hodan,Zope,8,7,11
171,,Hodan,Zope,11,11,13
172,,Hodan,Zope,1,1,1
173,,Hodan,Zope,4,1,27
174,,Hodan,Zope,10,11,10
175,,Hodan,Zope,8,7,9
176,,Hodan,Zope,10,13,11
177,,Hodan,Zope,4,6,8
178,,Hodan,Zope,5,5,5
179,,Hodan,Zope,11,12,12
180,,Hodan,Zope,3,2,2
181,,Hodan,Zope,4,4,4
182,,Hodan,Zope,9,7,8
183,,Hodan,Zope,8,10,27
184,,Hodan,Zope,19,19,21
185,,Hodan,Zope,9,10,9
186,,Hodan,Zope,9,10,11
187,,Hodan,Zope,6,6,10
188,,Hodan,Zope,2,3,3
189,,Hodan,Zope,3,6,6
190,,Hodan,Zope,6,9,8
191,,Hodan,Zope,3,2,5
192,,Hodan,Zope,3,3,4
193,,Hodan,Zope,10,6,9
194,,Hodan,Zope,3,2,2
195,,Hodan,Zope,3,3,4
196,,Hodan,Zope,6,6,6
197,,Hodan,Zope,7,5,3
198,,Hodan,Zope,4,3,3
199,,Hodan,Zope,8,5,5
200,,Hodan,Zope,7,8,8
201,,Hodan,Zope,17,14,13
202,,Hodan,Zope,4,3,4
203,,Hodan,Zope,3,3,6
204,,Hodan,Zope,5,5,7
205,,Hodan,Zope,1,7,6
206,,Hodan,Zope,9,8,9
207,,Hodan,Zope,3,3,3
208,,Hodan,Zope,0,0,0
209,,Hodan,Zope,0,1,0
210,,Hodan,Zope,1,5,5
211,,Hodan,Zope,4,3,4
212,,Hodan,Zope,3,3,4
213,,Hodan,Zope,9,7,7
214,,Hodan,Zope,1,2,1
215,,Hodan,Zope,5,11,13
216,,Hodan,Zope,7,6,5
217,,Hodan,Zope,2,2,2
218,,Hodan,Zope,5,3,4
219,,Hodan,Zope,8,8,5
220,,Hodan,Zope,3,3,3
221,,Hodan,Zope,4,4,4
222,,Hodan,Zope,0,0,0
223,,Hodan,Zope,14,15,16
224,,Hodan,Zope,9,8,12
225,,Hodan,Zope,7,9,7
226,,Hodan,Zope,11,10,11
227,,Hodan,Zope,6,6,6
228,,Hodan,Zope,7,9,8
229,,Hodan,Zope,8,6,8
230,,Hodan,Zope,3,3,3
231,,Hodan,Zope,6,6,8
232,,Hodan,Zope,17,15,7
233,,Hodan,Zope,8,8,9
234,,Hodan,Zope,8,10,6
235,,Hodan,Zope,6,2,5
236,,Hodan,Zope,8,7,9
237,,Hodan,Zope,4,2,2
238,,Hodan,Zope,5,4,6
239,,Hodan,Zope,5,6,4
240,,Hodan,Zope,8,10,12
241,,Hodan,Zope,1,3,1
242,,Hodan,Zope,5,5,4
243,,Hodan,Zope,5,5,5
244,,Hodan,Zope,3,3,4
245,,Hodan,Zope,1,1,1
246,,Hodan,Zope,3,3,2
247,,Hodan,Zope,15,13,15
248,,Hodan,Zope,5,5,3
249,,Hodan,Zope,8,2,6
250,,Hodan,Zope,3,4,5
251,,Hodan,Zope,6,6,7
252,,Hodan,Zope,3,2,2
253,,Hodan,Zope,9,8,10
254,,Hodan,Zope,8,7,6
255,,Hodan,Zope,2,2,2
256,,Hodan,Zope,5,5,6
257,,Hodan,Zope,1,2,2
258,,Hodan,Zope,1,1,1
259,,Hodan,Zope,6,2,4
260,,Hodan,Zope,4,4,4
261,,Hodan,Zope,11,9,11
262,,Hodan,Zope,2,1,1
263,,Hodan,Zope,15,11,12
264,,Hodan,Zope,1,1,1
265,,Hodan,Zope,2,2,2
266,,Hodan,Zope,3,4,3
267,,Hodan,Zope,10,8,9
268,,Hodan,Zope,6,6,7
269,,Hodan,Zope,9,8,10
270,,Hodan,Zope,1,1,1
271,,Hodan,Zope,7,5,9
272,,Hodan,Zope,6,6,6
273,,Hodan,Zope,10,15,12
274,,Hodan,Zope,9,8,12
275,,Hodan,Zope,5,4,4
276,,Hodan,Zope,7,6,7
277,,Hodan,Zope,5,4,6
278,,Hodan,Zope,5,5,7
279,,Hodan,Zope,13,11,13
280,,Hodan,Zope,7,7,7
281,,Hodan,Zope,6,3,4
282,,Hodan,Zope,3,3,3
283,,Hodan,Zope,11,12,13
284,,Hodan,Zope,7,4,6
285,,Hodan,Zope,3,2,2
286,,Hodan,Zope,3,4,4
287,,Hodan,Zope,4,4,5
288,,Hodan,Zope,4,3,8
289,,Hodan,Zope,8,8,8
290,,Hodan,Zope,18,17,18
291,,Hodan,Zope,14,10,6
292,,Hodan,Zope,4,2,2
293,,Hodan,Zope,2,2,2
294,,Hodan,Zope,6,5,5
295,,Hodan,Zope,14,12,13
296,,Hodan,Zope,1,1,1
297,,Hodan,Zope,3,6,5
298,,Hodan,Zope,10,8,10
299,,Hodan,Zope,4,4,4
300,,Hodan,Zope,11,9,10
301,,Hodan,Zope,8,7,7
302,,Hodan,Zope,18,15,15
303,,Hodan,Zope,5,2,3
304,,Hodan,Zope,14,10,15
305,,Hodan,Zope,26,13,30
306,,Hodan,Zope,10,9,11
307,,Hodan,Zope,11,7,10
308,,Hodan,Zope,6,8,9
309,,Hodan,Zope,9,12,12
310,,Hodan,Zope,1,1,1
311,,Hodan,Zope,8,9,10
312,,Hodan,Zope,6,7,7
313,,Hodan,Zope,8,7,7
314,,Hodan,Zope,12,12,1
315,,Hodan,Zope,4,3,4
316,,Hodan,Zope,12,11,15
317,,Hodan,Zope,11,9,11
318,,Hodan,Zope,5,3,5
319,,Hodan,Zope,12,14,1
320,,Hodan,Zope,3,2,2
321,,Hodan,Zope,6,5,4
322,,Hodan,Zope,4,4,3
323,,Hodan,Zope,4,3,4
324,,Hodan,Zope,2,2,2
325,,Hodan,Zope,16,13,14
326,,Hodan,Zope,5,2,2
327,,Hodan,Zope,13,7,8
328,,Hodan,Zope,1,1,1
329,,Hodan,Zope,10,15,14
330,,Hodan,Zope,8,12,10
331,,Hodan,Zope,7,5,6
332,,Hodan,Zope,16,14,14
333,,Hodan,Zope,1,1,1
334,,Hodan,Zope,1,1,1
335,,Hodan,Zope,18,14,14
336,,Hodan,Zope,2,2,2
337,,Hodan,Zope,8,8,10
338,,Hodan,Zope,7,6,8
339,,Hodan,Zope,5,4,5
340,,Hodan,Zope,2,2,2
341,,Hodan,Zope,1,1,1
342,,Hodan,Zope,5,8,4
343,,Hodan,Zope,1,1,2
344,,Hodan,Zope,9,4,3
345,,Hodan,Zope,5,6,7
346,,Hodan,Zope,5,3,4
347,,Hodan,Zope,2,2,2
348,,Hodan,Zope,3,2,1
349,,Hodan,Zope,9,8,18
350,,Hodan,Zope,14,11,11
351,,Hodan,Zope,4,4,5
352,,Hodan,Zope,31,22,29
353,,Hodan,Zope,11,7,6
354,,Hodan,Zope,24,15,17
355,,Hodan,Zope,0,21,9
356,,Hodan,Zope,16,12,17
357,,Hodan,Zope,12,11,11
358,,Hodan,Zope,3,3,3
359,,Hodan,Zope,2,1,2
360,,Hodan,Zope,5,6,7
361,,Hodan,Zope,4,4,4
362,,Hodan,Zope,6,3,3
363,,Hodan,Zope,9,5,7
364,,Hodan,Zope,25,24,28
365,,Hodan,Zope,1,0,0
366,,Hodan,Zope,6,9,11
367,,Hodan,Zope,228,147,176
368,,Hodan,Zope,4,4,7
369,,Hodan,Zope,24,10,13
370,,Hodan,Zope,13,13,8
371,,Hodan,Zope,17,13,14
372,,Hodan,Zope,23,13,18
373,,Hodan,Zope,15,19,17
374,,Hodan,Zope,21,24,21
375,,Hodan,Zope,4,2,12
376,,Hodan,Zope,4,1,7
377,,Hodan,Zope,11,6,7
378,,Hodan,Zope,6,5,6
379,,Hodan,Zope,4,4,5
380,,Hodan,Zope,23,24,23
381,,Hodan,Zope,7,5,7
382,,Hodan,Zope,11,14,9
383,,Hodan,Zope,8,6,8
384,,Hodan,Zope,2,1,1
385,,Hodan,Zope,9,9,13
386,,Hodan,Zope,4,3,3
387,,Hodan,Zope,1,1,1
388,,Hodan,Zope,1,1,1
389,,Hodan,Zope,1,1,1
390,,Hodan,Zope,11,10,11
391,,Hodan,Zope,8,6,5
392,,Hodan,Zope,88,108,85
393,,Hodan,Zope,8,8,8
394,,Hodan,Zope,4,3,4
395,,Hodan,Zope,0,0,0
396,,Hodan,Zope,1,2,1
397,,Hodan,Zope,8,8,9
398,,Hodan,Zope,2,2,2
399,,Hodan,Zope,14,14,20
400,,Hodan,Zope,1,1,1
401,,Hodan,Zope,6,5,5
402,,Hodan,Zope,4,4,9
403,,Hodan,Zope,4,3,4
404,,Hodan,Zope,1,1,1
405,,Hodan,Zope,1,1,1
406,,Hodan,Zope,0,1,2
407,,Hodan,Zope,8,0,0
408,,Hodan,Zope,2,1,1
409,,Hodan,Zope,8,2,2
429,,Hodan,Zope,7,6,6
430,,Hodan,Zope,7,6,9
431,,Hodan,Zope,5,8,6
432,,Hodan,Zope,5,5,1
433,,Hodan,Zope,12,11,12
434,,Hodan,Zope,7,7,6
435,,Hodan,Zope,3,2,4
436,,Hodan,Zope,16,14,13
437,,Hodan,Zope,7,8,7
438,,Hodan,Zope,11,45,35
439,,Hodan,Zope,6,11,6
440,,Hodan,Zope,9,7,9
441,,Hodan,Zope,1,7,9
442,,Hodan,Zope,11,6,7
443,,Hodan,Zope,1,1,1
444,,Hodan,Zope,0,1,0
445,,Hodan,Zope,0,0,0
447,,Hodan,Zope,5,6,8
448,,Hodan,Zope,5,6,5
449,,Hodan,Zope,16,17,16
474,,Hodan,Zope,3,3,3
475,,Hodan,Zope,4,6,5
476,,Hodan,Zope,3,3,3
477,,Hodan,Zope,6,9,7
478,,Hodan,Zope,10,7,7
479,,Hodan,Zope,1,4,2
480,,Hodan,Zope,8,9,9
481,,Hodan,Zope,7,10,13
482,,Hodan,Zope,3,4,4
483,,Hodan,Zope,11,10,11
484,,Hodan,Zope,5,4,4
485,,Hodan,Zope,5,5,7
486,,Hodan,Zope,23,19,23
487,,Hodan,Zope,13,15,17
488,,Hodan,Zope,9,4,6
489,,Hodan,Zope,12,10,11
490,,Hodan,Zope,3,3,3
491,,Hodan,Zope,14,14,16
492,,Hodan,Zope,8,8,22
493,,Hodan,Zope,3,3,3
494,,Hodan,Zope,5,4,5
495,,Hodan,Zope,4,3,3
496,,Hodan,Zope,1,2,5
497,,Hodan,Zope,4,4,4
498,,Hodan,Zope,19,12,12
499,,Hodan,Zope,11,11,22
500,,Hodan,Zope,6,4,5
501,,Hodan,Zope,48,48,42
502,,Hodan,Zope,19,22,28
503,,Hodan,Zope,9,11,14
504,,Hodan,Zope,1,1,1
507,,Hodan,Zope,6,4,6
528,,Hodan,Zope,20,19,17
529,,Hodan,Zope,20,17,15
530,,Hodan,Zope,11,12,15
531,,Hodan,Zope,3,4,5
532,,Hodan,Zope,14,10,12
533,,Hodan,Zope,7,6,5
534,,Hodan,Zope,9,8,7
535,,Hodan,Zope,3,3,5
536,,Hodan,Zope,0,13,15
537,,Hodan,Zope,10,10,12
538,,Hodan,Zope,23,21,25
539,,Hodan,Zope,22,18,18
559,,Hodan,Zope,4,4,4
560,,Hodan,Zope,6,3,4
561,,Hodan,Zope,11,9,14
562,,Hodan,Zope,9,8,8
563,,Hodan,Zope,12,14,14
564,,Hodan,Zope,6,5,6
565,,Hodan,Zope,5,5,6
566,,Hodan,Zope,5,3,3
567,,Hodan,Zope,8,6,10
568,,Hodan,Zope,6,5,6
569,,Hodan,Zope,9,7,7
570,,Hodan,Zope,21,19,21
571,,Hodan,Zope,3,4,4
572,,Hodan,Zope,19,15,30
573,,Hodan,Zope,15,28,24
574,,Hodan,Zope,8,13,19
581,,Hodan,Zope,0,0,0
582,,Hodan,Zope,5,4,5
601,,Hodan,Zope,15,16,16
602,,Hodan,Zope,3,4,6
603,,Hodan,Zope,3,3,2
604,,Hodan,Zope,4,4,3
605,,Hodan,Zope,2,2,2
606,,Hodan,Zope,2,2,2
607,,Hodan,Zope,11,10,11
608,,Hodan,Zope,9,11,12
609,,Hodan,Zope,4,4,5
610,,Hodan,Zope,12,10,14
611,,Hodan,Zope,33,29,27
612,,Hodan,Zope,13,15,17
613,,Hodan,Zope,21,23,25
614,,Hodan,Zope,3,8,8
623,,Hodan,Zope,9,7,9
624,,Hodan,Zope,12,10,12
625,,Hodan,Zope,11,8,9
626,,Hodan,Zope,4,6,6
643,,Hodan,Zope,2,2,4
644,,Hodan,Zope,4,4,3
645,,Hodan,Zope,8,9,9
646,,Hodan,Zope,58,3,3
647,,Hodan,Zope,6,7,9
648,,Hodan,Zope,8,8,4
649,,Hodan,Zope,24,25,27
650,,Hodan,Zope,32,29,34
656,,Hodan,Zope,10,8,1
659,,Hodan,Zope,7,6,8
660,,Hodan,Zope,10,8,9
661,,Hodan,Zope,13,13,16
670,,Hodan,Zope,3,3,2
671,,Hodan,Zope,11,6,2
676,,Hodan,Zope,3,5,7
679,,Hodan,Zope,4,3,2
681,,Hodan,Zope,5,8,4
682,,Hodan,Zope,7,5,5
683,,Hodan,Zope,4,3,3
684,,Hodan,Zope,3,4,2
688,,Hodan,Zope,7,9,8
689,,Hodan,Zope,5,5,6
690,,Hodan,Zope,8,8,8
692,,Hodan,Zope,1,1,1
695,,Hodan,Zope,10,12,12
696,,Hodan,Zope,6,3,4
706,,Hodan,Zope,8,9,11
707,,Hodan,Zope,32,32,34
712,,Hodan,Zope,10,11,7
713,,Hodan,Zope,8,7,9
714,,Hodan,Zope,12,15,18
718,,Hodan,Zope,2,3,3
719,,Hodan,Zope,9,7,9
725,,Hodan,Zope,3,3,3
726,,Hodan,Zope,3,3,4
736,,Hodan,Zope,8,9,8
737,,Hodan,Zope,7,5,8
743,,Hodan,Zope,3,3,6
749,,Hodan,Zope,11,14,14
763,,Hodan,Zope,6,6,6
765,,Hodan,Zope,10,7,8
766,,Hodan,Zope,44,37,38
769,,Hodan,Zope,13,3,10
771,,Hodan,Zope,6,5,5
776,,Hodan,Zope,7,8,8
778,,Hodan,Zope,11,8,8
785,,Hodan,Zope,10,5,7
788,,Hodan,Zope,14,11,12
789,,Hodan,Zope,28,31,28
790,,Hodan,Zope,5,2,2
791,,Hodan,Zope,20,17,19
857,,Hodan,Zope,3,3,11
858,,Hodan,Zope,4,3,3
859,,Hodan,Zope,7,9,4
860,,Hodan,Zope,3,4,4
863,,Hodan,Zope,0,8,3
864,,Hodan,Zope,0,10,13
865,,Hodan,Zope,0,2,2
3729,,Waaberi,Maajo,288,163,247
3736,,Waaberi,Maajo,82,90,100
3768,,Waaberi,Maajo,72,40,100
3774,,Waaberi,Maajo,9,9,8
3780,,Waaberi,Maajo,7,8,13
3797,,Waaberi,Maajo,8,10,10
3812,,Waaberi,Maajo,73,36,33
3816,,Waaberi,Maajo,3,1,3
3863,,Waaberi,Maajo,115,94,116
3864,,Waaberi,Maajo,368,300,302
3887,,Waaberi,Maajo,182,149,207
3961,,Waaberi,Maajo,46,35,29
3962,,Waaberi,Maajo,147,136,140
3963,,Waaberi,Maajo,8,10,16
4037,,Waaberi,Maajo,0,0,0
4216,,Waaberi,Maajo,6,10,9
4217,,Waaberi,Maajo,0,0,0
4517,,Waaberi,Maajo,0,0,0
4518,,Waaberi,Maajo,210,230,150
4519,,Waaberi,Maajo,100,146,176
4520,,Waaberi,Maajo,24,46,46
4521,,Waaberi,Maajo,4,3,4
4522,,Waaberi,Maajo,20,21,30
4523,,Waaberi,Maajo,74,10,10
4524,,Waaberi,Maajo,2,1,1
4525,,Waaberi,Maajo,31,36,35
4526,,Waaberi,Maajo,887,705,0
4527,,Waaberi,Maajo,1,1,2
4528,,Waaberi,Maajo,0,0,0
4529,,Waaberi,Maajo,0,0,0
4530,,Waaberi,Maajo,0,0,0
4531,,Waaberi,Maajo,0,0,0
4532,,Waaberi,Maajo,0,0,0
4533,,Waaberi,Maajo,0,0,0
4534,,Waaberi,Maajo,0,0,0
4535,,Waaberi,Maajo,0,0,0
4536,,Waaberi,Maajo,0,0,0
4537,,Waaberi,Maajo,0,0,0
4538,,Waaberi,Maajo,0,0,0
4539,,Waaberi,Maajo,0,0,0
4540,,Waaberi,Maajo,0,0,0
4541,,Waaberi,Maajo,0,0,0
4542,,Waaberi,Maajo,48,50,56
4543,,Waaberi,Maajo,218,200,93
4544,,Waaberi,Maajo,18,38,34
4545,,Waaberi,Maajo,11,17,15
4546,,Waaberi,Maajo,14,18,17
4547,,Waaberi,Maajo,4,4,10
4548,,Waaberi,Maajo,6,7,17
4549,,Waaberi,Maajo,60,50,57
4550,,Waaberi,Maajo,164,156,129
4551,,Waaberi,Maajo,0,3,1
4552,,Waaberi,Maajo,10,143,170
4553,,Waaberi,Maajo,9,11,39
4554,,Waaberi,Maajo,160,130,204
4555,,Waaberi,Maajo,11,10,10
4556,,Waaberi,Maajo,26,30,29
4557,,Waaberi,Maajo,37,122,240
4558,,Waaberi,Maajo,20,20,17
4559,,Waaberi,Maajo,273,460,526
4560,,Waaberi,Maajo,11,100,1
4561,,Waaberi,Maajo,117,7,135
4562,,Waaberi,Maajo,995,777,750
4563,,Waaberi,Maajo,0,0,0
4564,,Waaberi,Maajo,90,48,52
4565,,Waaberi,Maajo,25,26,24
4566,,Waaberi,Maajo,30,70,9
4567,,Waaberi,Maajo,16,12,14
4568,,Waaberi,Maajo,67,100,140
4569,,Waaberi,Maajo,180,139,170
4570,,Waaberi,Maajo,210,200,202
4571,,Waaberi,Maajo,110,110,100
4572,,Waaberi,Maajo,10,95,184
4573,,Waaberi,Maajo,0,0,0
4574,,Waaberi,Maajo,12,14,16
4575,,Waaberi,Maajo,83,65,72
4576,,Waaberi,Maajo,14,14,15
4577,,Waaberi,Maajo,0,0,0
4578,,Waaberi,Maajo,32,17,27
4579,,Waaberi,Maajo,1,0,0
4580,,Waaberi,Maajo,90,81,89
4581,,Waaberi,Maajo,7,9,8
4582,,Waaberi,Maajo,95,59,100
4583,,Waaberi,Maajo,98,92,106
4584,,Waaberi,Maajo,23,22,24
4585,,Waaberi,Maajo,10,10,10
4586,,Waaberi,Maajo,0,0,0
4587,,Waaberi,Maajo,6,3,4
4588,,Waaberi,Maajo,5,4,2
4589,,Waaberi,Maajo,2,2,3
4590,,Waaberi,Maajo,2,2,1
4591,,Waaberi,Maajo,0,0,0
4592,,Waaberi,Maajo,1,2,2
4593,,Waaberi,Maajo,4,2,2
4594,,Waaberi,Maajo,1,0,0
4595,,Waaberi,Maajo,40,43,43
4596,,Waaberi,Maajo,0,0,0
4597,,Waaberi,Maajo,1,1,1
4598,,Waaberi,Maajo,37,292,100
4599,,Waaberi,Maajo,4,3,3
4600,,Waaberi,Maajo,0,0,0
4601,,Waaberi,Maajo,1,1,1
4602,,Waaberi,Maajo,12,6,2
4603,,Waaberi,Maajo,100,100,180
4604,,Waaberi,Maajo,4,4,6
4605,,Waaberi,Maajo,52,61,86
4606,,Waaberi,Maajo,83,86,91
4607,,Waaberi,Maajo,10,8,9
4608,,Waaberi,Maajo,250,300,1297
4609,,Waaberi,Maajo,5,3,2
4610,,Waaberi,Maajo,16,8,13
4611,,Waaberi,Maajo,36,34,33
4612,,Waaberi,Maajo,5,4,5
4613,,Waaberi,Maajo,170,200,130
4614,,Waaberi,Maajo,56,67,55
4615,,Waaberi,Maajo,20,21,30
4616,,Waaberi,Maajo,4,8,3
4617,,Waaberi,Maajo,62,54,64
4618,,Waaberi,Maajo,1,1,1
4619,,Waaberi,Maajo,0,0,0
4620,,Waaberi,Maajo,24,0,158
4621,,Waaberi,Maajo,2,1,3
4622,,Waaberi,Maajo,17,18,22
4623,,Waaberi,Maajo,40,50,40
4624,,Waaberi,Maajo,4,4,6
4625,,Waaberi,Maajo,2,14,19
4626,,Waaberi,Maajo,9,11,18
4627,,Waaberi,Maajo,12,3,5
4628,,Waaberi,Maajo,2,2,1
4629,,Waaberi,Maajo,1,1,1
4630,,Waaberi,Maajo,0,0,0
4631,,Waaberi,Maajo,20,11,11
4632,,Waaberi,Maajo,180,200,202
4633,,Waaberi,Maajo,1,1,2
4634,,Waaberi,Maajo,2,10,5
4635,,Waaberi,Maajo,2,2,4
4636,,Waaberi,Maajo,2,1,4
4637,,Waaberi,Maajo,6,17,20
4638,,Waaberi,Maajo,9,4,4
4639,,Waaberi,Maajo,10,3,6
4640,,Waaberi,Maajo,30,29,40
4641,,Waaberi,Maajo,3,2,3
4642,,Waaberi,Maajo,10,10,10
4643,,Waaberi,Maajo,6,2,2
4644,,Waaberi,Maajo,4,4,9
4645,,Waaberi,Maajo,6,13,6
4646,,Waaberi,Maajo,1,9,9
4647,,Waaberi,Maajo,1,1,11
4648,,Waaberi,Maajo,3,1,6
4649,,Waaberi,Maajo,3,4,12
4650,,Waaberi,Maajo,4,3,4
4651,,Waaberi,Maajo,5,2,6
4652,,Waaberi,Maajo,2,3,3
4653,,Waaberi,Maajo,2,5,10
4654,,Waaberi,Maajo,22,25,50
4655,,Waaberi,Maajo,11,15,15
4656,,Waaberi,Maajo,3,3,2
4657,,Waaberi,Maajo,4,5,13
4658,,Waaberi,Maajo,26,16,5
4659,,Waaberi,Maajo,2,8,6
4660,,Waaberi,Maajo,5,5,10
4661,,Waaberi,Maajo,4,5,4
4662,,Waaberi,Maajo,8,7,3
4663,,Waaberi,Maajo,4,1,11
4664,,Waaberi,Maajo,23,24,20
4665,,Waaberi,Maajo,6,8,6
4666,,Waaberi,Maajo,1,1,1
4667,,Waaberi,Maajo,11,3,5
4668,,Waaberi,Maajo,106,250,290
4669,,Waaberi,Maajo,116,124,108
4670,,Waaberi,Maajo,0,0,0
4671,,Waaberi,Maajo,12,9,9
4672,,Waaberi,Maajo,7,10,12
4673,,Waaberi,Maajo,7,15,20
4674,,Waaberi,Maajo,10,7,12
4675,,Waaberi,Maajo,11,1,1
4676,,Waaberi,Maajo,1,1,1
4677,,Waaberi,Maajo,2,1,1
4678,,Waaberi,Maajo,8,9,11
4679,,Waaberi,Maajo,2,2,2
4680,,Waaberi,Maajo,10,10,10
4681,,Waaberi,Maajo,2,3,2
4682,,Waaberi,Maajo,5,0,0
4683,,Waaberi,Maajo,3,2,2
4684,,Waaberi,Maajo,7,5,4
4685,,Waaberi,Maajo,10,7,7
4686,,Waaberi,Maajo,2,2,2
4687,,Waaberi,Maajo,0,0,0
4688,,Waaberi,Maajo,30,28,24
4689,,Waaberi,Maajo,20,19,4
4690,,Waaberi,Maajo,22,20,28
4691,,Waaberi,Maajo,24,20,23
4692,,Waaberi,Maajo,10,11,9
4693,,Waaberi,Maajo,62,85,52
4694,,Waaberi,Maajo,9,10,7
4695,,Waaberi,Maajo,4,5,7
4696,,Waaberi,Maajo,1,1,1
4697,,Waaberi,Maajo,15,15,44
4698,,Waaberi,Maajo,4,6,1
4699,,Waaberi,Maajo,9,17,12
4700,,Waaberi,Maajo,11,6,2
4701,,Waaberi,Maajo,17,33,19
4702,,Waaberi,Maajo,14,81,31
4703,,Waaberi,Maajo,3,7,9
4704,,Waaberi,Maajo,10,7,6
4705,,Waaberi,Maajo,1,3,3
4706,,Waaberi,Maajo,10,8,8
4707,,Waaberi,Maajo,5,9,8
4708,,Waaberi,Maajo,12,18,19
4709,,Waaberi,Maajo,1,1,1
4710,,Waaberi,Maajo,10,10,3
4711,,Waaberi,Maajo,33,29,24
4712,,Waaberi,Maajo,5,15,25
4713,,Waaberi,Maajo,3,1,3
4714,,Waaberi,Maajo,2,1,3
4715,,Waaberi,Maajo,13,12,14
4716,,Waaberi,Maajo,1,2,3
4717,,Waaberi,Maajo,3,8,1
4718,,Waaberi,Maajo,2,2,2
4719,,Waaberi,Maajo,16,16,9
4720,,Waaberi,Maajo,10,13,9
4721,,Waaberi,Maajo,2,1,1
4722,,Waaberi,Maajo,10,10,10
4723,,Waaberi,Maajo,1,1,1
4724,,Waaberi,Maajo,10,7,10
4725,,Waaberi,Maajo,12,16,16
4726,,Waaberi,Maajo,3,3,8
4727,,Waaberi,Maajo,1,2,2
4728,,Waaberi,Maajo,10,6,7
4729,,Waaberi,Maajo,20,8,12
4730,,Waaberi,Maajo,23,24,26
4731,,Waaberi,Maajo,1,1,1
4732,,Waaberi,Maajo,37,45,43
4733,,Waaberi,Maajo,0,0,0
4734,,Waaberi,Maajo,11,20,20
4735,,Waaberi,Maajo,22,38,32
4736,,Waaberi,Maajo,2,13,5
4737,,Waaberi,Maajo,4,1,14
4738,,Waaberi,Maajo,3,3,4
4739,,Waaberi,Maajo,14,12,14
4740,,Waaberi,Maajo,60,0,0
4741,,Waaberi,Maajo,1,1,1
4742,,Waaberi,Maajo,6,6,6
4743,,Waaberi,Maajo,3,0,0
7305,,Waaberi,Maajo,0,0,0
7306,,Waaberi,Maajo,0,0,0
7337,,Waaberi,Maajo,5,7,6
7340,,Waaberi,Maajo,9,7,4
7341,,Waaberi,Maajo,13,12,15
7342,,Waaberi,Maajo,16,10,8
7730,,Waaberi,Maajo,22,14,15
7731,,Waaberi,Maajo,3,16,8
7732,,Waaberi,Maajo,0,0,0
7733,,Waaberi,Maajo,0,0,0
7734,,Waaberi,Maajo,7,7,8
7735,,Waaberi,Maajo,18,15,12
7736,,Waaberi,Maajo,7,8,9
7737,,Waaberi,Maajo,47,35,36
7738,,Waaberi,Maajo,0,0,0
7739,,Waaberi,Maajo,6,6,10
7740,,Waaberi,Maajo,7,7,7
7741,,Waaberi,Maajo,4,2,1
7742,,Waaberi,Maajo,34,16,56
7743,,Waaberi,Maajo,10,6,6
7744,,Waaberi,Maajo,3,3,5
7745,,Waaberi,Maajo,4,5,9
7746,,Waaberi,Maajo,2,1,2
7747,,Waaberi,Maajo,17,11,14
7748,,Waaberi,Maajo,1,1,1
7749,,Waaberi,Maajo,7,6,3
7750,,Waaberi,Maajo,2,3,3
7751,,Waaberi,Maajo,2,3,2
7752,,Waaberi,Maajo,20,15,14
7753,,Waaberi,Maajo,13,11,12
7754,,Waaberi,Maajo,8,134,180
7755,,Waaberi,Maajo,100,79,40
8236,,Waaberi,Maajo,0,0,0
8237,,Waaberi,Maajo,0,0,0
8461,,Waaberi,Maajo,0,0,0
8463,,Waaberi,Maajo,16,12,17
8464,,Waaberi,Maajo,0,0,0
8465,,Waaberi,Maajo,0,0,0
8466,,Waaberi,Maajo,0,0,0
8467,,Waaberi,Maajo,16,16,17
8468,,Waaberi,Maajo,18,15,17
8469,,Waaberi,Maajo,23,16,18
8470,,Waaberi,Maajo,9,7,9
8471,,Waaberi,Maajo,11,9,14
8472,,Waaberi,Maajo,8,5,5
8473,,Waaberi,Maajo,18,18,20
8474,,Waaberi,Maajo,3,2,3
8475,,Waaberi,Maajo,0,2,1
8476,,Waaberi,Maajo,9,6,6
8477,,Waaberi,Maajo,3,2,2
8478,,Waaberi,Maajo,26,17,23
8479,,Waaberi,Maajo,9,10,11
8480,,Waaberi,Maajo,4,2,3
8481,,Waaberi,Maajo,10,16,10
8482,,Waaberi,Maajo,0,0,0
8808,,Waaberi,Maajo,5,8,8
8809,,Waaberi,Maajo,59,56,65
8937,,Waaberi,Maajo,5,6,9
8938,,Waaberi,Maajo,0,0,0
8939,,Waaberi,Maajo,13,21,16
8940,,Waaberi,Maajo,172,172,100
8941,,Waaberi,Maajo,0,0,0
8942,,Waaberi,Maajo,14,21,18
8943,,Waaberi,Maajo,0,0,0
8944,,Waaberi,Maajo,76,56,60
8945,,Waaberi,Maajo,22,13,20
8946,,Waaberi,Maajo,14,9,8
8947,,Waaberi,Maajo,2,5,3
8948,,Waaberi,Maajo,11,11,12
9186,,Waaberi,Maajo,60,60,50
9300,,Waaberi,Maajo,0,0,0
9301,,Waaberi,Maajo,0,0,0
9302,,Waaberi,Maajo,0,0,0
9303,,Waaberi,Maajo,13,12,14
9304,,Waaberi,Maajo,26,39,50
9305,,Waaberi,Maajo,181,175,173
9306,,Waaberi,Maajo,100,104,110
9307,,Waaberi,Maajo,5,3,4
9308,,Waaberi,Maajo,11,12,11
9309,,Waaberi,Maajo,8,20,7
9310,,Waaberi,Maajo,6,6,8
9311,,Waaberi,Maajo,1,3,3
9312,,Waaberi,Maajo,4,12,6
9313,,Waaberi,Maajo,6,3,2
9314,,Waaberi,Maajo,2,2,3
9315,,Waaberi,Maajo,10,4,1
9557,,Waaberi,Maajo,1,1,1
9747,,Waaberi,Maajo,0,0,0
9748,,Waaberi,Maajo,13,9,4
9749,,Waaberi,Maajo,0,0,0
9833,,Waaberi,Maajo,5,6,4
9834,,Waaberi,Maajo,89,66,84
9925,,Waaberi,Maajo,18,18,24
9926,,Waaberi,Maajo,8,3,7
10116,,Waaberi,Maajo,1,2,1
10143,,Waaberi,Maajo,5,5,6
10144,,Waaberi,Maajo,4,1,2
10195,,Waaberi,Maajo,6,4,3
10247,,Waaberi,Maajo,0,0,0
10286,,Waaberi,Maajo,14,32,28
10318,,Waaberi,Maajo,0,0,0
10319,,Waaberi,Maajo,5,7,10
10359,,Waaberi,Maajo,18,14,20
10395,,Waaberi,Maajo,5,4,7
10396,,Waaberi,Maajo,0,0,0
10397,,Waaberi,Maajo,8,5,3
10398,,Waaberi,Maajo,3,2,4
10477,,Waaberi,Maajo,0,0,0
10479,,Waaberi,Maajo,7,9,18
10512,,Waaberi,Maajo,10,10,12
10513,,Waaberi,Maajo,108,79,36
10514,,Waaberi,Maajo,20,18,22
10551,,Waaberi,Maajo,6,6,3
10613,,Waaberi,Maajo,8,9,12
10629,,Waaberi,Maajo,0,0,0
10655,,Waaberi,Maajo,2,2,7
10656,,Waaberi,Maajo,4,2,2
10719,,Waaberi,Maajo,7,5,5
10742,,Waaberi,Maajo,0,0,0
10755,,Waaberi,Maajo,61,49,30
10768,,Waaberi,Maajo,24,21,22
10816,,Waaberi,Maajo,11,9,14
10823,,Waaberi,Maajo,0,0,0
10824,,Waaberi,Maajo,42,38,41
10834,,Waaberi,Maajo,3,2,2
10852,,Waaberi,Maajo,1,2,7
10853,,Waaberi,Maajo,0,0,0
10854,,Waaberi,Maajo,3,3,3
10890,,Waaberi,Maajo,7,8,0
10925,,Waaberi,Maajo,0,0,0
10968,,Waaberi,Maajo,11,9,11
10989,,Waaberi,Maajo,8,6,9
11041,,Waaberi,Maajo,25,24,22
11049,,Waaberi,Maajo,8,13,20
11096,,Waaberi,Maajo,4,4,3
11124,,Waaberi,Maajo,0,0,0
11149,,Waaberi,Maajo,4,3,1
11157,,Waaberi,Maajo,43,24,23
11175,,Waaberi,Maajo,10,5,8
11180,,Waaberi,Maajo,12,9,11
11200,,Waaberi,Maajo,46,44,24
11201,,Waaberi,Maajo,6,8,5
11202,,Waaberi,Maajo,11,10,20
11203,,Waaberi,Maajo,3,1,1
11228,,Waaberi,Maajo,8,27,25
11275,,Waaberi,Maajo,21,23,3
11344,,Waaberi,Maajo,0,0,0
11345,,Waaberi,Maajo,2,3,1
11346,,Waaberi,Maajo,0,0,0
11386,,Waaberi,Maajo,0,0,0
11390,,Waaberi,Maajo,7,10,11
11391,,Waaberi,Maajo,1,10,11
11392,,Waaberi,Maajo,26,24,10
11424,,Waaberi,Maajo,0,0,0
11430,,Waaberi,Maajo,22,11,10
11435,,Waaberi,Maajo,34,27,34
11449,,Waaberi,Maajo,5,0,0
11463,,Waaberi,Maajo,0,0,2
11474,,Waaberi,Maajo,3,2,2
11481,,Waaberi,Maajo,0,0,0
11488,,Waaberi,Maajo,16,20,17
11489,,Waaberi,Maajo,30,8,20
11494,,Waaberi,Maajo,15,15,26
11527,,Waaberi,Maajo,25,25,23
11541,,Waaberi,Maajo,14,16,15
11542,,Waaberi,Maajo,15,14,14
11543,,Waaberi,Maajo,10,11,10
11544,,Waaberi,Maajo,14,16,12
11562,,Waaberi,Maajo,457,330,363
11563,,Waaberi,Maajo,16,44,28
11575,,Waaberi,Maajo,16,12,24
11576,,Waaberi,Maajo,21,28,30
11577,,Waaberi,Maajo,20,7,20
11586,,Waaberi,Maajo,0,0,0
11595,,Waaberi,Maajo,17,13,16
11601,,Waaberi,Maajo,16,10,11
11602,,Waaberi,Maajo,28,30,28
11611,,Waaberi,Maajo,124,250,250
11613,,Waaberi,Maajo,16,16,19
11616,,Waaberi,Maajo,6,18,10
11622,,Waaberi,Maajo,7,5,9
11626,,Waaberi,Maajo,18,15,19
11634,,Waaberi,Maajo,14,15,13
11640,,Waaberi,Maajo,17,13,12
11643,,Waaberi,Maajo,16,15,17
11652,,Waaberi,Maajo,17,14,19
11653,,Waaberi,Maajo,14,8,10
11665,,Waaberi,Maajo,10,11,11
11680,,Waaberi,Maajo,0,0,0
11701,,Waaberi,Maajo,16,8,11
11702,,Waaberi,Maajo,14,15,7
11703,,Waaberi,Maajo,66,64,52
11706,,Waaberi,Maajo,11,9,11
11708,,Waaberi,Maajo,15,15,15
11709,,Waaberi,Maajo,21,21,22
11710,,Waaberi,Maajo,19,16,18
11717,,Waaberi,Maajo,16,14,12
11726,,Waaberi,Maajo,3,6,2
11741,,Waaberi,Maajo,31,21,17
11744,,Waaberi,Maajo,21,20,23
11751,,Waaberi,Maajo,7,7,19
11756,,Waaberi,Maajo,6,9,6
11762,,Waaberi,Maajo,19,30,32
11770,,Waaberi,Maajo,4,5,6
11771,,Waaberi,Maajo,42,29,30
11780,,Waaberi,Maajo,24,4,20
11788,,Waaberi,Maajo,11,10,29
11798,,Waaberi,Maajo,10,10,14
11806,,Waaberi,Maajo,28,41,20
11809,,Waaberi,Maajo,410,350,414
11810,,Waaberi,Maajo,16,13,11
11811,,Waaberi,Maajo,0,0,4
11812,,Waaberi,Maajo,43,32,34
11819,,Waaberi,Maajo,33,33,36
11821,,Waaberi,Maajo,50,53,77
11822,,Waaberi,Maajo,78,100,72
11823,,Waaberi,Maajo,40,25,20
11824,,Waaberi,Maajo,2,2,2
11842,,Waaberi,Maajo,4,3,1
11843,,Waaberi,Maajo,37,30,23
11851,,Waaberi,Maajo,285,13,0
11858,,Waaberi,Maajo,33,33,32
11859,,Waaberi,Maajo,306,260,311
11864,,Waaberi,Maajo,10,36,24
11865,,Waaberi,Maajo,22,19,29
11866,,Waaberi,Maajo,37,32,62
11869,,Waaberi,Maajo,64,79,103
11871,,Waaberi,Maajo,15,9,17
11874,,Waaberi,Maajo,35,30,30
11885,,Waaberi,Maajo,66,66,116
11898,,Waaberi,Maajo,30,66,65
11902,,Waaberi,Maajo,30,41,58
11910,,Waaberi,Maajo,163,65,35
11912,,Waaberi,Maajo,233,205,193
11937,,Waaberi,Maajo,86,92,100
11963,,Waaberi,Maajo,62,0,0
11964,,Waaberi,Maajo,1,107,13
11965,,Waaberi,Maajo,6,4,5
11966,,Waaberi,Maajo,23,32,29
11967,,Waaberi,Maajo,23,23,21
11968,,Waaberi,Maajo,8,31,13
11969,,Waaberi,Maajo,47,49,53
11970,,Waaberi,Maajo,1,0,0
11971,,Waaberi,Maajo,1,1,5
12003,,Waaberi,Maajo,3,0,0
12601,,Waaberi,Maajo,13,80,3
12602,,Waaberi,Maajo,11,7,6
12603,,Waaberi,Maajo,21,15,18
12604,,Waaberi,Maajo,2,2,3
12656,,Waaberi,Maajo,3,1,2
12750,,Waaberi,Maajo,8,12,12
12823,,Waaberi,Maajo,1,3,4
12856,,Waaberi,Maajo,0,44,73
12857,,Waaberi,Maajo,0,3,113
12880,,Waaberi,Maajo,0,1,1
12896,,Waaberi,Maajo,0,47,63
12898,,Waaberi,Maajo,0,63,37
12901,,Waaberi,Maajo,0,13,6
12903,,Waaberi,Maajo,0,3,3
12905,,Waaberi,Maajo,0,1,7
12907,,Waaberi,Maajo,0,1,8
12908,,Waaberi,Maajo,0,23,32
12909,,Waaberi,Maajo,0,1,3
12918,,Waaberi,Maajo,0,18,22
12919,,Waaberi,Maajo,0,3,3
13001,,Waaberi,Maajo,0,0,10
13007,,Waaberi,Maajo,0,0,3
13013,,Waaberi,Maajo,0,0,74
13025,,Waaberi,Maajo,0,0,10
13035,,Waaberi,Maajo,0,0,9
3775,,Waaberi,Buulo Weekiyo,23,24,16
3795,,Waaberi,Buulo Weekiyo,14,14,15
3798,,Waaberi,Buulo Weekiyo,11,8,16
3809,,Waaberi,Buulo Weekiyo,2,2,4
3817,,Waaberi,Buulo Weekiyo,8,12,23
3844,,Waaberi,Buulo Weekiyo,26,22,25
3865,,Waaberi,Buulo Weekiyo,11,8,9
3866,,Waaberi,Buulo Weekiyo,11,9,15
3877,,Waaberi,Buulo Weekiyo,50,38,48
3923,,Waaberi,Buulo Weekiyo,6,6,7
3924,,Waaberi,Buulo Weekiyo,5,1,17
3925,,Waaberi,Buulo Weekiyo,15,21,23
3957,,Waaberi,Buulo Weekiyo,5,3,2
3964,,Waaberi,Buulo Weekiyo,5,4,4
3965,,Waaberi,Buulo Weekiyo,3,4,4
3966,,Waaberi,Buulo Weekiyo,6,5,8
3967,,Waaberi,Buulo Weekiyo,4,5,8
3968,,Waaberi,Buulo Weekiyo,16,17,18
4038,,Waaberi,Buulo Weekiyo,9,9,11
4039,,Waaberi,Buulo Weekiyo,6,5,5
4040,,Waaberi,Buulo Weekiyo,3,2,3
4041,,Waaberi,Buulo Weekiyo,7,5,5
4042,,Waaberi,Buulo Weekiyo,4,2,4
4043,,Waaberi,Buulo Weekiyo,1,2,2
4044,,Waaberi,Buulo Weekiyo,15,13,9
4045,,Waaberi,Buulo Weekiyo,6,6,5
4046,,Waaberi,Buulo Weekiyo,23,16,18
4047,,Waaberi,Buulo Weekiyo,7,7,7
4048,,Waaberi,Buulo Weekiyo,25,10,15
4049,,Waaberi,Buulo Weekiyo,2,3,3
4218,,Waaberi,Buulo Weekiyo,7,3,10
4219,,Waaberi,Buulo Weekiyo,21,19,21
4220,,Waaberi,Buulo Weekiyo,5,6,9
4221,,Waaberi,Buulo Weekiyo,5,3,5
4222,,Waaberi,Buulo Weekiyo,8,11,10
4223,,Waaberi,Buulo Weekiyo,7,7,9
4224,,Waaberi,Buulo Weekiyo,10,12,14
4225,,Waaberi,Buulo Weekiyo,6,7,7
4226,,Waaberi,Buulo Weekiyo,2,3,4
4227,,Waaberi,Buulo Weekiyo,4,2,6
4228,,Waaberi,Buulo Weekiyo,7,2,11
4229,,Waaberi,Buulo Weekiyo,8,8,9
4230,,Waaberi,Buulo Weekiyo,10,6,10
4458,,Waaberi,Buulo Weekiyo,17,16,14
4459,,Waaberi,Buulo Weekiyo,3,2,3
4460,,Waaberi,Buulo Weekiyo,2,1,2
4744,,Waaberi,Buulo Weekiyo,13,12,9
4745,,Waaberi,Buulo Weekiyo,11,12,23
4746,,Waaberi,Buulo Weekiyo,10,12,16
4747,,Waaberi,Buulo Weekiyo,6,9,8
4748,,Waaberi,Buulo Weekiyo,7,5,5
4749,,Waaberi,Buulo Weekiyo,4,4,2
4750,,Waaberi,Buulo Weekiyo,21,23,26
4751,,Waaberi,Buulo Weekiyo,6,5,8
4752,,Waaberi,Buulo Weekiyo,19,11,13
4753,,Waaberi,Buulo Weekiyo,4,4,4
4754,,Waaberi,Buulo Weekiyo,9,10,7
4755,,Waaberi,Buulo Weekiyo,15,11,9
4756,,Waaberi,Buulo Weekiyo,0,0,0
4757,,Waaberi,Buulo Weekiyo,10,8,11
4758,,Waaberi,Buulo Weekiyo,21,21,16
4759,,Waaberi,Buulo Weekiyo,8,8,8
4760,,Waaberi,Buulo Weekiyo,2,2,5
4761,,Waaberi,Buulo Weekiyo,10,8,9
4762,,Waaberi,Buulo Weekiyo,16,23,26
4763,,Waaberi,Buulo Weekiyo,5,4,4
4764,,Waaberi,Buulo Weekiyo,5,5,4
4765,,Waaberi,Buulo Weekiyo,4,5,4
4766,,Waaberi,Buulo Weekiyo,9,9,9
4767,,Waaberi,Buulo Weekiyo,15,19,24
4768,,Waaberi,Buulo Weekiyo,2,2,3
4769,,Waaberi,Buulo Weekiyo,22,35,34
4770,,Waaberi,Buulo Weekiyo,3,3,2
4771,,Waaberi,Buulo Weekiyo,2,2,2
4772,,Waaberi,Buulo Weekiyo,4,3,4
4773,,Waaberi,Buulo Weekiyo,9,10,7
4774,,Waaberi,Buulo Weekiyo,8,7,11
4775,,Waaberi,Buulo Weekiyo,5,4,2
4776,,Waaberi,Buulo Weekiyo,25,17,22
4777,,Waaberi,Buulo Weekiyo,10,8,8
4778,,Waaberi,Buulo Weekiyo,10,10,11
4779,,Waaberi,Buulo Weekiyo,9,6,6
4780,,Waaberi,Buulo Weekiyo,17,19,17
4781,,Waaberi,Buulo Weekiyo,6,3,6
4782,,Waaberi,Buulo Weekiyo,24,22,22
4783,,Waaberi,Buulo Weekiyo,9,20,10
4784,,Waaberi,Buulo Weekiyo,8,12,10
4785,,Waaberi,Buulo Weekiyo,4,5,4
4786,,Waaberi,Buulo Weekiyo,19,16,15
4787,,Waaberi,Buulo Weekiyo,1,2,1
4788,,Waaberi,Buulo Weekiyo,4,4,3
4789,,Waaberi,Buulo Weekiyo,6,6,6
4790,,Waaberi,Buulo Weekiyo,4,3,4
4791,,Waaberi,Buulo Weekiyo,2,3,4
4792,,Waaberi,Buulo Weekiyo,9,7,6
4793,,Waaberi,Buulo Weekiyo,5,0,0
4794,,Waaberi,Buulo Weekiyo,1,1,1
4795,,Waaberi,Buulo Weekiyo,17,17,20
4796,,Waaberi,Buulo Weekiyo,1,2,3
4797,,Waaberi,Buulo Weekiyo,7,5,10
4798,,Waaberi,Buulo Weekiyo,10,7,9
4799,,Waaberi,Buulo Weekiyo,2,3,4
4800,,Waaberi,Buulo Weekiyo,25,20,22
4801,,Waaberi,Buulo Weekiyo,31,22,26
4802,,Waaberi,Buulo Weekiyo,3,6,3
4803,,Waaberi,Buulo Weekiyo,5,3,8
4804,,Waaberi,Buulo Weekiyo,11,10,15
4805,,Waaberi,Buulo Weekiyo,100,19,20
4806,,Waaberi,Buulo Weekiyo,18,18,20
4807,,Waaberi,Buulo Weekiyo,10,6,6
4808,,Waaberi,Buulo Weekiyo,11,12,15
4809,,Waaberi,Buulo Weekiyo,23,19,26
4810,,Waaberi,Buulo Weekiyo,9,7,9
4811,,Waaberi,Buulo Weekiyo,7,11,13
4812,,Waaberi,Buulo Weekiyo,10,11,16
4813,,Waaberi,Buulo Weekiyo,4,5,6
4814,,Waaberi,Buulo Weekiyo,22,10,3
4815,,Waaberi,Buulo Weekiyo,7,6,8
4816,,Waaberi,Buulo Weekiyo,9,4,5
4817,,Waaberi,Buulo Weekiyo,9,7,9
4818,,Waaberi,Buulo Weekiyo,13,12,10
4819,,Waaberi,Buulo Weekiyo,9,6,12
4820,,Waaberi,Buulo Weekiyo,18,12,15
4821,,Waaberi,Buulo Weekiyo,12,9,16
4822,,Waaberi,Buulo Weekiyo,9,9,8
4823,,Waaberi,Buulo Weekiyo,7,6,7
4824,,Waaberi,Buulo Weekiyo,7,8,8
4825,,Waaberi,Buulo Weekiyo,2,0,1
4826,,Waaberi,Buulo Weekiyo,15,9,1
4827,,Waaberi,Buulo Weekiyo,16,7,28
4828,,Waaberi,Buulo Weekiyo,11,7,9
4829,,Waaberi,Buulo Weekiyo,13,13,17
4830,,Waaberi,Buulo Weekiyo,8,9,7
4831,,Waaberi,Buulo Weekiyo,5,4,4
4832,,Waaberi,Buulo Weekiyo,1,2,3
4833,,Waaberi,Buulo Weekiyo,5,5,3
4834,,Waaberi,Buulo Weekiyo,0,5,16
4835,,Waaberi,Buulo Weekiyo,20,29,24
4836,,Waaberi,Buulo Weekiyo,12,3,12
4837,,Waaberi,Buulo Weekiyo,12,12,13
4838,,Waaberi,Buulo Weekiyo,6,5,7
4839,,Waaberi,Buulo Weekiyo,6,2,4
4840,,Waaberi,Buulo Weekiyo,10,7,9
4841,,Waaberi,Buulo Weekiyo,10,6,4
4842,,Waaberi,Buulo Weekiyo,24,21,26
4843,,Waaberi,Buulo Weekiyo,11,9,11
4844,,Waaberi,Buulo Weekiyo,44,35,38
4845,,Waaberi,Buulo Weekiyo,7,0,0
4846,,Waaberi,Buulo Weekiyo,7,8,10
4847,,Waaberi,Buulo Weekiyo,2,2,2
4848,,Waaberi,Buulo Weekiyo,14,8,11
4849,,Waaberi,Buulo Weekiyo,4,11,10
4850,,Waaberi,Buulo Weekiyo,1,0,0
4851,,Waaberi,Buulo Weekiyo,12,6,18
4852,,Waaberi,Buulo Weekiyo,16,13,12
4853,,Waaberi,Buulo Weekiyo,6,6,6
4854,,Waaberi,Buulo Weekiyo,8,7,5
4855,,Waaberi,Buulo Weekiyo,6,5,5
4856,,Waaberi,Buulo Weekiyo,41,28,18
4857,,Waaberi,Buulo Weekiyo,6,4,6
4858,,Waaberi,Buulo Weekiyo,6,3,29
4859,,Waaberi,Buulo Weekiyo,8,10,13
4860,,Waaberi,Buulo Weekiyo,7,10,11
4861,,Waaberi,Buulo Weekiyo,3,2,4
4862,,Waaberi,Buulo Weekiyo,2,3,3
4863,,Waaberi,Buulo Weekiyo,2,2,2
4864,,Waaberi,Buulo Weekiyo,7,5,6
4865,,Waaberi,Buulo Weekiyo,14,9,9
4866,,Waaberi,Buulo Weekiyo,1,1,2
4867,,Waaberi,Buulo Weekiyo,5,5,5
4868,,Waaberi,Buulo Weekiyo,5,6,6
4869,,Waaberi,Buulo Weekiyo,5,9,8
4870,,Waaberi,Buulo Weekiyo,2,2,3
4871,,Waaberi,Buulo Weekiyo,5,3,1
4872,,Waaberi,Buulo Weekiyo,2,23,3
4873,,Waaberi,Buulo Weekiyo,9,8,7
4874,,Waaberi,Buulo Weekiyo,2,5,2
4875,,Waaberi,Buulo Weekiyo,8,10,11
4876,,Waaberi,Buulo Weekiyo,7,8,6
4877,,Waaberi,Buulo Weekiyo,6,4,4
4878,,Waaberi,Buulo Weekiyo,36,26,29
4879,,Waaberi,Buulo Weekiyo,8,7,9
4880,,Waaberi,Buulo Weekiyo,4,3,3
4881,,Waaberi,Buulo Weekiyo,10,7,2
4882,,Waaberi,Buulo Weekiyo,19,18,11
4883,,Waaberi,Buulo Weekiyo,17,15,14
4884,,Waaberi,Buulo Weekiyo,27,20,12
4885,,Waaberi,Buulo Weekiyo,10,9,10
4886,,Waaberi,Buulo Weekiyo,1,1,0
4887,,Waaberi,Buulo Weekiyo,10,9,10
4888,,Waaberi,Buulo Weekiyo,0,0,0
4889,,Waaberi,Buulo Weekiyo,10,10,10
4890,,Waaberi,Buulo Weekiyo,34,19,34
4891,,Waaberi,Buulo Weekiyo,15,14,19
4892,,Waaberi,Buulo Weekiyo,21,37,12
7308,,Waaberi,Buulo Weekiyo,7,8,9
7343,,Waaberi,Buulo Weekiyo,6,5,4
7344,,Waaberi,Buulo Weekiyo,9,9,7
7345,,Waaberi,Buulo Weekiyo,8,3,4
7346,,Waaberi,Buulo Weekiyo,6,6,8
7347,,Waaberi,Buulo Weekiyo,2,2,3
7348,,Waaberi,Buulo Weekiyo,1,4,3
7349,,Waaberi,Buulo Weekiyo,10,7,9
7350,,Waaberi,Buulo Weekiyo,12,12,11
7351,,Waaberi,Buulo Weekiyo,11,9,9
7352,,Waaberi,Buulo Weekiyo,7,10,11
7353,,Waaberi,Buulo Weekiyo,5,5,4
7354,,Waaberi,Buulo Weekiyo,14,12,13
7355,,Waaberi,Buulo Weekiyo,11,7,9
7356,,Waaberi,Buulo Weekiyo,6,6,6
7357,,Waaberi,Buulo Weekiyo,2,9,13
7358,,Waaberi,Buulo Weekiyo,6,4,7
7359,,Waaberi,Buulo Weekiyo,6,6,6
7360,,Waaberi,Buulo Weekiyo,9,7,10
7361,,Waaberi,Buulo Weekiyo,9,5,7
7362,,Waaberi,Buulo Weekiyo,12,10,16
7363,,Waaberi,Buulo Weekiyo,5,3,2
7364,,Waaberi,Buulo Weekiyo,8,6,4
7705,,Waaberi,Buulo Weekiyo,1,59,35
7706,,Waaberi,Buulo Weekiyo,17,17,16
7756,,Waaberi,Buulo Weekiyo,14,11,16
7757,,Waaberi,Buulo Weekiyo,6,5,5
7758,,Waaberi,Buulo Weekiyo,14,14,13
7759,,Waaberi,Buulo Weekiyo,16,16,15
7760,,Waaberi,Buulo Weekiyo,9,11,11
7761,,Waaberi,Buulo Weekiyo,1,1,1
7762,,Waaberi,Buulo Weekiyo,10,14,15
7763,,Waaberi,Buulo Weekiyo,24,24,24
7764,,Waaberi,Buulo Weekiyo,34,13,10
7765,,Waaberi,Buulo Weekiyo,4,4,4
7766,,Waaberi,Buulo Weekiyo,2,3,3
7767,,Waaberi,Buulo Weekiyo,2,2,3
7768,,Waaberi,Buulo Weekiyo,11,15,15
7769,,Waaberi,Buulo Weekiyo,11,20,17
7770,,Waaberi,Buulo Weekiyo,6,9,13
7771,,Waaberi,Buulo Weekiyo,6,5,9
7772,,Waaberi,Buulo Weekiyo,17,7,13
7773,,Waaberi,Buulo Weekiyo,10,8,11
7774,,Waaberi,Buulo Weekiyo,10,10,13
7775,,Waaberi,Buulo Weekiyo,6,7,7
7776,,Waaberi,Buulo Weekiyo,6,5,5
7777,,Waaberi,Buulo Weekiyo,10,5,6
7778,,Waaberi,Buulo Weekiyo,26,17,18
8238,,Waaberi,Buulo Weekiyo,8,7,7
8239,,Waaberi,Buulo Weekiyo,10,11,8
8240,,Waaberi,Buulo Weekiyo,7,6,5
8241,,Waaberi,Buulo Weekiyo,5,12,11
8242,,Waaberi,Buulo Weekiyo,4,5,5
8243,,Waaberi,Buulo Weekiyo,8,10,12
8244,,Waaberi,Buulo Weekiyo,4,5,7
8245,,Waaberi,Buulo Weekiyo,7,8,14
8246,,Waaberi,Buulo Weekiyo,5,5,5
8247,,Waaberi,Buulo Weekiyo,7,5,5
8248,,Waaberi,Buulo Weekiyo,6,5,4
8249,,Waaberi,Buulo Weekiyo,11,10,10
8446,,Waaberi,Buulo Weekiyo,17,14,19
8483,,Waaberi,Buulo Weekiyo,9,10,12
8484,,Waaberi,Buulo Weekiyo,21,17,17
8485,,Waaberi,Buulo Weekiyo,1,2,5
8486,,Waaberi,Buulo Weekiyo,23,15,22
8487,,Waaberi,Buulo Weekiyo,5,4,5
8488,,Waaberi,Buulo Weekiyo,12,5,6
8489,,Waaberi,Buulo Weekiyo,11,18,12
8490,,Waaberi,Buulo Weekiyo,5,4,9
8491,,Waaberi,Buulo Weekiyo,4,6,8
8492,,Waaberi,Buulo Weekiyo,23,25,31
8493,,Waaberi,Buulo Weekiyo,3,10,15
8494,,Waaberi,Buulo Weekiyo,9,9,13
8790,,Waaberi,Buulo Weekiyo,12,11,10
8810,,Waaberi,Buulo Weekiyo,13,8,9
8811,,Waaberi,Buulo Weekiyo,6,9,10
8812,,Waaberi,Buulo Weekiyo,12,13,16
8813,,Waaberi,Buulo Weekiyo,31,28,26
8814,,Waaberi,Buulo Weekiyo,9,7,8
8815,,Waaberi,Buulo Weekiyo,6,5,6
8816,,Waaberi,Buulo Weekiyo,12,9,13
8817,,Waaberi,Buulo Weekiyo,3,2,3
8949,,Waaberi,Buulo Weekiyo,7,7,8
8950,,Waaberi,Buulo Weekiyo,6,5,6
8951,,Waaberi,Buulo Weekiyo,16,16,16
8952,,Waaberi,Buulo Weekiyo,6,5,6
8953,,Waaberi,Buulo Weekiyo,24,23,28
8954,,Waaberi,Buulo Weekiyo,3,2,2
8955,,Waaberi,Buulo Weekiyo,10,8,10
8956,,Waaberi,Buulo Weekiyo,7,6,7
8957,,Waaberi,Buulo Weekiyo,4,4,4
8958,,Waaberi,Buulo Weekiyo,0,0,0
8959,,Waaberi,Buulo Weekiyo,23,18,19
9191,,Waaberi,Buulo Weekiyo,6,6,5
9192,,Waaberi,Buulo Weekiyo,17,16,17
9193,,Waaberi,Buulo Weekiyo,5,3,5
9194,,Waaberi,Buulo Weekiyo,3,2,5
9195,,Waaberi,Buulo Weekiyo,2,2,3
9196,,Waaberi,Buulo Weekiyo,10,9,9
9197,,Waaberi,Buulo Weekiyo,1,117,46
9316,,Waaberi,Buulo Weekiyo,12,14,12
9317,,Waaberi,Buulo Weekiyo,9,7,7
9318,,Waaberi,Buulo Weekiyo,6,11,7
9319,,Waaberi,Buulo Weekiyo,6,5,11
9320,,Waaberi,Buulo Weekiyo,10,8,8
9321,,Waaberi,Buulo Weekiyo,5,4,5
9322,,Waaberi,Buulo Weekiyo,10,10,10
9323,,Waaberi,Buulo Weekiyo,20,20,22
9324,,Waaberi,Buulo Weekiyo,4,3,6
9325,,Waaberi,Buulo Weekiyo,30,27,34
9326,,Waaberi,Buulo Weekiyo,12,12,14
9327,,Waaberi,Buulo Weekiyo,12,12,20
9328,,Waaberi,Buulo Weekiyo,4,3,3
9329,,Waaberi,Buulo Weekiyo,9,7,5
9330,,Waaberi,Buulo Weekiyo,13,12,13
9331,,Waaberi,Buulo Weekiyo,4,2,5
9332,,Waaberi,Buulo Weekiyo,14,15,19
9333,,Waaberi,Buulo Weekiyo,12,11,14
9558,,Waaberi,Buulo Weekiyo,6,3,2
9559,,Waaberi,Buulo Weekiyo,16,18,17
9637,,Waaberi,Buulo Weekiyo,11,16,18
9638,,Waaberi,Buulo Weekiyo,7,10,3
9639,,Waaberi,Buulo Weekiyo,20,19,12
9640,,Waaberi,Buulo Weekiyo,12,16,16
9641,,Waaberi,Buulo Weekiyo,9,9,13
9707,,Waaberi,Buulo Weekiyo,4,4,4
9708,,Waaberi,Buulo Weekiyo,20,17,19
9709,,Waaberi,Buulo Weekiyo,18,23,18
9806,,Waaberi,Buulo Weekiyo,5,3,4
9835,,Waaberi,Buulo Weekiyo,14,13,12
9836,,Waaberi,Buulo Weekiyo,15,16,18
9888,,Waaberi,Buulo Weekiyo,19,23,16
9927,,Waaberi,Buulo Weekiyo,3,1,2
9928,,Waaberi,Buulo Weekiyo,33,33,37
9929,,Waaberi,Buulo Weekiyo,4,2,10
9930,,Waaberi,Buulo Weekiyo,18,20,9
9931,,Waaberi,Buulo Weekiyo,1,0,1
10043,,Waaberi,Buulo Weekiyo,5,5,4
10080,,Waaberi,Buulo Weekiyo,9,6,8
10145,,Waaberi,Buulo Weekiyo,19,17,19
10146,,Waaberi,Buulo Weekiyo,14,6,16
10196,,Waaberi,Buulo Weekiyo,15,11,2
10232,,Waaberi,Buulo Weekiyo,33,27,26
10248,,Waaberi,Buulo Weekiyo,12,15,55
10287,,Waaberi,Buulo Weekiyo,16,15,17
10308,,Waaberi,Buulo Weekiyo,16,20,15
10309,,Waaberi,Buulo Weekiyo,5,4,2
10320,,Waaberi,Buulo Weekiyo,8,7,7
10360,,Waaberi,Buulo Weekiyo,27,21,16
10382,,Waaberi,Buulo Weekiyo,7,8,7
10383,,Waaberi,Buulo Weekiyo,1,2,3
10614,,Waaberi,Buulo Weekiyo,0,0,0
10615,,Waaberi,Buulo Weekiyo,0,0,0
10645,,Waaberi,Buulo Weekiyo,3,3,3
10706,,Waaberi,Buulo Weekiyo,9,8,11
10720,,Waaberi,Buulo Weekiyo,2,2,1
10721,,Waaberi,Buulo Weekiyo,11,9,12
10743,,Waaberi,Buulo Weekiyo,1,3,4
10774,,Waaberi,Buulo Weekiyo,16,8,10
10817,,Waaberi,Buulo Weekiyo,24,17,15
10883,,Waaberi,Buulo Weekiyo,3,5,5
10891,,Waaberi,Buulo Weekiyo,21,15,10
10902,,Waaberi,Buulo Weekiyo,0,0,0
11032,,Waaberi,Buulo Weekiyo,28,26,29
11053,,Waaberi,Buulo Weekiyo,10,8,12
11097,,Waaberi,Buulo Weekiyo,0,0,0
11117,,Waaberi,Buulo Weekiyo,8,6,2
11138,,Waaberi,Buulo Weekiyo,8,13,14
11272,,Waaberi,Buulo Weekiyo,7,5,6
11280,,Waaberi,Buulo Weekiyo,12,9,7
11281,,Waaberi,Buulo Weekiyo,19,10,20
11310,,Waaberi,Buulo Weekiyo,9,11,12
11347,,Waaberi,Buulo Weekiyo,5,4,8
11348,,Waaberi,Buulo Weekiyo,3,4,8
11431,,Waaberi,Buulo Weekiyo,7,6,5
11523,,Waaberi,Buulo Weekiyo,6,10,12
11668,,Waaberi,Buulo Weekiyo,16,16,19
11685,,Waaberi,Buulo Weekiyo,57,43,48
11994,,Waaberi,Buulo Weekiyo,103,79,75
12613,,Waaberi,Buulo Weekiyo,23,20,24
12641,,Waaberi,Buulo Weekiyo,2,4,4
12642,,Waaberi,Buulo Weekiyo,68,63,73
12645,,Waaberi,Buulo Weekiyo,19,20,31
12646,,Waaberi,Buulo Weekiyo,20,18,18
12647,,Waaberi,Buulo Weekiyo,10,11,12
12648,,Waaberi,Buulo Weekiyo,24,16,17
12649,,Waaberi,Buulo Weekiyo,12,10,11
12650,,Waaberi,Buulo Weekiyo,17,16,20
12651,,Waaberi,Buulo Weekiyo,44,46,55
12652,,Waaberi,Buulo Weekiyo,10,9,12
12655,,Waaberi,Buulo Weekiyo,17,14,22
12703,,Waaberi,Buulo Weekiyo,6,3,3
12704,,Waaberi,Buulo Weekiyo,10,11,13
12705,,Waaberi,Buulo Weekiyo,7,8,8
12706,,Waaberi,Buulo Weekiyo,14,16,6
12707,,Waaberi,Buulo Weekiyo,29,13,9
12709,,Waaberi,Buulo Weekiyo,3,4,4
12727,,Waaberi,Buulo Weekiyo,41,5,5
12728,,Waaberi,Buulo Weekiyo,52,12,13
12729,,Waaberi,Buulo Weekiyo,27,7,9
12730,,Waaberi,Buulo Weekiyo,49,16,16
12731,,Waaberi,Buulo Weekiyo,45,18,18
12732,,Waaberi,Buulo Weekiyo,56,22,19
12733,,Waaberi,Buulo Weekiyo,6,9,7
12734,,Waaberi,Buulo Weekiyo,46,13,14
12735,,Waaberi,Buulo Weekiyo,8,3,2
12736,,Waaberi,Buulo Weekiyo,6,5,4
12737,,Waaberi,Buulo Weekiyo,10,9,15
12738,,Waaberi,Buulo Weekiyo,34,13,12
12739,,Waaberi,Buulo Weekiyo,13,11,3
12740,,Waaberi,Buulo Weekiyo,15,11,11
12741,,Waaberi,Buulo Weekiyo,21,2,13
12742,,Waaberi,Buulo Weekiyo,27,17,19
12743,,Waaberi,Buulo Weekiyo,14,17,22
12744,,Waaberi,Buulo Weekiyo,40,7,8
12754,,Waaberi,Buulo Weekiyo,5,4,5
12755,,Waaberi,Buulo Weekiyo,4,6,5
12756,,Waaberi,Buulo Weekiyo,10,9,10
12811,,Waaberi,Buulo Weekiyo,4,0,1
12912,,Waaberi,Buulo Weekiyo,0,2,1
12913,,Waaberi,Buulo Weekiyo,0,11,7
12914,,Waaberi,Buulo Weekiyo,0,18,17
12915,,Waaberi,Buulo Weekiyo,0,7,15
12922,,Waaberi,Buulo Weekiyo,0,11,8
12923,,Waaberi,Buulo Weekiyo,0,4,6
12962,,Waaberi,Buulo Weekiyo,0,3,24
12963,,Waaberi,Buulo Weekiyo,0,5,16
12964,,Waaberi,Buulo Weekiyo,0,2,1
12965,,Waaberi,Buulo Weekiyo,0,29,11
3799,,Waaberi,Tareebiyaano,0,0,0
3834,,Waaberi,Tareebiyaano,9,10,18
3835,,Waaberi,Tareebiyaano,2,4,5
3849,,Waaberi,Tareebiyaano,16,19,16
3867,,Waaberi,Tareebiyaano,7,7,8
3888,,Waaberi,Tareebiyaano,5,9,15
3969,,Waaberi,Tareebiyaano,2,3,7
4050,,Waaberi,Tareebiyaano,1,3,0
4051,,Waaberi,Tareebiyaano,15,25,23
4052,,Waaberi,Tareebiyaano,4,3,2
4053,,Waaberi,Tareebiyaano,13,13,17
4231,,Waaberi,Tareebiyaano,2,3,4
4232,,Waaberi,Tareebiyaano,9,11,12
4233,,Waaberi,Tareebiyaano,6,5,2
4234,,Waaberi,Tareebiyaano,3,6,4
4235,,Waaberi,Tareebiyaano,15,14,18
4236,,Waaberi,Tareebiyaano,1,1,1
4237,,Waaberi,Tareebiyaano,6,4,1
4893,,Waaberi,Tareebiyaano,13,18,19
4894,,Waaberi,Tareebiyaano,24,28,28
4895,,Waaberi,Tareebiyaano,12,17,18
4896,,Waaberi,Tareebiyaano,16,17,22
4897,,Waaberi,Tareebiyaano,11,13,12
4898,,Waaberi,Tareebiyaano,3,7,6
4899,,Waaberi,Tareebiyaano,3,4,1
4900,,Waaberi,Tareebiyaano,4,6,4
4901,,Waaberi,Tareebiyaano,22,22,21
4902,,Waaberi,Tareebiyaano,6,9,4
4903,,Waaberi,Tareebiyaano,4,7,9
4904,,Waaberi,Tareebiyaano,16,22,21
4905,,Waaberi,Tareebiyaano,5,8,8
4906,,Waaberi,Tareebiyaano,11,18,17
4907,,Waaberi,Tareebiyaano,11,9,6
4908,,Waaberi,Tareebiyaano,7,9,9
4909,,Waaberi,Tareebiyaano,20,8,41
4910,,Waaberi,Tareebiyaano,20,17,14
4911,,Waaberi,Tareebiyaano,15,23,19
4912,,Waaberi,Tareebiyaano,15,16,13
4913,,Waaberi,Tareebiyaano,10,11,16
4914,,Waaberi,Tareebiyaano,6,10,11
4915,,Waaberi,Tareebiyaano,17,16,23
4916,,Waaberi,Tareebiyaano,1,35,48
4917,,Waaberi,Tareebiyaano,16,23,27
4918,,Waaberi,Tareebiyaano,16,0,21
4919,,Waaberi,Tareebiyaano,9,9,17
4920,,Waaberi,Tareebiyaano,2,2,1
4921,,Waaberi,Tareebiyaano,15,20,19
4922,,Waaberi,Tareebiyaano,1,0,0
4923,,Waaberi,Tareebiyaano,4,2,7
4924,,Waaberi,Tareebiyaano,11,10,11
4925,,Waaberi,Tareebiyaano,17,3,1
4926,,Waaberi,Tareebiyaano,16,22,27
4927,,Waaberi,Tareebiyaano,14,20,22
4928,,Waaberi,Tareebiyaano,15,18,16
4929,,Waaberi,Tareebiyaano,16,19,20
4930,,Waaberi,Tareebiyaano,25,28,27
4931,,Waaberi,Tareebiyaano,3,7,6
4932,,Waaberi,Tareebiyaano,5,7,7
4933,,Waaberi,Tareebiyaano,17,23,30
4934,,Waaberi,Tareebiyaano,3,5,5
4935,,Waaberi,Tareebiyaano,8,8,11
4936,,Waaberi,Tareebiyaano,9,14,16
4937,,Waaberi,Tareebiyaano,7,5,4
4938,,Waaberi,Tareebiyaano,5,4,3
4939,,Waaberi,Tareebiyaano,2,3,3
4940,,Waaberi,Tareebiyaano,14,12,15
4941,,Waaberi,Tareebiyaano,43,54,45
4942,,Waaberi,Tareebiyaano,20,29,27
4943,,Waaberi,Tareebiyaano,6,7,10
4944,,Waaberi,Tareebiyaano,18,15,28
4945,,Waaberi,Tareebiyaano,25,34,33
4946,,Waaberi,Tareebiyaano,12,14,19
4947,,Waaberi,Tareebiyaano,24,29,30
4948,,Waaberi,Tareebiyaano,1,1,1
4949,,Waaberi,Tareebiyaano,15,17,21
4950,,Waaberi,Tareebiyaano,10,11,21
4951,,Waaberi,Tareebiyaano,2,4,5
4952,,Waaberi,Tareebiyaano,12,15,14
4953,,Waaberi,Tareebiyaano,5,4,6
4954,,Waaberi,Tareebiyaano,2,4,4
4955,,Waaberi,Tareebiyaano,4,6,5
4956,,Waaberi,Tareebiyaano,1,1,1
4957,,Waaberi,Tareebiyaano,5,1,2
4958,,Waaberi,Tareebiyaano,1,2,2
4959,,Waaberi,Tareebiyaano,1,1,1
4960,,Waaberi,Tareebiyaano,4,4,6
4961,,Waaberi,Tareebiyaano,2,4,5
4962,,Waaberi,Tareebiyaano,1,4,5
4963,,Waaberi,Tareebiyaano,1,2,2
4964,,Waaberi,Tareebiyaano,7,29,15
4965,,Waaberi,Tareebiyaano,5,8,8
4966,,Waaberi,Tareebiyaano,12,20,25
4967,,Waaberi,Tareebiyaano,1,0,1
4968,,Waaberi,Tareebiyaano,0,11,14
4969,,Waaberi,Tareebiyaano,0,0,0
4970,,Waaberi,Tareebiyaano,3,10,5
4971,,Waaberi,Tareebiyaano,1,2,2
7365,,Waaberi,Tareebiyaano,19,28,25
7366,,Waaberi,Tareebiyaano,14,13,17
7367,,Waaberi,Tareebiyaano,15,20,26
7368,,Waaberi,Tareebiyaano,10,12,12
7369,,Waaberi,Tareebiyaano,13,13,9
7779,,Waaberi,Tareebiyaano,11,12,12
7780,,Waaberi,Tareebiyaano,5,7,12
7781,,Waaberi,Tareebiyaano,14,18,23
7782,,Waaberi,Tareebiyaano,11,19,25
7783,,Waaberi,Tareebiyaano,17,20,18
7784,,Waaberi,Tareebiyaano,3,4,8
7785,,Waaberi,Tareebiyaano,4,4,4
7786,,Waaberi,Tareebiyaano,30,26,35
7787,,Waaberi,Tareebiyaano,3,7,4
7788,,Waaberi,Tareebiyaano,7,8,8
7789,,Waaberi,Tareebiyaano,15,18,17
7790,,Waaberi,Tareebiyaano,24,23,19
7791,,Waaberi,Tareebiyaano,24,30,26
7792,,Waaberi,Tareebiyaano,1,1,1
7793,,Waaberi,Tareebiyaano,4,6,7
8250,,Waaberi,Tareebiyaano,13,14,16
8251,,Waaberi,Tareebiyaano,9,11,12
8252,,Waaberi,Tareebiyaano,6,7,6
8253,,Waaberi,Tareebiyaano,8,13,12
8254,,Waaberi,Tareebiyaano,10,10,8
8255,,Waaberi,Tareebiyaano,20,22,29
8256,,Waaberi,Tareebiyaano,9,16,9
8257,,Waaberi,Tareebiyaano,13,22,17
8258,,Waaberi,Tareebiyaano,8,11,16
8495,,Waaberi,Tareebiyaano,12,17,16
8496,,Waaberi,Tareebiyaano,0,3,14
8497,,Waaberi,Tareebiyaano,1,2,2
8498,,Waaberi,Tareebiyaano,20,28,30
8499,,Waaberi,Tareebiyaano,7,9,21
8500,,Waaberi,Tareebiyaano,15,18,24
8501,,Waaberi,Tareebiyaano,21,22,35
8502,,Waaberi,Tareebiyaano,9,8,10
8503,,Waaberi,Tareebiyaano,13,13,16
8504,,Waaberi,Tareebiyaano,19,10,30
8505,,Waaberi,Tareebiyaano,22,28,37
8818,,Waaberi,Tareebiyaano,5,8,10
8819,,Waaberi,Tareebiyaano,0,0,0
8960,,Waaberi,Tareebiyaano,1,0,4
8961,,Waaberi,Tareebiyaano,3,12,9
8962,,Waaberi,Tareebiyaano,7,5,7
8963,,Waaberi,Tareebiyaano,19,24,30
8964,,Waaberi,Tareebiyaano,13,7,12
8965,,Waaberi,Tareebiyaano,13,16,23
8966,,Waaberi,Tareebiyaano,8,17,15
8967,,Waaberi,Tareebiyaano,8,9,7
8968,,Waaberi,Tareebiyaano,6,7,9
8969,,Waaberi,Tareebiyaano,9,18,9
9198,,Waaberi,Tareebiyaano,14,16,22
9334,,Waaberi,Tareebiyaano,12,14,15
9335,,Waaberi,Tareebiyaano,17,19,23
9336,,Waaberi,Tareebiyaano,0,0,0
9337,,Waaberi,Tareebiyaano,9,13,12
9338,,Waaberi,Tareebiyaano,16,15,26
9339,,Waaberi,Tareebiyaano,10,14,16
9340,,Waaberi,Tareebiyaano,4,4,0
9341,,Waaberi,Tareebiyaano,12,13,17
9342,,Waaberi,Tareebiyaano,1,1,1
9556,,Waaberi,Tareebiyaano,8,10,13
9560,,Waaberi,Tareebiyaano,10,15,13
9561,,Waaberi,Tareebiyaano,11,11,12
9562,,Waaberi,Tareebiyaano,8,10,19
9642,,Waaberi,Tareebiyaano,10,12,11
9750,,Waaberi,Tareebiyaano,8,7,7
9751,,Waaberi,Tareebiyaano,14,26,24
9807,,Waaberi,Tareebiyaano,6,5,6
9837,,Waaberi,Tareebiyaano,12,15,17
9932,,Waaberi,Tareebiyaano,1,1,1
10081,,Waaberi,Tareebiyaano,13,16,15
10147,,Waaberi,Tareebiyaano,1,1,4
10197,,Waaberi,Tareebiyaano,11,24,20
10249,,Waaberi,Tareebiyaano,10,14,14
10250,,Waaberi,Tareebiyaano,5,7,7
10288,,Waaberi,Tareebiyaano,8,8,9
10460,,Waaberi,Tareebiyaano,5,7,9
10578,,Waaberi,Tareebiyaano,13,15,19
10625,,Waaberi,Tareebiyaano,15,17,11
10657,,Waaberi,Tareebiyaano,1,1,1
10707,,Waaberi,Tareebiyaano,11,12,17
10855,,Waaberi,Tareebiyaano,1,3,3
11082,,Waaberi,Tareebiyaano,9,10,8
11165,,Waaberi,Tareebiyaano,8,7,10
11226,,Waaberi,Tareebiyaano,5,7,9
11282,,Waaberi,Tareebiyaano,14,10,1
11313,,Waaberi,Tareebiyaano,4,6,10
11349,,Waaberi,Tareebiyaano,6,8,8
11412,,Waaberi,Tareebiyaano,19,25,19
11436,,Waaberi,Tareebiyaano,12,9,6
11589,,Waaberi,Tareebiyaano,10,18,12
12937,,Waaberi,Tareebiyaano,0,38,25
12938,,Waaberi,Tareebiyaano,0,18,16
12939,,Waaberi,Tareebiyaano,0,5,12
12940,,Waaberi,Tareebiyaano,0,1,26
12941,,Waaberi,Tareebiyaano,0,24,19
12942,,Waaberi,Tareebiyaano,0,31,15
12943,,Waaberi,Tareebiyaano,0,52,5
12951,,Waaberi,Tareebiyaano,0,4,2
12952,,Waaberi,Tareebiyaano,0,14,10
12953,,Waaberi,Tareebiyaano,0,17,14
12954,,Waaberi,Tareebiyaano,0,7,5
12955,,Waaberi,Tareebiyaano,0,18,16
12956,,Waaberi,Tareebiyaano,0,12,13
12957,,Waaberi,Tareebiyaano,0,13,7
12958,,Waaberi,Tareebiyaano,0,24,36
12959,,Waaberi,Tareebiyaano,0,4,33
12960,,Waaberi,Tareebiyaano,0,9,10
12961,,Waaberi,Tareebiyaano,0,12,7
3726,,Xamar Wayne,Beerta,49,40,44
3730,,Xamar Wayne,Beerta,24,24,22
3738,,Xamar Wayne,Beerta,10,5,0
3739,,Xamar Wayne,Beerta,12,14,8
3740,,Xamar Wayne,Beerta,20,18,15
3741,,Xamar Wayne,Beerta,17,13,15
3742,,Xamar Wayne,Beerta,19,9,8
3744,,Xamar Wayne,Beerta,24,25,25
3749,,Xamar Wayne,Beerta,13,10,11
3750,,Xamar Wayne,Beerta,10,11,17
3755,,Xamar Wayne,Beerta,6,2,1
3756,,Xamar Wayne,Beerta,7,6,4
3757,,Xamar Wayne,Beerta,7,6,8
3758,,Xamar Wayne,Beerta,4,5,4
3759,,Xamar Wayne,Beerta,12,10,15
3761,,Xamar Wayne,Beerta,6,7,10
3762,,Xamar Wayne,Beerta,8,7,6
3766,,Xamar Wayne,Beerta,15,11,12
3767,,Xamar Wayne,Beerta,6,6,7
3769,,Xamar Wayne,Beerta,12,13,14
3771,,Xamar Wayne,Beerta,7,7,6
3776,,Xamar Wayne,Beerta,5,4,5
3778,,Xamar Wayne,Beerta,5,6,3
3796,,Xamar Wayne,Beerta,3,3,4
3818,,Xamar Wayne,Beerta,7,4,8
3850,,Xamar Wayne,Beerta,6,8,7
3857,,Xamar Wayne,Beerta,9,10,10
3858,,Xamar Wayne,Beerta,12,10,12
3868,,Xamar Wayne,Beerta,2,2,2
3889,,Xamar Wayne,Beerta,10,11,12
3890,,Xamar Wayne,Beerta,4,5,7
3891,,Xamar Wayne,Beerta,4,4,6
3907,,Xamar Wayne,Beerta,3,3,2
3908,,Xamar Wayne,Beerta,13,11,0
3909,,Xamar Wayne,Beerta,3,4,5
3926,,Xamar Wayne,Beerta,0,0,0
3927,,Xamar Wayne,Beerta,7,7,7
3970,,Xamar Wayne,Beerta,14,13,13
3971,,Xamar Wayne,Beerta,15,13,17
3972,,Xamar Wayne,Beerta,13,10,12
3973,,Xamar Wayne,Beerta,1,1,1
3974,,Xamar Wayne,Beerta,4,2,4
4029,,Xamar Wayne,Beerta,0,0,0
4054,,Xamar Wayne,Beerta,5,10,10
4055,,Xamar Wayne,Beerta,1,1,2
4056,,Xamar Wayne,Beerta,13,2,2
4057,,Xamar Wayne,Beerta,8,9,7
4058,,Xamar Wayne,Beerta,0,0,0
4059,,Xamar Wayne,Beerta,7,5,8
4060,,Xamar Wayne,Beerta,12,8,10
4061,,Xamar Wayne,Beerta,4,4,3
4062,,Xamar Wayne,Beerta,3,2,3
4238,,Xamar Wayne,Beerta,1,4,3
4239,,Xamar Wayne,Beerta,8,7,7
4240,,Xamar Wayne,Beerta,2,2,3
4241,,Xamar Wayne,Beerta,5,10,13
4242,,Xamar Wayne,Beerta,4,4,3
4243,,Xamar Wayne,Beerta,10,6,0
4244,,Xamar Wayne,Beerta,2,4,1
4245,,Xamar Wayne,Beerta,12,10,11
4246,,Xamar Wayne,Beerta,4,3,5
4247,,Xamar Wayne,Beerta,6,8,9
4248,,Xamar Wayne,Beerta,10,10,11
4249,,Xamar Wayne,Beerta,24,20,23
4461,,Xamar Wayne,Beerta,6,7,6
4972,,Xamar Wayne,Beerta,3,6,5
4973,,Xamar Wayne,Beerta,3,4,4
4974,,Xamar Wayne,Beerta,3,3,5
4975,,Xamar Wayne,Beerta,9,8,9
4976,,Xamar Wayne,Beerta,9,8,10
4977,,Xamar Wayne,Beerta,10,7,4
4978,,Xamar Wayne,Beerta,5,3,5
4979,,Xamar Wayne,Beerta,7,7,7
4980,,Xamar Wayne,Beerta,1,3,4
4981,,Xamar Wayne,Beerta,11,10,9
4982,,Xamar Wayne,Beerta,7,6,6
4983,,Xamar Wayne,Beerta,2,2,2
4984,,Xamar Wayne,Beerta,11,11,10
4985,,Xamar Wayne,Beerta,7,7,8
4986,,Xamar Wayne,Beerta,3,3,5
4987,,Xamar Wayne,Beerta,14,9,10
4988,,Xamar Wayne,Beerta,5,5,6
4989,,Xamar Wayne,Beerta,14,10,10
4990,,Xamar Wayne,Beerta,1,1,1
4991,,Xamar Wayne,Beerta,17,5,18
4992,,Xamar Wayne,Beerta,11,10,11
4993,,Xamar Wayne,Beerta,4,3,4
4994,,Xamar Wayne,Beerta,2,1,1
4995,,Xamar Wayne,Beerta,3,2,1
4996,,Xamar Wayne,Beerta,6,5,6
4997,,Xamar Wayne,Beerta,1,1,1
4998,,Xamar Wayne,Beerta,11,12,13
4999,,Xamar Wayne,Beerta,5,4,4
5000,,Xamar Wayne,Beerta,14,14,10
5001,,Xamar Wayne,Beerta,17,17,28
5002,,Xamar Wayne,Beerta,4,4,4
5003,,Xamar Wayne,Beerta,16,10,12
5004,,Xamar Wayne,Beerta,6,8,7
5005,,Xamar Wayne,Beerta,14,12,13
5006,,Xamar Wayne,Beerta,2,3,2
5007,,Xamar Wayne,Beerta,9,8,6
5008,,Xamar Wayne,Beerta,14,12,14
5009,,Xamar Wayne,Beerta,5,5,5
5010,,Xamar Wayne,Beerta,8,6,0
5011,,Xamar Wayne,Beerta,10,7,13
5012,,Xamar Wayne,Beerta,2,5,0
5013,,Xamar Wayne,Beerta,2,2,2
5014,,Xamar Wayne,Beerta,19,15,20
5015,,Xamar Wayne,Beerta,0,0,0
5016,,Xamar Wayne,Beerta,9,9,11
5017,,Xamar Wayne,Beerta,5,4,5
5018,,Xamar Wayne,Beerta,13,14,21
5019,,Xamar Wayne,Beerta,6,6,7
5020,,Xamar Wayne,Beerta,5,4,6
5021,,Xamar Wayne,Beerta,0,0,0
5022,,Xamar Wayne,Beerta,5,5,5
5023,,Xamar Wayne,Beerta,14,12,11
5024,,Xamar Wayne,Beerta,8,6,5
5025,,Xamar Wayne,Beerta,4,4,4
5026,,Xamar Wayne,Beerta,5,3,8
5027,,Xamar Wayne,Beerta,0,0,0
5028,,Xamar Wayne,Beerta,10,7,9
5029,,Xamar Wayne,Beerta,1,1,4
5030,,Xamar Wayne,Beerta,48,31,35
5031,,Xamar Wayne,Beerta,15,13,16
5032,,Xamar Wayne,Beerta,57,52,111
5033,,Xamar Wayne,Beerta,6,8,11
5034,,Xamar Wayne,Beerta,8,7,9
5035,,Xamar Wayne,Beerta,0,0,0
5036,,Xamar Wayne,Beerta,5,0,1
5037,,Xamar Wayne,Beerta,2,5,4
5038,,Xamar Wayne,Beerta,13,6,6
5039,,Xamar Wayne,Beerta,4,4,4
5040,,Xamar Wayne,Beerta,4,3,4
5041,,Xamar Wayne,Beerta,1,1,1
5042,,Xamar Wayne,Beerta,13,14,9
5043,,Xamar Wayne,Beerta,4,4,5
5044,,Xamar Wayne,Beerta,7,5,7
5045,,Xamar Wayne,Beerta,3,3,3
5046,,Xamar Wayne,Beerta,10,9,13
5047,,Xamar Wayne,Beerta,2,2,3
5048,,Xamar Wayne,Beerta,1,1,1
5049,,Xamar Wayne,Beerta,7,5,6
5050,,Xamar Wayne,Beerta,0,6,4
5051,,Xamar Wayne,Beerta,0,2,1
5052,,Xamar Wayne,Beerta,2,2,2
5053,,Xamar Wayne,Beerta,3,2,3
5054,,Xamar Wayne,Beerta,5,5,6
5055,,Xamar Wayne,Beerta,7,6,6
5056,,Xamar Wayne,Beerta,3,2,2
5057,,Xamar Wayne,Beerta,1,1,1
5058,,Xamar Wayne,Beerta,1,0,0
5059,,Xamar Wayne,Beerta,4,3,6
5060,,Xamar Wayne,Beerta,6,5,5
5061,,Xamar Wayne,Beerta,12,20,19
5062,,Xamar Wayne,Beerta,35,21,20
5063,,Xamar Wayne,Beerta,26,26,28
5064,,Xamar Wayne,Beerta,2,1,1
5065,,Xamar Wayne,Beerta,0,0,0
5066,,Xamar Wayne,Beerta,2,2,4
5067,,Xamar Wayne,Beerta,1,1,1
5068,,Xamar Wayne,Beerta,10,7,8
5069,,Xamar Wayne,Beerta,1,1,1
5070,,Xamar Wayne,Beerta,1,1,5
5071,,Xamar Wayne,Beerta,0,0,0
5072,,Xamar Wayne,Beerta,7,8,10
5073,,Xamar Wayne,Beerta,0,0,0
5074,,Xamar Wayne,Beerta,0,0,0
5075,,Xamar Wayne,Beerta,0,0,0
5076,,Xamar Wayne,Beerta,15,12,13
5077,,Xamar Wayne,Beerta,20,20,24
5078,,Xamar Wayne,Beerta,0,49,26
5079,,Xamar Wayne,Beerta,34,31,36
5080,,Xamar Wayne,Beerta,2,1,4
5081,,Xamar Wayne,Beerta,20,16,17
5082,,Xamar Wayne,Beerta,4,5,7
5083,,Xamar Wayne,Beerta,1,1,1
5084,,Xamar Wayne,Beerta,3,9,6
5085,,Xamar Wayne,Beerta,17,14,18
7370,,Xamar Wayne,Beerta,3,1,2
7371,,Xamar Wayne,Beerta,10,10,12
7372,,Xamar Wayne,Beerta,7,8,7
7373,,Xamar Wayne,Beerta,1,1,1
7374,,Xamar Wayne,Beerta,8,3,8
7375,,Xamar Wayne,Beerta,7,7,7
7376,,Xamar Wayne,Beerta,5,5,6
7377,,Xamar Wayne,Beerta,2,2,3
7378,,Xamar Wayne,Beerta,9,5,0
7379,,Xamar Wayne,Beerta,5,6,0
7380,,Xamar Wayne,Beerta,12,12,11
7381,,Xamar Wayne,Beerta,0,0,0
7382,,Xamar Wayne,Beerta,9,7,8
7383,,Xamar Wayne,Beerta,3,3,7
7384,,Xamar Wayne,Beerta,5,4,3
7385,,Xamar Wayne,Beerta,5,5,5
7386,,Xamar Wayne,Beerta,15,12,14
7387,,Xamar Wayne,Beerta,7,10,12
7388,,Xamar Wayne,Beerta,5,4,7
7389,,Xamar Wayne,Beerta,4,3,3
7390,,Xamar Wayne,Beerta,7,7,8
7391,,Xamar Wayne,Beerta,9,8,7
7392,,Xamar Wayne,Beerta,4,3,6
7393,,Xamar Wayne,Beerta,3,5,6
7394,,Xamar Wayne,Beerta,16,13,18
7395,,Xamar Wayne,Beerta,1,3,4
7396,,Xamar Wayne,Beerta,2,1,1
7794,,Xamar Wayne,Beerta,5,5,5
7795,,Xamar Wayne,Beerta,8,10,7
7796,,Xamar Wayne,Beerta,10,10,10
7797,,Xamar Wayne,Beerta,17,17,13
7798,,Xamar Wayne,Beerta,9,6,9
7799,,Xamar Wayne,Beerta,0,0,0
7800,,Xamar Wayne,Beerta,10,9,10
7801,,Xamar Wayne,Beerta,4,1,4
7802,,Xamar Wayne,Beerta,16,14,20
7803,,Xamar Wayne,Beerta,1,0,0
7804,,Xamar Wayne,Beerta,11,11,10
7805,,Xamar Wayne,Beerta,7,5,5
7806,,Xamar Wayne,Beerta,9,9,11
7807,,Xamar Wayne,Beerta,12,10,10
7808,,Xamar Wayne,Beerta,3,2,2
7809,,Xamar Wayne,Beerta,22,21,24
7810,,Xamar Wayne,Beerta,15,15,17
7811,,Xamar Wayne,Beerta,2,10,6
7812,,Xamar Wayne,Beerta,5,3,4
7813,,Xamar Wayne,Beerta,4,4,2
7814,,Xamar Wayne,Beerta,6,5,5
7815,,Xamar Wayne,Beerta,10,7,6
7816,,Xamar Wayne,Beerta,12,10,0
7817,,Xamar Wayne,Beerta,8,10,15
7818,,Xamar Wayne,Beerta,1,1,1
8222,,Xamar Wayne,Beerta,7,5,7
8259,,Xamar Wayne,Beerta,8,9,9
8260,,Xamar Wayne,Beerta,4,2,3
8261,,Xamar Wayne,Beerta,5,5,5
8262,,Xamar Wayne,Beerta,5,4,4
8263,,Xamar Wayne,Beerta,7,7,8
8264,,Xamar Wayne,Beerta,2,3,3
8265,,Xamar Wayne,Beerta,4,4,4
8266,,Xamar Wayne,Beerta,1,1,2
8267,,Xamar Wayne,Beerta,9,10,11
8268,,Xamar Wayne,Beerta,1,1,1
8269,,Xamar Wayne,Beerta,13,10,9
8270,,Xamar Wayne,Beerta,3,2,2
8271,,Xamar Wayne,Beerta,7,6,8
8272,,Xamar Wayne,Beerta,1,1,1
8447,,Xamar Wayne,Beerta,4,4,4
8506,,Xamar Wayne,Beerta,6,7,6
8507,,Xamar Wayne,Beerta,20,10,11
8508,,Xamar Wayne,Beerta,4,5,5
8509,,Xamar Wayne,Beerta,9,8,8
8510,,Xamar Wayne,Beerta,1,1,0
8511,,Xamar Wayne,Beerta,9,13,7
8512,,Xamar Wayne,Beerta,10,8,8
8513,,Xamar Wayne,Beerta,5,2,1
8514,,Xamar Wayne,Beerta,13,11,16
8515,,Xamar Wayne,Beerta,10,10,11
8516,,Xamar Wayne,Beerta,11,9,9
8517,,Xamar Wayne,Beerta,8,7,8
8518,,Xamar Wayne,Beerta,3,5,4
8519,,Xamar Wayne,Beerta,16,11,0
8520,,Xamar Wayne,Beerta,8,9,4
8521,,Xamar Wayne,Beerta,2,2,1
8522,,Xamar Wayne,Beerta,9,8,16
8523,,Xamar Wayne,Beerta,5,4,4
8791,,Xamar Wayne,Beerta,6,7,8
8806,,Xamar Wayne,Beerta,20,16,16
8807,,Xamar Wayne,Beerta,4,5,3
8820,,Xamar Wayne,Beerta,8,10,11
8821,,Xamar Wayne,Beerta,1,3,3
8822,,Xamar Wayne,Beerta,15,19,7
8823,,Xamar Wayne,Beerta,1,1,1
8824,,Xamar Wayne,Beerta,0,0,0
8825,,Xamar Wayne,Beerta,4,6,16
8970,,Xamar Wayne,Beerta,14,15,13
8971,,Xamar Wayne,Beerta,5,5,4
8972,,Xamar Wayne,Beerta,6,4,7
8973,,Xamar Wayne,Beerta,10,11,11
8974,,Xamar Wayne,Beerta,6,5,5
8975,,Xamar Wayne,Beerta,5,5,5
8976,,Xamar Wayne,Beerta,4,4,2
8977,,Xamar Wayne,Beerta,2,1,2
8978,,Xamar Wayne,Beerta,8,7,0
8979,,Xamar Wayne,Beerta,20,15,16
8980,,Xamar Wayne,Beerta,14,14,12
8981,,Xamar Wayne,Beerta,4,2,3
8982,,Xamar Wayne,Beerta,6,4,4
9199,,Xamar Wayne,Beerta,4,3,3
9200,,Xamar Wayne,Beerta,11,10,12
9201,,Xamar Wayne,Beerta,7,10,12
9202,,Xamar Wayne,Beerta,8,8,9
9296,,Xamar Wayne,Beerta,11,13,12
9343,,Xamar Wayne,Beerta,15,12,14
9344,,Xamar Wayne,Beerta,9,8,7
9345,,Xamar Wayne,Beerta,10,9,9
9346,,Xamar Wayne,Beerta,14,16,16
9347,,Xamar Wayne,Beerta,11,9,10
9348,,Xamar Wayne,Beerta,5,4,5
9349,,Xamar Wayne,Beerta,15,10,13
9563,,Xamar Wayne,Beerta,9,9,9
9564,,Xamar Wayne,Beerta,14,13,12
9565,,Xamar Wayne,Beerta,3,5,7
9566,,Xamar Wayne,Beerta,1,3,2
9567,,Xamar Wayne,Beerta,6,6,6
9568,,Xamar Wayne,Beerta,4,7,4
9643,,Xamar Wayne,Beerta,15,13,14
9644,,Xamar Wayne,Beerta,2,2,3
9645,,Xamar Wayne,Beerta,7,8,8
9646,,Xamar Wayne,Beerta,4,2,3
9647,,Xamar Wayne,Beerta,4,4,5
9710,,Xamar Wayne,Beerta,5,5,5
9711,,Xamar Wayne,Beerta,4,4,7
9752,,Xamar Wayne,Beerta,7,4,5
9753,,Xamar Wayne,Beerta,14,14,16
9754,,Xamar Wayne,Beerta,6,5,8
9755,,Xamar Wayne,Beerta,6,6,8
9756,,Xamar Wayne,Beerta,13,13,15
9808,,Xamar Wayne,Beerta,17,13,13
9838,,Xamar Wayne,Beerta,6,8,8
9839,,Xamar Wayne,Beerta,2,3,2
9840,,Xamar Wayne,Beerta,2,3,2
9841,,Xamar Wayne,Beerta,3,4,3
9889,,Xamar Wayne,Beerta,1,4,10
9890,,Xamar Wayne,Beerta,6,5,7
9891,,Xamar Wayne,Beerta,1,2,2
9933,,Xamar Wayne,Beerta,21,20,22
9934,,Xamar Wayne,Beerta,4,6,5
9935,,Xamar Wayne,Beerta,2,1,1
9936,,Xamar Wayne,Beerta,2,2,2
9937,,Xamar Wayne,Beerta,1,1,1
9938,,Xamar Wayne,Beerta,10,7,21
9939,,Xamar Wayne,Beerta,1,1,1
9940,,Xamar Wayne,Beerta,11,9,9
9941,,Xamar Wayne,Beerta,2,2,1
9942,,Xamar Wayne,Beerta,0,0,0
10044,,Xamar Wayne,Beerta,3,1,3
10045,,Xamar Wayne,Beerta,7,7,7
10117,,Xamar Wayne,Beerta,1,1,1
10148,,Xamar Wayne,Beerta,18,19,19
10149,,Xamar Wayne,Beerta,9,10,0
10150,,Xamar Wayne,Beerta,0,0,0
10151,,Xamar Wayne,Beerta,11,7,6
10152,,Xamar Wayne,Beerta,29,18,16
10153,,Xamar Wayne,Beerta,0,1,1
10180,,Xamar Wayne,Beerta,8,7,9
10198,,Xamar Wayne,Beerta,8,6,0
10233,,Xamar Wayne,Beerta,13,12,13
10251,,Xamar Wayne,Beerta,5,1,1
10252,,Xamar Wayne,Beerta,6,6,5
10289,,Xamar Wayne,Beerta,23,19,24
10290,,Xamar Wayne,Beerta,1,2,4
10321,,Xamar Wayne,Beerta,10,12,5
10322,,Xamar Wayne,Beerta,1,2,1
10361,,Xamar Wayne,Beerta,8,11,10
10362,,Xamar Wayne,Beerta,3,2,3
10363,,Xamar Wayne,Beerta,6,5,9
10384,,Xamar Wayne,Beerta,1,1,5
10399,,Xamar Wayne,Beerta,0,2,3
10400,,Xamar Wayne,Beerta,8,0,0
10401,,Xamar Wayne,Beerta,3,2,6
10402,,Xamar Wayne,Beerta,4,6,11
10480,,Xamar Wayne,Beerta,15,14,14
10481,,Xamar Wayne,Beerta,3,2,2
10552,,Xamar Wayne,Beerta,8,7,9
10553,,Xamar Wayne,Beerta,26,21,22
10554,,Xamar Wayne,Beerta,0,0,0
10570,,Xamar Wayne,Beerta,10,9,10
10579,,Xamar Wayne,Beerta,4,3,3
10601,,Xamar Wayne,Beerta,16,13,12
10616,,Xamar Wayne,Beerta,9,8,9
10617,,Xamar Wayne,Beerta,35,27,30
10630,,Xamar Wayne,Beerta,6,7,9
10658,,Xamar Wayne,Beerta,2,2,2
10659,,Xamar Wayne,Beerta,2,3,2
10660,,Xamar Wayne,Beerta,4,2,4
10733,,Xamar Wayne,Beerta,16,18,21
10734,,Xamar Wayne,Beerta,5,1,1
10744,,Xamar Wayne,Beerta,14,12,15
10756,,Xamar Wayne,Beerta,1,1,4
10769,,Xamar Wayne,Beerta,10,11,12
10785,,Xamar Wayne,Beerta,1,1,1
10799,,Xamar Wayne,Beerta,1,1,1
10800,,Xamar Wayne,Beerta,1,1,1
10818,,Xamar Wayne,Beerta,9,6,7
10835,,Xamar Wayne,Beerta,3,2,2
10846,,Xamar Wayne,Beerta,6,8,6
10856,,Xamar Wayne,Beerta,4,3,5
10892,,Xamar Wayne,Beerta,3,3,4
10903,,Xamar Wayne,Beerta,3,4,0
10926,,Xamar Wayne,Beerta,9,10,10
10973,,Xamar Wayne,Beerta,7,4,13
10990,,Xamar Wayne,Beerta,1,1,1
10991,,Xamar Wayne,Beerta,6,5,7
11042,,Xamar Wayne,Beerta,4,4,4
11098,,Xamar Wayne,Beerta,4,4,5
11099,,Xamar Wayne,Beerta,0,0,0
11118,,Xamar Wayne,Beerta,9,7,8
11176,,Xamar Wayne,Beerta,4,4,3
11195,,Xamar Wayne,Beerta,5,4,6
11204,,Xamar Wayne,Beerta,11,3,6
11239,,Xamar Wayne,Beerta,7,6,7
11255,,Xamar Wayne,Beerta,0,0,0
11283,,Xamar Wayne,Beerta,5,6,6
11340,,Xamar Wayne,Beerta,5,5,5
11475,,Xamar Wayne,Beerta,1,4,6
11538,,Xamar Wayne,Beerta,27,26,22
11603,,Xamar Wayne,Beerta,0,0,0
11686,,Xamar Wayne,Beerta,15,16,25
11711,,Xamar Wayne,Beerta,1,1,1
11712,,Xamar Wayne,Beerta,1,11,21
11752,,Xamar Wayne,Beerta,23,13,16
11867,,Xamar Wayne,Beerta,13,9,9
11870,,Xamar Wayne,Beerta,0,0,0
11875,,Xamar Wayne,Beerta,38,64,43
11914,,Xamar Wayne,Beerta,90,98,80
11938,,Xamar Wayne,Beerta,47,78,60
12644,,Xamar Wayne,Beerta,1,1,1
3783,,Xamar Jajab,Buundada,9,8,7
3836,,Xamar Jajab,Buundada,3,8,18
3910,,Xamar Jajab,Buundada,7,7,7
3928,,Xamar Jajab,Buundada,29,19,24
3975,,Xamar Jajab,Buundada,15,16,21
3976,,Xamar Jajab,Buundada,2,1,2
4030,,Xamar Jajab,Buundada,0,4,4
4068,,Xamar Jajab,Buundada,18,15,9
4191,,Xamar Jajab,Buundada,2,2,1
4192,,Xamar Jajab,Buundada,18,12,18
4254,,Xamar Jajab,Buundada,2,2,2
4255,,Xamar Jajab,Buundada,7,8,6
4256,,Xamar Jajab,Buundada,12,10,12
4257,,Xamar Jajab,Buundada,5,7,8
4258,,Xamar Jajab,Buundada,15,3,5
4259,,Xamar Jajab,Buundada,13,14,6
4260,,Xamar Jajab,Buundada,29,24,25
4261,,Xamar Jajab,Buundada,34,31,36
4262,,Xamar Jajab,Buundada,0,11,9
4263,,Xamar Jajab,Buundada,13,11,13
4264,,Xamar Jajab,Buundada,4,5,8
4265,,Xamar Jajab,Buundada,1,3,1
4266,,Xamar Jajab,Buundada,4,2,1
4463,,Xamar Jajab,Buundada,8,12,17
5378,,Xamar Jajab,Buundada,4,4,5
5379,,Xamar Jajab,Buundada,11,10,13
5380,,Xamar Jajab,Buundada,2,3,3
5381,,Xamar Jajab,Buundada,12,17,21
5382,,Xamar Jajab,Buundada,6,6,12
5383,,Xamar Jajab,Buundada,20,40,44
5384,,Xamar Jajab,Buundada,8,8,5
5385,,Xamar Jajab,Buundada,5,6,6
5386,,Xamar Jajab,Buundada,13,9,10
5387,,Xamar Jajab,Buundada,9,9,2
5388,,Xamar Jajab,Buundada,17,16,17
5389,,Xamar Jajab,Buundada,0,4,4
5390,,Xamar Jajab,Buundada,17,17,20
5391,,Xamar Jajab,Buundada,7,9,9
5392,,Xamar Jajab,Buundada,1,0,0
5393,,Xamar Jajab,Buundada,28,35,22
5394,,Xamar Jajab,Buundada,26,25,31
5395,,Xamar Jajab,Buundada,3,1,1
5396,,Xamar Jajab,Buundada,9,10,9
5397,,Xamar Jajab,Buundada,1,8,2
5398,,Xamar Jajab,Buundada,2,2,3
5399,,Xamar Jajab,Buundada,16,10,17
5400,,Xamar Jajab,Buundada,17,12,13
5401,,Xamar Jajab,Buundada,6,4,6
5402,,Xamar Jajab,Buundada,16,13,16
5403,,Xamar Jajab,Buundada,23,8,10
5404,,Xamar Jajab,Buundada,16,14,17
5405,,Xamar Jajab,Buundada,8,7,8
5406,,Xamar Jajab,Buundada,7,5,3
5407,,Xamar Jajab,Buundada,6,6,7
5408,,Xamar Jajab,Buundada,10,8,10
5409,,Xamar Jajab,Buundada,4,5,5
5410,,Xamar Jajab,Buundada,1,2,2
5411,,Xamar Jajab,Buundada,5,5,6
5412,,Xamar Jajab,Buundada,8,8,11
5413,,Xamar Jajab,Buundada,2,2,4
5414,,Xamar Jajab,Buundada,8,11,13
5415,,Xamar Jajab,Buundada,12,22,24
5416,,Xamar Jajab,Buundada,10,10,10
5417,,Xamar Jajab,Buundada,20,14,13
5418,,Xamar Jajab,Buundada,13,11,4
5419,,Xamar Jajab,Buundada,8,33,9
5420,,Xamar Jajab,Buundada,7,5,15
5421,,Xamar Jajab,Buundada,18,19,22
5422,,Xamar Jajab,Buundada,2,4,8
5423,,Xamar Jajab,Buundada,14,13,13
5424,,Xamar Jajab,Buundada,6,6,5
5425,,Xamar Jajab,Buundada,19,18,18
5426,,Xamar Jajab,Buundada,14,12,13
5427,,Xamar Jajab,Buundada,23,19,23
5428,,Xamar Jajab,Buundada,19,9,20
5429,,Xamar Jajab,Buundada,8,8,8
5430,,Xamar Jajab,Buundada,0,30,16
5431,,Xamar Jajab,Buundada,5,7,9
5432,,Xamar Jajab,Buundada,3,4,6
5433,,Xamar Jajab,Buundada,5,6,5
5434,,Xamar Jajab,Buundada,4,6,8
5435,,Xamar Jajab,Buundada,8,3,4
5436,,Xamar Jajab,Buundada,12,9,6
5437,,Xamar Jajab,Buundada,15,15,18
5438,,Xamar Jajab,Buundada,10,14,1
5439,,Xamar Jajab,Buundada,18,19,16
5440,,Xamar Jajab,Buundada,1,2,3
5441,,Xamar Jajab,Buundada,10,9,12
5442,,Xamar Jajab,Buundada,10,7,10
5443,,Xamar Jajab,Buundada,9,9,6
5444,,Xamar Jajab,Buundada,9,7,10
5445,,Xamar Jajab,Buundada,31,20,26
5446,,Xamar Jajab,Buundada,10,3,3
5447,,Xamar Jajab,Buundada,2,32,24
5448,,Xamar Jajab,Buundada,5,6,8
5449,,Xamar Jajab,Buundada,22,19,22
5450,,Xamar Jajab,Buundada,0,25,19
5451,,Xamar Jajab,Buundada,3,3,4
5452,,Xamar Jajab,Buundada,4,3,4
5453,,Xamar Jajab,Buundada,1,1,2
5454,,Xamar Jajab,Buundada,1,24,2
5455,,Xamar Jajab,Buundada,14,8,8
5456,,Xamar Jajab,Buundada,1,4,3
5457,,Xamar Jajab,Buundada,1,1,1
5458,,Xamar Jajab,Buundada,10,13,12
5459,,Xamar Jajab,Buundada,8,4,5
5460,,Xamar Jajab,Buundada,3,3,2
5461,,Xamar Jajab,Buundada,4,5,4
5462,,Xamar Jajab,Buundada,20,15,18
5463,,Xamar Jajab,Buundada,0,0,0
5464,,Xamar Jajab,Buundada,7,6,5
5465,,Xamar Jajab,Buundada,12,5,1
5466,,Xamar Jajab,Buundada,16,16,17
5467,,Xamar Jajab,Buundada,12,9,9
5468,,Xamar Jajab,Buundada,20,15,16
5469,,Xamar Jajab,Buundada,18,13,14
5470,,Xamar Jajab,Buundada,16,19,22
5471,,Xamar Jajab,Buundada,6,6,5
5472,,Xamar Jajab,Buundada,16,0,0
5473,,Xamar Jajab,Buundada,19,18,20
5474,,Xamar Jajab,Buundada,5,7,7
5475,,Xamar Jajab,Buundada,10,12,10
5476,,Xamar Jajab,Buundada,8,5,6
5477,,Xamar Jajab,Buundada,10,11,12
5478,,Xamar Jajab,Buundada,2,2,3
5479,,Xamar Jajab,Buundada,17,21,23
5480,,Xamar Jajab,Buundada,13,8,10
5481,,Xamar Jajab,Buundada,16,13,16
5482,,Xamar Jajab,Buundada,0,0,0
5483,,Xamar Jajab,Buundada,21,23,10
5484,,Xamar Jajab,Buundada,0,5,4
5485,,Xamar Jajab,Buundada,12,10,7
5486,,Xamar Jajab,Buundada,5,9,1
5487,,Xamar Jajab,Buundada,7,4,4
5488,,Xamar Jajab,Buundada,10,12,12
5489,,Xamar Jajab,Buundada,8,12,15
5490,,Xamar Jajab,Buundada,21,9,8
5491,,Xamar Jajab,Buundada,49,40,61
5492,,Xamar Jajab,Buundada,7,6,8
5493,,Xamar Jajab,Buundada,10,11,18
5494,,Xamar Jajab,Buundada,10,5,6
5495,,Xamar Jajab,Buundada,0,0,0
5496,,Xamar Jajab,Buundada,29,28,21
5497,,Xamar Jajab,Buundada,7,11,31
5498,,Xamar Jajab,Buundada,5,5,1
5499,,Xamar Jajab,Buundada,6,5,2
5500,,Xamar Jajab,Buundada,18,17,18
5501,,Xamar Jajab,Buundada,13,10,12
5502,,Xamar Jajab,Buundada,5,5,3
5503,,Xamar Jajab,Buundada,1,2,2
5504,,Xamar Jajab,Buundada,8,9,10
5505,,Xamar Jajab,Buundada,1,2,2
5506,,Xamar Jajab,Buundada,4,2,3
5507,,Xamar Jajab,Buundada,10,8,13
5508,,Xamar Jajab,Buundada,12,8,9
5509,,Xamar Jajab,Buundada,30,9,12
7307,,Xamar Jajab,Buundada,6,8,10
7310,,Xamar Jajab,Buundada,3,3,3
7402,,Xamar Jajab,Buundada,0,0,0
7403,,Xamar Jajab,Buundada,0,0,0
7404,,Xamar Jajab,Buundada,21,19,22
7405,,Xamar Jajab,Buundada,6,7,8
7406,,Xamar Jajab,Buundada,40,30,25
7407,,Xamar Jajab,Buundada,8,0,1
7408,,Xamar Jajab,Buundada,12,11,13
7409,,Xamar Jajab,Buundada,12,3,4
7410,,Xamar Jajab,Buundada,13,14,13
7411,,Xamar Jajab,Buundada,8,5,3
7412,,Xamar Jajab,Buundada,14,14,16
7413,,Xamar Jajab,Buundada,5,3,5
7414,,Xamar Jajab,Buundada,17,13,14
7415,,Xamar Jajab,Buundada,12,6,11
7840,,Xamar Jajab,Buundada,16,13,16
7841,,Xamar Jajab,Buundada,23,22,12
7842,,Xamar Jajab,Buundada,0,0,0
7843,,Xamar Jajab,Buundada,13,19,1
7844,,Xamar Jajab,Buundada,15,14,5
7845,,Xamar Jajab,Buundada,6,5,6
7846,,Xamar Jajab,Buundada,15,9,7
7847,,Xamar Jajab,Buundada,1,1,1
7848,,Xamar Jajab,Buundada,4,4,3
7849,,Xamar Jajab,Buundada,4,1,11
7850,,Xamar Jajab,Buundada,12,16,14
7851,,Xamar Jajab,Buundada,7,11,14
7852,,Xamar Jajab,Buundada,8,4,7
7853,,Xamar Jajab,Buundada,23,20,16
7854,,Xamar Jajab,Buundada,19,19,19
7855,,Xamar Jajab,Buundada,17,16,23
7856,,Xamar Jajab,Buundada,0,3,1
7857,,Xamar Jajab,Buundada,10,15,14
7858,,Xamar Jajab,Buundada,14,13,13
7859,,Xamar Jajab,Buundada,10,9,13
7860,,Xamar Jajab,Buundada,10,8,9
7861,,Xamar Jajab,Buundada,12,11,10
7862,,Xamar Jajab,Buundada,15,17,19
7863,,Xamar Jajab,Buundada,0,16,1
7864,,Xamar Jajab,Buundada,15,15,13
7865,,Xamar Jajab,Buundada,10,8,14
7866,,Xamar Jajab,Buundada,6,6,6
7867,,Xamar Jajab,Buundada,18,14,16
7868,,Xamar Jajab,Buundada,10,4,7
7869,,Xamar Jajab,Buundada,3,6,6
7870,,Xamar Jajab,Buundada,0,0,0
7871,,Xamar Jajab,Buundada,7,7,3
8277,,Xamar Jajab,Buundada,3,5,4
8278,,Xamar Jajab,Buundada,8,9,15
8279,,Xamar Jajab,Buundada,12,3,2
8280,,Xamar Jajab,Buundada,11,8,13
8281,,Xamar Jajab,Buundada,7,9,15
8282,,Xamar Jajab,Buundada,25,20,26
8283,,Xamar Jajab,Buundada,19,27,10
8284,,Xamar Jajab,Buundada,9,7,14
8285,,Xamar Jajab,Buundada,1,1,19
8286,,Xamar Jajab,Buundada,1,9,7
8462,,Xamar Jajab,Buundada,2,3,2
8537,,Xamar Jajab,Buundada,12,11,15
8538,,Xamar Jajab,Buundada,8,8,8
8539,,Xamar Jajab,Buundada,10,9,12
8540,,Xamar Jajab,Buundada,3,4,5
8541,,Xamar Jajab,Buundada,22,25,45
8542,,Xamar Jajab,Buundada,14,12,15
8543,,Xamar Jajab,Buundada,5,5,10
8544,,Xamar Jajab,Buundada,18,17,21
8545,,Xamar Jajab,Buundada,6,4,8
8546,,Xamar Jajab,Buundada,10,5,8
8547,,Xamar Jajab,Buundada,25,19,21
8548,,Xamar Jajab,Buundada,12,9,14
8549,,Xamar Jajab,Buundada,58,55,67
8792,,Xamar Jajab,Buundada,33,24,31
8827,,Xamar Jajab,Buundada,7,5,5
8828,,Xamar Jajab,Buundada,16,20,23
8829,,Xamar Jajab,Buundada,14,12,11
8929,,Xamar Jajab,Buundada,96,96,96
8993,,Xamar Jajab,Buundada,0,16,17
8994,,Xamar Jajab,Buundada,5,2,1
8995,,Xamar Jajab,Buundada,0,0,0
8996,,Xamar Jajab,Buundada,9,6,8
8997,,Xamar Jajab,Buundada,0,0,20
8998,,Xamar Jajab,Buundada,20,17,22
8999,,Xamar Jajab,Buundada,1,2,2
9000,,Xamar Jajab,Buundada,16,14,14
9001,,Xamar Jajab,Buundada,7,5,8
9002,,Xamar Jajab,Buundada,6,5,8
9003,,Xamar Jajab,Buundada,12,11,20
9004,,Xamar Jajab,Buundada,6,9,10
9005,,Xamar Jajab,Buundada,9,13,7
9006,,Xamar Jajab,Buundada,10,8,11
9187,,Xamar Jajab,Buundada,92,85,107
9205,,Xamar Jajab,Buundada,9,7,17
9206,,Xamar Jajab,Buundada,10,11,13
9207,,Xamar Jajab,Buundada,4,6,10
9208,,Xamar Jajab,Buundada,30,39,35
9297,,Xamar Jajab,Buundada,2,3,2
9299,,Xamar Jajab,Buundada,24,22,24
9360,,Xamar Jajab,Buundada,11,15,19
9361,,Xamar Jajab,Buundada,26,28,37
9362,,Xamar Jajab,Buundada,6,7,8
9363,,Xamar Jajab,Buundada,9,11,16
9364,,Xamar Jajab,Buundada,8,13,4
9365,,Xamar Jajab,Buundada,4,13,11
9366,,Xamar Jajab,Buundada,2,3,3
9367,,Xamar Jajab,Buundada,7,14,7
9368,,Xamar Jajab,Buundada,9,6,8
9369,,Xamar Jajab,Buundada,13,17,13
9569,,Xamar Jajab,Buundada,5,5,7
9570,,Xamar Jajab,Buundada,0,0,0
9571,,Xamar Jajab,Buundada,0,2,9
9572,,Xamar Jajab,Buundada,10,13,14
9573,,Xamar Jajab,Buundada,13,10,14
9574,,Xamar Jajab,Buundada,10,11,10
9650,,Xamar Jajab,Buundada,8,5,9
9651,,Xamar Jajab,Buundada,10,10,10
9652,,Xamar Jajab,Buundada,1,2,5
9653,,Xamar Jajab,Buundada,3,6,6
9654,,Xamar Jajab,Buundada,18,15,19
9655,,Xamar Jajab,Buundada,27,1,23
9712,,Xamar Jajab,Buundada,11,5,5
9760,,Xamar Jajab,Buundada,0,5,9
9761,,Xamar Jajab,Buundada,10,12,13
9762,,Xamar Jajab,Buundada,17,0,6
9763,,Xamar Jajab,Buundada,11,11,12
9809,,Xamar Jajab,Buundada,10,5,10
9810,,Xamar Jajab,Buundada,7,9,8
9843,,Xamar Jajab,Buundada,7,1,6
9844,,Xamar Jajab,Buundada,5,4,6
9845,,Xamar Jajab,Buundada,12,16,12
9893,,Xamar Jajab,Buundada,0,2,1
9924,,Xamar Jajab,Buundada,10,4,15
9951,,Xamar Jajab,Buundada,1,1,1
9952,,Xamar Jajab,Buundada,6,6,5
9953,,Xamar Jajab,Buundada,2,2,2
9954,,Xamar Jajab,Buundada,1,1,1
9955,,Xamar Jajab,Buundada,11,17,11
9956,,Xamar Jajab,Buundada,6,3,4
9957,,Xamar Jajab,Buundada,1,1,1
9958,,Xamar Jajab,Buundada,14,10,10
10037,,Xamar Jajab,Buundada,9,7,10
10046,,Xamar Jajab,Buundada,12,13,9
10047,,Xamar Jajab,Buundada,3,2,3
10083,,Xamar Jajab,Buundada,10,8,11
10084,,Xamar Jajab,Buundada,3,2,2
10085,,Xamar Jajab,Buundada,1,1,2
10119,,Xamar Jajab,Buundada,23,15,25
10120,,Xamar Jajab,Buundada,7,9,11
10121,,Xamar Jajab,Buundada,8,10,9
10155,,Xamar Jajab,Buundada,3,5,3
10201,,Xamar Jajab,Buundada,3,1,3
10202,,Xamar Jajab,Buundada,11,8,6
10234,,Xamar Jajab,Buundada,15,12,17
10253,,Xamar Jajab,Buundada,7,8,5
10306,,Xamar Jajab,Buundada,12,15,21
10324,,Xamar Jajab,Buundada,2,3,6
10325,,Xamar Jajab,Buundada,7,9,11
10348,,Xamar Jajab,Buundada,3,3,2
10385,,Xamar Jajab,Buundada,7,10,10
10407,,Xamar Jajab,Buundada,3,1,2
10408,,Xamar Jajab,Buundada,5,9,11
10409,,Xamar Jajab,Buundada,13,8,9
10410,,Xamar Jajab,Buundada,1,2,3
10411,,Xamar Jajab,Buundada,15,21,17
10482,,Xamar Jajab,Buundada,1,1,2
10510,,Xamar Jajab,Buundada,1,1,1
10515,,Xamar Jajab,Buundada,10,7,8
10516,,Xamar Jajab,Buundada,1,1,1
10517,,Xamar Jajab,Buundada,10,6,5
10518,,Xamar Jajab,Buundada,1,1,3
10541,,Xamar Jajab,Buundada,10,17,13
10555,,Xamar Jajab,Buundada,3,6,16
10556,,Xamar Jajab,Buundada,17,13,15
10557,,Xamar Jajab,Buundada,0,13,6
10602,,Xamar Jajab,Buundada,6,3,1
10618,,Xamar Jajab,Buundada,12,8,14
10631,,Xamar Jajab,Buundada,14,13,16
10632,,Xamar Jajab,Buundada,3,5,2
10646,,Xamar Jajab,Buundada,6,6,10
10663,,Xamar Jajab,Buundada,20,14,14
10664,,Xamar Jajab,Buundada,0,10,5
10665,,Xamar Jajab,Buundada,0,0,4
10666,,Xamar Jajab,Buundada,4,3,3
10667,,Xamar Jajab,Buundada,0,0,0
10668,,Xamar Jajab,Buundada,0,0,9
10669,,Xamar Jajab,Buundada,7,6,6
10670,,Xamar Jajab,Buundada,1,1,1
10708,,Xamar Jajab,Buundada,15,10,12
10716,,Xamar Jajab,Buundada,12,13,4
10723,,Xamar Jajab,Buundada,4,6,3
10735,,Xamar Jajab,Buundada,5,6,7
10757,,Xamar Jajab,Buundada,7,10,9
10758,,Xamar Jajab,Buundada,1,0,4
10786,,Xamar Jajab,Buundada,5,3,1
10836,,Xamar Jajab,Buundada,4,3,5
10862,,Xamar Jajab,Buundada,13,0,2
10863,,Xamar Jajab,Buundada,3,3,3
10884,,Xamar Jajab,Buundada,4,3,5
10893,,Xamar Jajab,Buundada,2,2,1
10904,,Xamar Jajab,Buundada,4,4,4
10905,,Xamar Jajab,Buundada,9,8,8
10906,,Xamar Jajab,Buundada,9,9,10
10927,,Xamar Jajab,Buundada,0,0,0
10928,,Xamar Jajab,Buundada,0,17,11
10929,,Xamar Jajab,Buundada,2,1,1
10943,,Xamar Jajab,Buundada,0,44,28
10944,,Xamar Jajab,Buundada,4,4,4
10945,,Xamar Jajab,Buundada,19,17,20
10946,,Xamar Jajab,Buundada,7,6,8
10960,,Xamar Jajab,Buundada,7,3,7
10969,,Xamar Jajab,Buundada,4,8,7
10996,,Xamar Jajab,Buundada,4,3,2
10997,,Xamar Jajab,Buundada,4,1,1
10998,,Xamar Jajab,Buundada,4,3,4
10999,,Xamar Jajab,Buundada,2,20,10
11000,,Xamar Jajab,Buundada,12,6,12
11027,,Xamar Jajab,Buundada,16,17,2
11028,,Xamar Jajab,Buundada,11,7,19
11033,,Xamar Jajab,Buundada,7,10,11
11043,,Xamar Jajab,Buundada,18,17,23
11044,,Xamar Jajab,Buundada,8,6,2
11050,,Xamar Jajab,Buundada,15,15,20
11066,,Xamar Jajab,Buundada,4,4,6
11083,,Xamar Jajab,Buundada,15,0,0
11084,,Xamar Jajab,Buundada,6,5,5
11092,,Xamar Jajab,Buundada,12,10,4
11101,,Xamar Jajab,Buundada,4,4,5
11102,,Xamar Jajab,Buundada,4,5,9
11103,,Xamar Jajab,Buundada,12,5,9
11104,,Xamar Jajab,Buundada,3,2,2
11105,,Xamar Jajab,Buundada,15,13,17
11119,,Xamar Jajab,Buundada,9,7,7
11158,,Xamar Jajab,Buundada,3,13,10
11159,,Xamar Jajab,Buundada,14,17,19
11160,,Xamar Jajab,Buundada,0,5,9
11161,,Xamar Jajab,Buundada,9,13,10
11166,,Xamar Jajab,Buundada,4,0,4
11171,,Xamar Jajab,Buundada,18,1,6
11181,,Xamar Jajab,Buundada,0,1,1
11192,,Xamar Jajab,Buundada,9,9,9
11196,,Xamar Jajab,Buundada,5,5,4
11208,,Xamar Jajab,Buundada,8,2,19
11209,,Xamar Jajab,Buundada,18,24,7
11210,,Xamar Jajab,Buundada,0,9,10
11229,,Xamar Jajab,Buundada,14,10,11
11250,,Xamar Jajab,Buundada,3,4,5
11262,,Xamar Jajab,Buundada,3,2,3
11276,,Xamar Jajab,Buundada,5,7,8
11284,,Xamar Jajab,Buundada,19,18,19
11285,,Xamar Jajab,Buundada,17,13,11
11306,,Xamar Jajab,Buundada,6,5,5
11312,,Xamar Jajab,Buundada,7,2,2
11314,,Xamar Jajab,Buundada,9,8,10
11315,,Xamar Jajab,Buundada,19,19,20
11317,,Xamar Jajab,Buundada,3,2,3
11322,,Xamar Jajab,Buundada,10,9,13
11341,,Xamar Jajab,Buundada,4,4,10
11351,,Xamar Jajab,Buundada,7,6,5
11352,,Xamar Jajab,Buundada,1,1,3
11353,,Xamar Jajab,Buundada,2,2,3
11364,,Xamar Jajab,Buundada,3,3,19
11366,,Xamar Jajab,Buundada,14,17,20
11367,,Xamar Jajab,Buundada,13,12,12
11371,,Xamar Jajab,Buundada,15,15,13
11378,,Xamar Jajab,Buundada,7,19,5
11383,,Xamar Jajab,Buundada,0,0,0
11389,,Xamar Jajab,Buundada,12,11,12
11394,,Xamar Jajab,Buundada,5,4,3
11395,,Xamar Jajab,Buundada,11,11,13
11396,,Xamar Jajab,Buundada,9,10,11
11406,,Xamar Jajab,Buundada,11,9,10
11416,,Xamar Jajab,Buundada,10,8,10
11417,,Xamar Jajab,Buundada,12,6,16
11425,,Xamar Jajab,Buundada,15,1,1
11428,,Xamar Jajab,Buundada,8,8,14
11432,,Xamar Jajab,Buundada,19,9,1
11433,,Xamar Jajab,Buundada,6,7,9
11442,,Xamar Jajab,Buundada,9,9,10
11451,,Xamar Jajab,Buundada,5,8,6
11452,,Xamar Jajab,Buundada,2,1,4
11453,,Xamar Jajab,Buundada,3,2,2
11454,,Xamar Jajab,Buundada,8,11,10
11458,,Xamar Jajab,Buundada,14,11,13
11464,,Xamar Jajab,Buundada,10,10,11
11465,,Xamar Jajab,Buundada,19,17,21
11470,,Xamar Jajab,Buundada,13,19,30
11471,,Xamar Jajab,Buundada,5,4,3
11483,,Xamar Jajab,Buundada,12,13,11
11484,,Xamar Jajab,Buundada,13,10,8
11486,,Xamar Jajab,Buundada,7,5,8
11487,,Xamar Jajab,Buundada,13,15,14
11490,,Xamar Jajab,Buundada,6,6,9
11493,,Xamar Jajab,Buundada,11,10,15
11495,,Xamar Jajab,Buundada,13,13,13
11496,,Xamar Jajab,Buundada,9,6,5
11497,,Xamar Jajab,Buundada,2,5,5
11498,,Xamar Jajab,Buundada,15,17,17
11499,,Xamar Jajab,Buundada,5,4,10
11500,,Xamar Jajab,Buundada,9,9,8
11501,,Xamar Jajab,Buundada,9,6,11
11502,,Xamar Jajab,Buundada,0,0,0
11511,,Xamar Jajab,Buundada,0,17,16
11515,,Xamar Jajab,Buundada,9,14,20
11516,,Xamar Jajab,Buundada,8,9,7
11522,,Xamar Jajab,Buundada,22,15,8
11524,,Xamar Jajab,Buundada,8,11,12
11528,,Xamar Jajab,Buundada,13,15,16
11529,,Xamar Jajab,Buundada,9,4,9
11535,,Xamar Jajab,Buundada,19,16,20
11546,,Xamar Jajab,Buundada,0,1,2
11559,,Xamar Jajab,Buundada,9,13,18
11565,,Xamar Jajab,Buundada,7,13,11
11566,,Xamar Jajab,Buundada,6,3,6
11571,,Xamar Jajab,Buundada,15,10,15
11572,,Xamar Jajab,Buundada,10,13,8
11578,,Xamar Jajab,Buundada,0,3,2
11592,,Xamar Jajab,Buundada,6,10,17
11597,,Xamar Jajab,Buundada,8,5,4
11604,,Xamar Jajab,Buundada,17,14,18
11605,,Xamar Jajab,Buundada,5,4,1
11606,,Xamar Jajab,Buundada,13,8,12
11608,,Xamar Jajab,Buundada,18,7,9
11612,,Xamar Jajab,Buundada,25,25,1
11620,,Xamar Jajab,Buundada,3,2,4
11627,,Xamar Jajab,Buundada,6,8,10
11632,,Xamar Jajab,Buundada,16,16,16
11638,,Xamar Jajab,Buundada,13,15,15
11639,,Xamar Jajab,Buundada,4,2,3
11641,,Xamar Jajab,Buundada,5,5,3
11646,,Xamar Jajab,Buundada,5,4,7
11654,,Xamar Jajab,Buundada,1,0,2
11658,,Xamar Jajab,Buundada,62,48,73
11659,,Xamar Jajab,Buundada,18,18,20
11666,,Xamar Jajab,Buundada,13,15,15
11669,,Xamar Jajab,Buundada,6,14,10
11674,,Xamar Jajab,Buundada,6,7,5
11675,,Xamar Jajab,Buundada,4,6,6
11679,,Xamar Jajab,Buundada,14,13,13
11681,,Xamar Jajab,Buundada,11,11,13
11690,,Xamar Jajab,Buundada,9,7,10
11691,,Xamar Jajab,Buundada,0,0,0
11692,,Xamar Jajab,Buundada,22,22,22
11694,,Xamar Jajab,Buundada,0,6,6
11695,,Xamar Jajab,Buundada,23,18,24
11699,,Xamar Jajab,Buundada,12,13,17
11707,,Xamar Jajab,Buundada,3,5,5
11713,,Xamar Jajab,Buundada,8,8,21
11714,,Xamar Jajab,Buundada,20,20,13
11715,,Xamar Jajab,Buundada,11,11,13
11718,,Xamar Jajab,Buundada,6,12,13
11722,,Xamar Jajab,Buundada,12,10,11
11723,,Xamar Jajab,Buundada,18,21,21
11725,,Xamar Jajab,Buundada,0,90,21
11727,,Xamar Jajab,Buundada,0,11,3
11728,,Xamar Jajab,Buundada,12,13,20
11734,,Xamar Jajab,Buundada,31,29,24
11736,,Xamar Jajab,Buundada,2,3,2
11739,,Xamar Jajab,Buundada,17,22,15
11746,,Xamar Jajab,Buundada,9,10,13
11754,,Xamar Jajab,Buundada,8,8,8
11757,,Xamar Jajab,Buundada,7,4,7
11758,,Xamar Jajab,Buundada,10,3,10
11760,,Xamar Jajab,Buundada,19,21,23
11765,,Xamar Jajab,Buundada,14,10,12
11766,,Xamar Jajab,Buundada,19,17,21
11768,,Xamar Jajab,Buundada,20,32,42
11772,,Xamar Jajab,Buundada,9,5,2
11774,,Xamar Jajab,Buundada,0,42,27
11777,,Xamar Jajab,Buundada,0,0,0
11778,,Xamar Jajab,Buundada,27,20,24
11781,,Xamar Jajab,Buundada,17,17,17
11783,,Xamar Jajab,Buundada,7,5,8
11789,,Xamar Jajab,Buundada,8,13,17
11803,,Xamar Jajab,Buundada,14,19,17
11807,,Xamar Jajab,Buundada,4,4,6
11816,,Xamar Jajab,Buundada,24,19,31
11818,,Xamar Jajab,Buundada,0,0,0
11832,,Xamar Jajab,Buundada,4,3,16
11833,,Xamar Jajab,Buundada,17,12,27
11836,,Xamar Jajab,Buundada,10,10,10
11841,,Xamar Jajab,Buundada,11,3,6
11845,,Xamar Jajab,Buundada,15,20,16
11846,,Xamar Jajab,Buundada,0,0,2
11852,,Xamar Jajab,Buundada,15,16,23
11855,,Xamar Jajab,Buundada,12,8,11
11856,,Xamar Jajab,Buundada,8,6,8
11872,,Xamar Jajab,Buundada,36,34,37
11873,,Xamar Jajab,Buundada,8,8,8
11877,,Xamar Jajab,Buundada,30,30,41
11881,,Xamar Jajab,Buundada,5,10,5
11884,,Xamar Jajab,Buundada,24,13,18
11886,,Xamar Jajab,Buundada,18,14,16
11889,,Xamar Jajab,Buundada,9,22,17
11893,,Xamar Jajab,Buundada,22,21,24
11897,,Xamar Jajab,Buundada,5,7,5
11899,,Xamar Jajab,Buundada,7,30,7
11906,,Xamar Jajab,Buundada,6,5,6
11907,,Xamar Jajab,Buundada,22,18,19
11908,,Xamar Jajab,Buundada,8,8,16
11911,,Xamar Jajab,Buundada,14,1,1
11919,,Xamar Jajab,Buundada,8,11,8
11923,,Xamar Jajab,Buundada,0,0,0
11924,,Xamar Jajab,Buundada,22,17,16
11941,,Xamar Jajab,Buundada,30,38,46
11995,,Xamar Jajab,Buundada,12,9,9
11996,,Xamar Jajab,Buundada,18,22,18
12021,,Xamar Jajab,Buundada,8,5,3
12587,,Xamar Jajab,Buundada,0,40,19
12671,,Xamar Jajab,Buundada,36,33,21
12686,,Xamar Jajab,Buundada,0,21,8
12687,,Xamar Jajab,Buundada,0,17,9
12690,,Xamar Jajab,Buundada,0,69,39
12691,,Xamar Jajab,Buundada,8,7,11
12694,,Xamar Jajab,Buundada,2,2,3
12695,,Xamar Jajab,Buundada,17,14,21
12696,,Xamar Jajab,Buundada,23,29,15
12697,,Xamar Jajab,Buundada,13,17,7
12698,,Xamar Jajab,Buundada,12,12,20
12702,,Xamar Jajab,Buundada,0,143,0
12711,,Xamar Jajab,Buundada,0,39,15
12713,,Xamar Jajab,Buundada,0,35,21
12714,,Xamar Jajab,Buundada,13,5,9
12715,,Xamar Jajab,Buundada,0,7,8
12716,,Xamar Jajab,Buundada,1,45,117
12717,,Xamar Jajab,Buundada,0,210,32
12718,,Xamar Jajab,Buundada,0,11,6
12769,,Xamar Jajab,Buundada,20,3,3
12774,,Xamar Jajab,Buundada,6,7,9
12831,,Xamar Jajab,Buundada,0,16,8
12832,,Xamar Jajab,Buundada,0,18,23
12833,,Xamar Jajab,Buundada,0,31,35
12834,,Xamar Jajab,Buundada,0,18,11
12835,,Xamar Jajab,Buundada,0,19,20
12836,,Xamar Jajab,Buundada,0,7,9
12837,,Xamar Jajab,Buundada,0,18,24
12838,,Xamar Jajab,Buundada,0,10,12
12839,,Xamar Jajab,Buundada,0,17,12
12840,,Xamar Jajab,Buundada,0,11,17
12841,,Xamar Jajab,Buundada,0,8,1
12879,,Xamar Jajab,Buundada,0,11,6
12882,,Xamar Jajab,Buundada,0,13,9
12895,,Xamar Jajab,Buundada,0,12,5
12910,,Xamar Jajab,Buundada,0,28,16
12976,,Xamar Jajab,Buundada,0,1,1
12977,,Xamar Jajab,Buundada,0,1,5
12987,,Xamar Jajab,Buundada,0,0,5
13059,,Xamar Jajab,Buundada,0,0,1
13066,,Xamar Jajab,Buundada,0,0,0
13067,,Xamar Jajab,Buundada,0,0,0
